Date,Open,High,Low,Close,Adj Close,Volume
2010-06-01,148.032211,150.070343,142.580673,143.451340,133.503540,24048880
2010-06-02,145.440002,148.378494,143.678894,147.646347,137.407623,28703946
2010-06-03,149.397568,152.761475,149.397568,151.821564,141.293304,24720427
2010-06-04,151.910599,153.523315,149.516281,152.682327,142.094376,17680584
2010-06-07,149.595444,149.595444,144.925522,145.855560,135.741013,27858317
2010-06-08,145.835770,149.694382,144.648499,145.598312,135.501617,26978136
2010-06-09,145.440002,147.359421,143.105057,144.064758,134.074387,33286679
2010-06-10,146.162262,150.871750,144.450623,150.208862,139.792450,24950044
2010-06-11,152.266785,152.939575,149.921936,151.356552,140.860535,26420786
2010-06-14,151.969971,152.919785,149.229370,150.436417,140.004227,17644648
2010-06-15,150.584824,152.167847,148.289444,150.327591,139.902924,16351196
2010-06-16,151.376343,155.927521,151.376343,154.413757,143.705734,26018942
2010-06-17,155.136017,159.390381,153.355118,158.737381,147.729538,23857959
2010-06-18,159.291443,160.676575,156.916916,158.658234,147.655869,20921856
2010-06-21,160.082947,162.922501,159.311234,159.746552,148.668716,19993034
2010-06-22,160.181885,160.181885,156.639877,157.837036,146.891632,15775037
2010-06-23,156.343063,159.667404,155.937408,156.531052,145.676224,17385856
2010-06-24,156.778397,157.866714,154.690781,155.373459,144.598907,15245467
2010-06-25,155.373459,156.125397,151.524750,152.148056,141.597168,17019276
2010-06-28,152.365723,157.085098,152.365723,156.174866,145.344742,12556784
2010-06-29,156.125397,156.125397,151.673157,152.553711,141.974686,14291135
2010-06-30,150.436417,154.710571,150.149490,154.047684,143.365036,17480177
2010-07-01,153.909164,154.364288,150.614502,150.931107,140.464615,12274979
2010-07-02,152.365723,153.523315,150.980576,151.653366,141.136765,12038767
2010-07-05,151.366440,154.295029,150.208862,151.020157,140.547470,16098868
2010-07-06,151.366440,152.721909,150.584824,151.950180,141.412994,14020533
2010-07-07,151.673157,152.345932,148.091568,148.596161,138.291565,12754144
2010-07-08,150.386948,151.594009,149.328308,149.625122,139.249176,11395778
2010-07-09,150.584824,152.860413,150.189072,152.504242,141.928665,15919247
2010-07-12,153.750870,156.956482,152.820847,156.352951,145.510468,22252204
2010-07-13,156.521149,159.232071,155.838470,158.678024,147.674316,14691923
2010-07-14,159.687195,161.230637,157.312668,158.302048,147.324387,13678058
2010-07-15,158.302048,160.676575,156.521149,160.181885,149.073868,15651496
2010-07-16,160.280823,165.395966,160.073059,164.713287,153.291031,26426881
2010-07-19,163.644745,165.010101,162.487167,163.308350,151.983536,9332836
2010-07-20,164.040497,164.832016,160.082947,160.884354,149.727631,8860549
2010-07-21,161.863846,163.427078,161.547241,162.328857,151.071960,9242644
2010-07-22,162.061722,166.217148,161.270218,165.623520,154.138138,13248283
2010-07-23,166.632690,167.592407,164.515411,165.900543,154.395981,13194906
2010-07-26,166.415039,166.454605,161.883636,162.497055,151.228500,8951373
2010-07-27,162.457474,167.790283,162.457474,167.117493,155.528519,14545160
2010-07-28,166.612915,169.877884,166.612915,169.145737,157.416107,14313133
2010-07-29,169.402985,172.005066,167.285690,171.500488,159.607574,18101253
2010-07-30,168.987442,170.333008,166.860260,167.473679,155.860001,10827028
2010-08-02,168.977539,170.748550,166.850357,167.671555,156.044174,11074418
2010-08-03,169.165527,169.383194,166.039063,166.573334,155.022079,14728713
2010-08-04,166.810791,167.800171,165.227768,167.097702,155.510132,7603626
2010-08-05,167.404419,171.510376,166.791000,170.372589,158.557892,14736203
2010-08-06,170.174713,178.445984,169.828415,176.843185,164.579773,34896871
2010-08-09,177.832565,182.393646,177.100418,181.928635,169.312576,21464474
2010-08-10,183.036743,191.347610,175.556976,189.428192,179.215973,81052897
2010-08-11,190.407684,202.725571,190.269165,199.203339,188.464127,82490235
2010-08-12,199.262711,204.447098,196.007629,202.765137,191.833908,34680035
2010-08-13,203.220261,204.803284,199.361649,200.529129,189.718430,19571364
2010-08-16,201.211807,202.359497,196.433060,198.144699,187.462555,13504956
2010-08-17,198.837265,201.597656,197.481812,199.193451,188.454788,20910035
2010-08-18,200.647858,209.453400,200.449966,207.435059,196.252075,33446080
2010-08-19,205.792664,207.771439,204.199753,205.881714,194.782471,15331571
2010-08-20,203.556656,205.396912,200.420288,200.914978,190.083481,20173575
2010-08-23,201.805435,203.061951,199.064835,200.914978,190.083481,12888823
2010-08-24,201.023819,201.835114,199.282501,200.202621,189.409531,9869360
2010-08-25,199.361649,200.539017,194.533432,196.353912,185.768295,15772252
2010-08-26,195.898788,201.429474,195.334839,197.363083,186.723099,30891404
2010-08-27,197.283936,200.232315,195.324951,196.057098,185.487518,12903049
2010-08-30,198.669067,199.836548,193.959595,195.869110,185.309662,13117949
2010-08-31,194.909409,200.825943,194.187149,199.925598,189.147430,32532480
2010-09-01,200.845734,201.736176,198.500885,200.004745,189.222321,14422741
2010-09-02,202.032990,204.199753,200.647858,201.231583,190.383026,13703574
2010-09-03,201.854904,202.873978,199.905807,200.598373,189.783951,5986873
2010-09-06,201.755966,205.792664,201.755966,204.803284,193.762161,10815687
2010-09-07,204.407516,209.849152,204.407516,205.624466,194.539063,11105372
2010-09-08,204.803284,206.524811,203.052063,204.387741,193.369034,7991987
2010-09-09,204.605408,206.465454,199.589203,200.816040,189.989883,11910673
2010-09-13,202.072571,204.704346,201.300842,203.220261,192.264481,12417880
2010-09-14,204.803284,211.333237,202.824509,208.800400,197.543793,28712790
2010-09-15,210.739609,213.509888,201.657028,202.745346,191.815170,32875429
2010-09-16,202.923447,205.990540,201.835114,203.576447,192.601456,18527507
2010-09-17,205.594788,207.355896,203.714951,204.902222,193.855759,14344420
2010-09-20,205.782776,209.967880,205.199036,209.245636,197.965027,13433877
2010-09-21,209.354462,214.697159,208.048477,213.826492,202.298935,24206907
2010-09-22,217.447662,219.446213,209.601807,211.907089,200.483002,15792487
2010-09-23,212.520508,213.707764,210.244919,212.579865,201.119537,11276250
2010-09-24,211.135361,213.183395,210.175659,212.302841,200.857407,8037616
2010-09-27,215.785477,216.675934,211.788361,214.439911,202.879288,11043551
2010-09-28,213.500000,214.697159,211.036423,213.806702,202.280182,8215034
2010-09-29,213.875961,219.614410,213.816605,218.941635,207.138321,20404829
2010-09-30,219.634201,220.633484,214.944504,217.289352,205.575119,15719417
2010-10-01,218.654709,228.548584,217.863205,220.465286,208.579819,34713076
2010-10-04,222.790344,226.965561,217.665314,225.392441,213.241348,17769624
2010-10-05,226.559921,226.599487,223.245468,224.462418,212.361450,10861094
2010-10-06,226.362045,227.737289,224.591034,225.323181,213.175827,14441525
2010-10-07,225.580429,227.163437,221.157867,223.344406,211.303711,9498570
2010-10-08,224.472305,225.511169,216.280182,218.249054,206.483063,13647423
2010-10-11,221.227112,229.290634,218.852585,227.875809,215.590851,13036338
2010-10-12,227.727402,230.507568,226.658859,228.865189,216.526871,14779922
2010-10-13,228.865189,233.990219,227.331635,232.773270,220.224274,13505826
2010-10-14,233.099777,236.463684,231.823456,234.138626,221.516037,13352852
2010-10-15,234.287033,235.434723,227.697708,228.756363,216.423935,9338355
2010-10-18,226.569809,233.050308,224.046875,231.308975,218.838913,15690758
2010-10-19,233.495529,235.078552,231.516754,232.337936,219.812408,10234859
2010-10-20,231.496964,232.901901,228.152832,229.072968,216.723450,7828280
2010-10-21,230.527359,233.188812,229.735855,230.942902,218.492584,10193262
2010-10-22,232.189529,232.516037,226.599487,227.331635,215.076004,10673084
2010-10-25,228.607956,235.454514,228.607956,234.613541,221.965332,9469365
2010-10-26,234.643219,237.453079,233.208603,236.414215,223.668930,14224144
2010-10-27,235.474304,237.848831,234.188095,236.671463,223.912308,8511909
2010-10-28,237.453079,239.431854,234.534378,235.988785,223.266449,16175042
2010-10-29,235.988785,236.800079,225.798096,229.340103,216.976181,10778624
2010-11-01,233.416382,234.455231,230.190964,231.635483,219.147827,7876703
2010-11-02,232.545715,232.704010,226.579712,228.400177,216.086929,11642340
2010-11-03,229.923843,235.850266,229.874374,234.593750,221.946609,8046298
2010-11-04,236.443909,245.368179,233.099777,244.190811,231.026306,18715401
2010-11-08,247.346954,253.263489,245.872772,251.156097,237.616058,14387391
2010-11-09,253.471268,256.053558,249.652237,251.284714,237.737747,19715842
2010-11-10,266.343201,266.738953,256.686768,257.735535,243.840790,28740933
2010-11-11,261.000519,261.831604,250.255753,252.481873,238.870361,19481339
2010-11-12,250.315125,255.440155,245.684784,246.604919,233.310272,15998145
2010-11-15,246.753326,248.890396,242.202133,247.782288,234.424149,14427209
2010-11-16,250.315125,250.414063,234.959824,238.551300,225.690826,18540530
2010-11-18,241.014877,244.774551,232.783173,243.537811,230.408478,25559314
2010-11-19,245.368179,246.357574,232.901901,235.276428,222.592484,16342448
2010-11-22,238.640350,244.121552,235.682068,242.934280,229.837479,10901483
2010-11-23,241.014877,243.270676,233.732986,240.124420,227.179138,17503687
2010-11-24,240.638901,249.464249,238.462250,241.183075,228.180710,20702923
2010-11-25,243.488342,247.327164,237.462967,238.600769,225.737610,18600774
2010-11-26,239.827606,240.995087,225.184662,230.814285,218.370911,23512958
2010-11-29,230.705460,236.295486,226.569809,234.682785,222.030838,11346172
2010-11-30,232.516037,246.209167,230.200867,244.368896,231.194778,18689167
2010-12-01,243.389404,257.834473,242.647369,254.618958,240.892242,30293120
2010-12-02,257.003387,262.880341,256.409760,261.228058,247.145050,28966482
2010-12-03,260.406860,266.481720,257.824585,260.149628,246.124756,28659135
2010-12-06,262.187775,273.466797,261.801910,268.688049,254.202866,44883612
2010-12-07,267.154510,267.589844,259.654938,264.245697,249.999954,24262518
2010-12-08,263.572906,266.521301,256.449310,264.384216,250.131042,37380826
2010-12-09,264.572205,265.155945,249.127853,252.066330,238.477249,27527774
2010-12-10,250.710876,250.908752,239.827606,246.872055,233.562988,22295766
2010-12-13,248.534225,256.014008,247.980164,252.729233,239.104385,16594175
2010-12-14,254.668427,260.208984,250.968109,258.418213,244.486679,19158776
2010-12-15,257.794891,264.166534,255.281845,261.772217,247.659866,18236064
2010-12-16,261.000519,270.775665,255.509399,266.541077,252.171616,19317192
2010-12-20,263.572906,269.885223,261.693085,267.332581,252.920471,14196879
2010-12-21,267.332581,269.885223,263.731232,267.134705,252.733292,10812054
2010-12-22,268.341766,271.369293,266.541077,270.132568,255.569519,12828124
2010-12-23,269.311371,271.982727,264.324860,267.678864,253.248093,10304407
2010-12-24,265.551697,266.936829,257.656372,258.457794,244.524109,16127932
2010-12-27,258.032349,261.376465,255.826004,257.458496,243.578690,8742582
2010-12-28,258.329163,258.665558,249.968842,251.086838,237.550537,18243573
2010-12-29,251.304504,253.263489,247.742706,252.066330,238.477249,15456785
2010-12-30,252.096024,258.230225,251.937714,257.270508,243.400848,14592932
2010-12-31,258.428101,260.387085,256.449310,258.893097,244.935959,8846131
2011-01-03,262.722046,264.166534,257.478302,258.912903,244.954681,8480698
2011-01-04,259.991333,261.317108,254.282562,256.924225,243.073212,11792059
2011-01-05,257.240845,259.199829,252.491776,253.837341,240.152756,7965283
2011-01-06,255.103760,257.418915,247.020462,249.523605,236.071594,11030563
2011-01-07,249.325729,249.988617,229.537979,235.513885,222.817139,21823221
2011-01-10,235.672180,238.818436,229.023499,232.842529,220.289810,24076605
2011-01-11,234.267242,237.235413,225.689255,229.152115,216.798325,21430559
2011-01-12,233.495529,242.024048,232.704010,241.014877,228.021576,24175519
2011-01-13,241.608505,246.743423,239.827606,244.715179,231.522400,28974199
2011-01-14,242.400024,242.400024,231.912506,233.970428,221.356903,17378776
2011-01-17,234.969711,235.078552,228.647522,233.267960,220.692307,12138596
2011-01-18,234.484909,239.154831,233.891281,237.364029,224.567520,14289937
2011-01-19,238.996521,239.016312,234.148529,236.018463,223.294510,12275924
2011-01-20,234.465134,237.848831,229.963409,236.404327,223.659576,11811864
2011-01-21,235.474304,238.244583,231.981766,234.959824,222.292969,10804575
2011-01-24,234.959824,237.017746,232.525925,235.137909,222.461441,6420389
2011-01-25,237.215622,237.215622,229.518188,230.725235,218.286667,12718970
2011-01-27,233.881393,237.354141,231.714630,236.631882,223.874847,21052972
2011-01-28,235.078552,235.454514,222.018631,227.618561,215.347458,15697246
2011-01-31,220.633484,229.340103,220.059647,226.975464,214.739044,12785820
2011-02-01,227.846115,227.846115,210.343857,211.541016,200.136658,25801333
2011-02-02,215.152283,223.383987,213.173508,220.485077,208.598541,22464911
2011-02-03,217.625748,230.428421,216.478058,228.904770,216.564316,14176336
2011-02-04,227.608673,235.464401,225.580429,227.727402,215.450424,24900735
2011-02-07,225.798096,229.508301,219.802399,226.836945,214.607971,17675020
2011-02-08,227.559204,229.102646,218.506302,220.089325,208.224121,15107437
2011-02-09,217.665314,221.187546,208.266144,212.441360,200.988464,24693875
2011-02-10,212.916260,221.009445,212.441360,218.160019,206.398849,15376154
2011-02-11,219.327499,231.516754,217.417969,226.114700,213.924683,18418788
2011-02-14,236.166870,241.766815,235.840378,239.283447,226.383484,22358249
2011-02-15,240.203583,246.931412,237.819153,244.843811,231.644073,20341477
2011-02-16,244.180908,246.298203,240.886261,245.061462,231.849991,8898446
2011-02-17,243.775269,248.227509,242.439590,247.069931,233.750183,8783062
2011-02-18,247.149078,248.910187,237.670746,238.551300,225.690826,13037718
2011-02-21,238.442459,239.174606,224.670181,229.884262,217.491013,22259966
2011-02-22,227.559204,228.350708,222.157135,224.957108,212.829483,12652636
2011-02-23,224.591034,230.131607,223.621429,226.352142,214.149307,10373475
2011-02-24,225.382553,225.956390,205.525528,208.642105,197.394043,27479492
2011-02-25,214.103531,222.612259,212.233582,219.782608,207.933960,23675008
2011-02-28,220.633484,222.889282,208.760834,214.251938,202.701431,32936017
2011-03-01,217.467438,226.767685,217.101364,225.946503,213.765533,16617058
2011-03-03,225.145096,234.425552,221.622879,232.802948,220.252350,24321630
2011-03-04,236.206451,236.364746,230.705460,232.654541,220.111923,16747431
2011-03-07,228.548584,228.548584,221.820755,223.195999,211.163330,15032881
2011-03-08,222.810135,230.507568,222.612259,229.963409,217.565903,11187862
2011-03-09,231.773987,232.802948,228.152832,230.190964,217.781174,8613937
2011-03-10,230.745026,232.486343,227.757080,230.527359,218.099457,9448044
2011-03-11,228.746460,231.912506,223.997406,230.052460,217.650146,10636263
2011-03-14,228.548584,233.436157,225.619995,232.664444,220.121307,7874601
2011-03-15,225.639786,229.528076,223.334518,225.995972,213.812332,9013856
2011-03-16,227.954956,232.387405,226.945786,230.824173,218.380249,9036527
2011-03-17,227.163437,230.012878,224.106232,225.570526,213.409836,9032721
2011-03-18,228.152832,228.152832,220.237732,221.118286,209.197586,12633716
2011-03-21,223.423553,224.274429,220.673065,221.860321,209.899643,9665340
2011-03-22,223.621429,226.312576,223.621429,224.808701,212.689087,10590215
2011-03-23,223.908356,226.510452,222.820038,224.967010,212.838852,8258485
2011-03-24,226.787476,229.913940,226.609390,229.003708,216.657944,5973436
2011-03-25,231.694839,235.850266,229.795212,234.257355,221.628357,8578910
2011-03-28,235.870056,242.973862,235.355576,242.202133,229.144806,10631114
2011-03-29,243.666428,246.555450,239.926544,245.259354,232.037231,10904318
2011-03-30,245.664993,249.068497,245.091156,247.149078,233.825073,8188538
2011-03-31,248.316559,249.503815,241.608505,247.020462,233.703384,12968559
2011-04-01,245.566055,247.327164,244.250168,245.724365,232.477158,6426352
2011-04-04,245.368179,248.929977,244.774551,248.178040,234.798553,6545193
2011-04-05,249.028915,254.252884,246.169586,253.352539,239.694077,9861795
2011-04-06,254.737686,257.972992,252.956787,256.983582,243.129410,12918993
2011-04-07,255.212585,257.636597,252.590714,255.440155,241.669174,7981152
2011-04-08,254.074799,254.806946,246.575241,247.999954,234.630066,6889310
2011-04-11,244.972427,247.327164,239.580261,241.321579,228.311737,6465806
2011-04-13,239.392273,247.871338,238.422684,247.119400,233.796997,10990760
2011-04-15,247.149078,251.106628,243.092590,244.546982,231.363266,7786713
2011-04-18,244.863586,249.879791,237.650955,238.610657,225.746964,8936854
2011-04-19,237.235413,240.213470,235.147797,237.710312,224.895157,8257848
2011-04-20,240.361877,248.445175,240.243149,247.693237,234.339890,9279930
2011-04-21,248.296768,248.929977,243.983032,246.110214,232.842224,6037869
2011-04-25,244.606354,248.732101,244.606354,245.872772,232.617569,3600964
2011-04-26,245.566055,250.710876,242.301071,249.582977,236.127747,5786749
2011-04-27,249.127853,251.858566,246.575241,247.248016,233.918655,6580068
2011-04-28,248.138474,248.979446,243.003540,243.844528,230.698685,6905431
2011-04-29,243.191528,256.577942,240.223358,244.744873,231.550491,6356607
2011-05-02,245.664993,246.159698,241.163284,242.469269,229.397552,5867512
2011-05-03,241.816284,242.766083,227.163437,230.151398,217.743744,10442426
2011-05-04,230.131607,232.684235,225.422119,229.399460,217.032364,8152829
2011-05-05,229.537979,232.466568,223.799530,225.016479,212.885651,5394325
2011-05-06,227.519623,239.036102,226.757797,237.443192,224.642426,11239677
2011-05-09,237.255203,237.927979,231.299088,232.872208,220.317886,6402004
2011-05-10,232.704010,238.135757,231.714630,234.732254,222.077652,7554666
2011-05-11,234.682785,240.421234,233.742874,239.758347,226.832779,8956174
2011-05-12,237.037537,241.410629,234.000107,234.880676,222.218079,9508238
2011-05-13,236.186661,244.220490,234.910355,239.639618,226.720459,10128121
2011-05-16,237.453079,241.371048,234.504700,240.569656,227.600342,12026138
2011-05-17,239.629730,241.014877,233.218491,235.276428,222.592484,7890571
2011-05-18,235.128021,235.266525,226.124588,227.391006,215.132202,12912545
2011-05-19,228.370499,230.675766,225.986069,227.727402,215.450424,10150008
2011-05-20,227.796646,233.871490,227.796646,231.249619,218.782761,7206966
2011-05-23,228.350708,228.350708,222.236298,223.492813,211.444138,9471877
2011-05-24,223.423553,225.966278,220.029953,221.988953,210.021332,10603819
2011-05-25,221.721817,225.966278,221.642654,224.353577,212.258499,9051142
2011-05-26,225.817871,231.259506,225.649673,230.012878,217.612686,14230926
2011-05-27,232.506134,232.506134,214.103531,215.458984,203.843430,36507473
2011-05-30,216.666046,218.001709,212.292938,213.183395,201.690521,14337441
2011-05-31,213.935333,217.685104,212.856903,216.735291,205.050919,21812058
2011-06-01,216.873810,217.071686,212.837112,213.687988,202.167892,12190917
2011-06-02,211.728989,211.728989,206.227997,207.415268,196.233353,13160850
2011-06-03,207.375687,209.354462,200.697327,202.587051,191.665405,18193522
2011-06-06,200.153152,204.170074,199.905807,202.567261,191.646698,10494787
2011-06-07,201.241486,204.565826,200.974350,203.259842,192.301941,10702375
2011-06-08,202.408966,206.514923,202.032990,203.526962,192.554642,10460791
2011-06-09,203.616013,204.001877,198.550354,202.062668,191.169327,15309118
2011-06-10,202.507904,202.695877,200.054214,201.755966,190.879120,10366693
2011-06-13,201.043610,201.587769,198.688858,199.915710,189.138092,9117445
2011-06-14,199.559525,199.836548,194.147568,194.711517,184.214462,18158005
2011-06-15,194.711517,197.501602,192.772324,196.719986,186.114639,17065451
2011-06-16,195.404099,197.679688,193.949692,194.642273,184.148941,8892139
2011-06-17,196.284653,196.413269,193.168076,194.108002,183.643478,7010420
2011-06-20,194.216827,194.701630,183.145584,184.224014,174.292343,12139966
2011-06-21,185.609161,187.934219,184.026138,185.252975,175.265839,15616489
2011-06-22,186.994293,187.103134,183.501755,185.193619,175.209686,10873971
2011-06-23,185.015518,188.369553,183.284088,186.994293,176.913284,14139804
2011-06-24,187.637405,192.416138,187.637405,191.238770,180.928925,12766323
2011-06-27,189.368835,194.790680,188.033157,193.474792,183.044418,10943666
2011-06-28,194.711517,195.997726,191.505905,194.850037,184.345535,8802407
2011-06-29,196.076874,200.400497,195.572296,197.313614,186.676270,15611249
2011-06-30,197.481812,198.649292,194.187149,196.729874,186.124039,12195990
2011-07-01,199.856339,199.856339,195.107285,196.828812,186.217606,9831675
2011-07-04,199.658463,202.794815,198.570129,200.182831,189.390823,10758485
2011-07-05,201.835114,203.497284,199.658463,201.033707,190.195816,11706177
2011-07-06,201.657028,205.387024,200.163055,204.902222,193.855759,12015444
2011-07-07,204.427307,209.384140,203.220261,208.849869,197.590576,13654837
2011-07-08,209.156586,212.579865,206.979935,208.562958,197.319168,9533475
2011-07-11,208.562958,210.343857,206.940353,208.335388,197.103851,5947490
2011-07-12,205.001160,206.287354,198.866959,202.804718,191.871353,10584332
2011-07-13,203.418137,207.474625,202.824509,206.920563,195.765320,7318116
2011-07-14,205.792664,214.004593,204.872543,211.353027,199.958817,11520113
2011-07-15,210.047028,210.145981,203.675385,204.417419,193.397079,8878692
2011-07-18,204.803284,207.068985,200.252090,200.806152,189.980545,8426639
2011-07-19,198.075439,198.303009,193.524261,194.701630,187.908478,15781460
2011-07-20,195.898788,197.016800,190.773758,191.713684,185.024780,9583774
2011-07-21,192.515076,194.899506,190.506622,193.326385,186.581192,6784341
2011-07-22,195.305161,198.866959,193.999161,197.274033,190.391129,10848728
2011-07-25,196.690292,200.232315,195.324951,199.143982,192.195847,6866089
2011-07-26,199.440796,200.469757,191.080475,192.544769,185.826859,9788931
2011-07-27,192.930634,193.494583,187.647293,189.507339,182.895401,8775628
2011-07-28,188.359650,191.149734,187.083344,188.122208,181.558594,8238114
2011-07-29,187.766022,189.151169,186.004913,187.607712,181.062073,6880178
2011-08-01,188.973068,191.337708,188.112305,190.259277,183.621109,5798914
2011-08-02,188.982971,190.536301,187.983688,189.250107,182.647141,8020515
2011-08-03,186.994293,186.994293,182.304596,183.660065,177.252136,9026071
2011-08-04,182.581635,183.749100,180.137848,180.850204,174.540329,18964954
2011-08-05,173.934372,176.506790,172.153488,176.031876,169.890106,12329189
2011-08-08,172.361252,172.549240,163.001648,163.783264,158.068863,15712513
2011-08-09,156.916916,162.457474,155.145905,157.124680,151.642593,25192785
2011-08-10,163.150055,168.077209,161.468094,167.048233,161.219894,15591080
2011-08-11,164.040497,170.758438,161.665970,167.998047,162.136581,19839717
2011-08-12,168.383911,168.383911,156.936691,158.302048,152.778870,26623265
2011-08-16,160.696365,162.239822,157.322556,158.608765,153.074890,11608592
2011-08-17,158.104172,158.331726,152.781265,154.116943,148.739807,12842158
2011-08-18,155.670273,155.789001,147.992630,148.813828,143.621689,12730058
2011-08-19,145.885239,146.389816,138.939728,140.958084,136.040054,28247800
2011-08-22,141.571503,146.844940,138.514297,145.835770,140.747543,22426448
2011-08-23,145.440002,147.794754,141.482452,143.975723,138.952377,18259149
2011-08-24,143.856995,145.796188,137.534805,138.662704,133.824753,18160077
2011-08-25,140.700836,142.828033,139.543259,141.334045,136.402878,17495480
2011-08-26,141.502243,144.915634,137.247879,138.217484,133.395050,15389329
2011-08-29,140.888824,145.717041,140.493073,144.579239,139.534851,17960125
2011-08-30,147.517731,148.091568,143.827301,146.884521,141.759720,16232188
2011-09-02,149.991196,151.039948,146.825150,149.348099,144.137314,19816233
2011-09-05,148.012421,150.189072,146.686646,149.041382,143.841309,10451048
2011-09-06,148.051987,153.078079,148.051987,151.534637,146.247574,19074648
2011-09-07,152.613068,154.473114,149.229370,152.187637,146.877792,14902265
2011-09-08,153.186920,156.916916,152.167847,156.451889,150.993271,13366123
2011-09-09,156.600311,156.600311,150.485886,151.356552,146.075699,10160626
2011-09-12,144.401154,147.616669,141.977158,144.796906,139.744919,11310876
2011-09-13,145.736832,146.627274,136.090302,138.118546,133.299561,16215981
2011-09-14,139.503677,142.125565,138.514297,140.987762,136.068695,11644242
2011-09-15,141.482452,150.782700,140.047852,149.595444,144.376053,13412005
2011-09-16,152.217316,161.764908,150.782700,160.132416,154.545380,33598796
2011-09-19,158.302048,162.952179,156.125397,159.984009,154.402176,16555452
2011-09-20,159.736664,165.029892,159.736664,164.436249,158.699051,14652145
2011-09-21,163.248993,165.128830,161.764908,163.100586,157.409973,11410808
2011-09-22,158.994629,159.835602,151.969971,153.008820,147.670319,11588731
2011-09-23,148.902863,150.189072,144.450623,145.291595,140.222351,21565164
2011-09-26,145.934708,146.924088,140.740417,145.192657,140.126892,9238603
2011-09-27,149.743851,155.333893,149.001801,154.097153,148.720688,11703282
2011-09-28,155.234955,158.005234,151.574219,154.393967,149.007156,13007360
2011-09-29,151.871033,161.121811,149.595444,159.192505,153.638260,20271766
2011-09-30,158.598862,161.171280,153.602463,154.393967,149.007156,12077181
2011-10-03,152.365723,155.729645,150.733231,151.969971,146.667725,7956053
2011-10-04,150.584824,150.980576,143.213882,145.143188,140.079132,17778524
2011-10-05,146.627274,150.238541,145.093719,145.835770,140.747543,8976242
2011-10-07,151.425812,158.648331,151.425812,157.461075,151.967239,15888950
2011-10-10,157.312668,170.619934,157.213730,168.937973,163.043701,20441091
2011-10-11,170.867279,176.061569,169.531601,174.874298,168.772934,23070737
2011-10-12,174.132263,187.983688,168.839035,178.831848,172.592377,27429984
2011-10-13,181.453720,184.224014,172.895523,173.983856,167.913544,18865685
2011-10-14,172.153488,179.326538,171.906128,178.139282,171.923996,15041251
2011-10-17,181.057968,189.170959,181.057968,186.103851,179.610672,24399749
2011-10-18,182.245239,182.690460,175.913162,179.326538,173.069809,15186937
2011-10-19,181.948425,186.252258,181.948425,184.966049,178.512573,12285365
2011-10-20,180.513809,182.542053,178.831848,181.156906,174.836319,13764843
2011-10-21,182.838867,183.630386,175.270050,176.259445,170.109726,12452690
2011-10-24,180.711685,185.460754,180.711685,184.174545,177.748672,13060616
2011-10-25,186.004913,191.347610,182.838867,189.764587,183.143661,16613851
2011-10-28,195.651443,205.792664,195.156754,204.605408,197.466690,18062425
2011-10-31,203.319199,203.319199,195.651443,196.344009,189.493561,13437473
2011-11-01,193.029572,200.301559,189.764587,191.397079,184.719208,20701234
2011-11-02,188.280502,194.810455,186.103851,190.061401,183.430130,23264805
2011-11-03,188.973068,190.209808,183.432495,186.697479,180.183578,22020039
2011-11-04,191.446548,191.644424,183.778793,186.103851,179.610672,18172797
2011-11-08,187.488998,188.676254,183.284088,187.686874,181.138458,12369112
2011-11-09,189.368835,189.912994,181.849487,182.789398,176.411865,14049057
2011-11-11,182.096832,186.153320,178.584503,179.524414,173.260803,18714170
2011-11-14,182.096832,183.531448,174.280670,175.913162,169.775543,15936797
2011-11-15,171.906128,182.542053,170.075760,179.326538,173.069809,22496796
2011-11-16,180.068588,181.849487,175.863693,180.365402,174.072418,16710245
2011-11-17,180.068588,181.057968,171.955597,173.291275,167.245132,12718626
2011-11-18,170.174713,170.174713,165.178299,168.492752,162.614014,13024356
2011-11-21,167.453888,167.453888,158.450455,159.835602,154.258926,13593370
2011-11-22,161.270218,173.340744,161.270218,170.619934,164.666992,23977749
2011-11-23,168.195923,169.333725,163.793152,166.563446,160.752029,14250198
2011-11-24,165.128830,173.093399,162.408005,171.213562,165.239899,19639212
2011-11-25,167.750702,177.891937,167.750702,170.026291,164.094055,20140276
2011-11-28,172.648178,181.008499,172.005066,179.920181,173.642731,15485331
2011-11-29,178.930786,179.870712,173.835434,175.566864,169.441330,13421718
2011-11-30,172.648178,174.528015,167.750702,170.966217,165.001190,15219712
2011-12-01,179.079193,183.481979,178.980255,181.057968,174.740829,16657469
2011-12-02,180.068588,190.704498,179.821243,189.863525,183.239182,15915130
2011-12-05,188.824661,192.534866,187.192169,189.566711,182.952713,11551076
2011-12-07,188.973068,193.672668,187.983688,189.368835,182.761749,12558395
2011-12-08,188.231033,189.467773,183.877731,186.549072,180.040375,12275776
2011-12-09,181.750549,183.729324,178.188751,181.057968,174.740829,15030855
2011-12-12,185.064987,185.807037,174.330139,175.467926,169.345825,14557815
2011-12-13,172.648178,180.414871,172.400833,177.001480,170.825882,14435173
2011-12-14,174.973236,179.771774,174.330139,175.220581,169.107117,14651520
2011-12-15,173.142868,174.132263,165.722458,170.817810,164.857925,18271794
2011-12-16,173.538620,177.842468,168.492752,170.570465,164.619247,16090287
2011-12-19,170.174713,178.386627,167.453888,177.891937,171.685257,20733578
2011-12-20,178.089813,178.831848,172.005066,173.043930,167.006409,14724475
2011-12-21,177.842468,179.969650,172.846054,175.121643,169.011627,21303228
2011-12-22,173.142868,182.492584,171.658783,181.651611,175.313766,12456091
2011-12-23,182.937805,185.361816,180.761154,182.987274,176.602829,10706784
2011-12-26,184.026138,186.648010,183.135681,184.768173,178.321594,7173974
2011-12-27,184.026138,184.421890,178.930786,180.167526,173.881470,6266197
2011-12-28,179.079193,181.552673,176.952011,178.287689,172.067215,8871334
2011-12-29,176.506790,180.563278,176.209976,177.248825,171.064590,10089218
2011-12-30,178.584503,181.849487,174.923767,176.803604,170.634918,9387655
2012-01-02,179.029724,183.086212,176.902542,181.997894,175.647980,10175802
2012-01-03,184.273483,192.732742,184.224014,191.891769,185.196640,15868503
2012-01-04,191.792831,200.351028,190.951843,199.064835,192.119461,22752471
2012-01-05,198.817490,203.566544,198.075439,199.955276,192.978836,21640778
2012-01-06,197.877563,202.824509,196.393478,201.439362,194.411118,13553191
2012-01-07,null,null,null,null,null,null
2012-01-09,199.707932,200.548904,196.096664,198.471191,191.546509,11603434
2012-01-10,198.866959,204.259109,198.866959,202.923447,195.843414,11914873
2012-01-11,204.011765,205.100098,199.608994,202.725571,195.652435,15624783
2012-01-12,200.845734,207.276749,200.400497,204.011765,196.893784,12188062
2012-01-13,207.919846,210.937485,204.308578,206.584183,199.376450,19211059
2012-01-16,203.813889,212.322632,201.785645,211.481644,204.103043,21707417
2012-01-17,215.686539,219.050461,213.856171,215.092911,207.588303,24063235
2012-01-18,215.043442,217.615845,210.393326,211.580582,204.198502,24532641
2012-01-19,214.697159,217.912674,214.103531,216.131775,208.590912,14566560
2012-01-20,217.566376,218.951523,213.312012,216.774872,209.211563,10653576
2012-01-23,218.555771,220.880829,215.290787,216.774872,209.211563,9225387
2012-01-24,218.654709,222.117569,214.202469,219.594635,211.932938,13943106
2012-01-25,220.633484,231.863037,220.336670,228.499115,220.526764,22641750
2012-01-27,232.110382,238.838226,230.131607,237.304672,229.025085,26387260
2012-01-30,235.672180,236.166870,228.944336,231.417816,223.343628,17473960
2012-01-31,232.605072,242.944183,232.605072,241.163284,232.749069,13113944
2012-02-01,241.262222,249.127853,240.817001,245.763931,237.189194,20475253
2012-02-02,249.820419,250.018311,242.350555,243.834625,235.327194,17569303
2012-02-03,244.626144,247.346954,238.096176,245.021896,236.473038,14121308
2012-02-06,247.841644,250.315125,243.043121,249.078384,240.388016,11866463
2012-02-07,252.046555,252.046555,245.467117,247.693237,239.051193,12778968
2012-02-08,249.226791,250.710876,242.944183,247.940582,239.289917,10246037
2012-02-09,246.555450,256.103027,245.961807,254.569489,245.687531,16813705
2012-02-10,253.975861,259.120667,252.788589,254.618958,245.735275,15829072
2012-02-13,254.569489,258.032349,251.057159,255.558868,246.642410,10942166
2012-02-14,256.696686,269.806061,256.201965,265.106476,255.856888,21793874
2012-02-15,275.742401,289.593811,275.049805,284.795288,274.858765,37216737
2012-02-16,279.996765,281.282959,271.389069,272.972107,263.448090,22926916
2012-02-17,278.413727,280.491455,268.272522,271.042786,261.586060,17046866
2012-02-21,272.279541,273.071045,266.689484,268.420929,259.055695,18509808
2012-02-22,269.113495,273.071045,263.078217,265.601166,256.334290,19514897
2012-02-23,265.155945,270.844910,262.880341,265.601166,256.334290,17424076
2012-02-24,267.134705,268.866150,260.406860,262.632996,253.469711,9397628
2012-02-27,265.057007,265.057007,252.640182,257.191376,248.217941,13464090
2012-02-28,259.664825,272.526886,259.219604,270.449158,261.013214,14977178
2012-02-29,273.071045,275.841339,264.463379,268.074646,258.721497,13142282
2012-03-01,267.035767,270.993317,262.583527,264.364441,255.140732,10340977
2012-03-02,266.640015,269.113495,261.841492,264.809662,255.570389,11080128
2012-03-03,null,null,null,null,null,null
2012-03-05,264.166534,272.675293,263.424500,271.240662,261.777069,13871949
2012-03-06,271.191193,276.039215,261.198395,264.166534,254.949753,11683494
2012-03-07,262.187775,266.936829,259.615356,265.106476,255.856888,8605146
2012-03-09,269.360840,278.957886,269.360840,277.671692,267.983673,12104133
2012-03-12,279.996765,283.855377,274.109894,281.184021,271.373505,12373643
2012-03-13,283.113312,284.547943,279.353638,279.996765,270.227631,9553515
2012-03-14,283.459625,288.901245,282.816498,286.922455,276.911682,10136227
2012-03-15,286.872986,291.028442,281.678711,287.367706,277.341431,9871044
2012-03-16,285.438385,294.689178,279.650482,283.657501,273.760651,16463280
2012-03-19,284.498474,289.395935,278.364258,280.441986,270.657288,9453260
2012-03-20,280.689331,282.915436,266.788422,268.519867,259.151184,18382920
2012-03-21,268.965088,274.505646,261.297333,273.169983,263.639038,23277086
2012-03-22,271.438538,279.403137,265.155945,267.233643,257.909851,14674460
2012-03-23,269.113495,272.675293,264.809662,269.806061,260.392487,12244453
2012-03-26,269.806061,269.806061,263.473969,265.551697,256.286591,10809962
2012-03-27,270.003937,272.576355,262.979279,269.904999,260.487976,11072644
2012-03-28,269.014557,269.756592,265.650635,268.272522,258.912476,7597363
2012-03-29,265.996918,271.092255,264.364441,269.064026,259.676331,9912451
2012-03-30,272.081665,273.664673,270.003937,272.329010,262.827423,6411121
2012-04-02,276.929657,277.028595,272.774231,273.862549,264.307465,8010959
2012-04-03,275.544495,279.007355,272.378479,278.265320,268.556641,8305886
2012-04-04,277.028595,278.809479,274.357239,275.593964,265.978485,4834356
2012-04-09,274.060425,275.890808,270.795441,272.675293,263.161621,3980653
2012-04-10,273.169983,281.678711,272.576355,280.738800,270.943756,8246056
2012-04-11,278.166382,283.410156,277.721161,280.046234,270.275421,9951166
2012-04-12,282.222870,284.646881,280.986145,283.162781,273.283203,5723171
2012-04-13,284.943695,291.473663,283.954315,286.229889,276.243317,7798081
2012-04-16,286.675110,298.696198,283.805908,297.508911,287.128784,12367613
2012-04-17,300.773895,301.713806,293.501892,298.152008,287.749451,14091462
2012-04-18,300.279205,307.946960,299.784515,306.462891,295.770355,17069529
2012-04-19,308.045898,316.900909,306.314484,315.862061,304.841644,15746331
2012-04-20,314.328522,317.346130,309.183685,313.289642,302.358948,9064027
2012-04-23,313.141235,316.505157,305.374542,306.462891,295.770355,7917321
2012-04-24,306.215546,310.915131,305.770294,308.540588,297.775604,6222982
2012-04-25,309.529968,312.102386,305.968170,310.618317,299.780853,8708476
2012-04-26,312.547607,312.547607,307.056519,308.787933,298.014313,6841205
2012-04-27,309.480499,310.370972,304.434631,309.332092,298.539520,5664196
2012-04-30,306.710236,314.130646,306.660767,313.190704,302.263458,4698115
2012-05-02,309.628906,309.628906,300.427612,301.268585,290.757324,10281065
2012-05-03,300.922302,301.763275,296.222717,297.756256,287.367554,10155565
2012-05-04,295.332275,300.477081,292.166229,298.597260,288.179138,11727629
2012-05-07,294.738647,306.710236,288.456024,305.127197,294.481262,13212481
2012-05-08,304.731445,306.265015,291.869415,293.254547,283.022858,10848195
2012-05-09,288.851776,294.144989,286.328827,289.742218,279.633087,11324380
2012-05-10,290.929504,293.996582,284.053253,286.130951,276.147827,6723272
2012-05-11,284.993164,298.696198,284.993164,294.342865,284.073212,8032875
2012-05-14,295.826965,297.459442,282.618622,287.516113,277.484619,7124356
2012-05-15,284.943695,289.395935,281.629242,287.268768,277.245911,9218412
2012-05-16,273.961487,274.109894,264.908600,266.145325,256.859497,23292626
2012-05-17,265.749573,272.972107,260.852112,268.272522,258.912476,13815822
2012-05-18,262.187775,263.869720,253.283279,257.141907,248.170197,12727154
2012-05-21,257.438721,261.445740,255.360992,259.071198,250.032181,7933464
2012-05-22,264.067596,266.788422,260.604767,262.286713,253.135498,8598735
2012-05-23,259.318542,262.632996,256.746155,258.675446,249.650238,7857292
2012-05-24,260.011108,265.205414,254.173737,264.166534,254.949753,8885965
2012-05-25,262.929810,268.915619,259.565887,266.194794,256.907227,5253962
2012-05-28,267.827271,274.703522,265.205414,273.664673,264.116516,8186826
2012-05-29,277.919037,280.095703,270.152344,272.823700,263.304871,12691931
2012-05-30,256.251434,257.042969,238.986633,240.470718,232.080658,40931062
2012-05-31,235.375366,236.562622,227.856018,230.527359,222.484238,37837266
2012-06-01,232.506134,233.495529,220.188263,222.167038,214.415588,24109675
2012-06-04,218.011612,227.954956,214.944504,226.421402,218.521515,18637993
2012-06-05,225.778305,226.916092,218.704178,219.297806,211.646484,15562153
2012-06-06,220.781891,233.891281,220.781891,231.912506,223.821045,27016727
2012-06-07,233.050308,236.364746,229.587448,233.940750,225.778503,13735046
2012-06-08,231.516754,237.403610,230.428421,236.661575,228.404419,10482024
2012-06-11,238.442459,241.361160,231.121002,233.000839,224.871429,9973988
2012-06-12,230.230545,241.212753,230.082138,240.371765,231.985184,13088053
2012-06-13,241.410629,241.410629,233.742874,234.880676,226.685669,9961504
2012-06-14,235.474304,236.908920,223.205887,224.294220,216.468567,12796631
2012-06-15,225.679367,238.887695,225.679367,237.749893,229.454758,16572219
2012-06-18,240.421234,245.368179,231.764099,235.424835,227.210831,18359404
2012-06-19,236.463684,240.025482,233.742874,235.622711,227.401825,10551632
2012-06-20,238.442459,244.774551,237.453079,243.339935,234.849777,13310576
2012-06-21,242.350555,247.149078,240.074951,245.566055,236.998230,11344719
2012-06-22,242.251602,248.534225,239.728668,244.477737,235.947876,12999744
2012-06-25,245.763931,249.226791,242.400024,243.587280,235.088501,11474845
2012-06-26,242.894714,246.159698,241.509567,244.081970,235.565933,4864293
2012-06-27,245.368179,246.505981,235.721649,236.661575,228.404419,9351574
2012-06-28,236.265808,239.431854,230.280014,237.799362,229.502518,14884028
2012-06-29,240.421234,243.636749,237.947769,239.877075,231.507751,13286035
2012-07-02,237.205734,239.877075,235.029083,235.424835,227.210831,9325132
2012-07-03,237.799362,238.838226,232.605072,235.029083,226.828888,9242399
2012-07-04,235.622711,238.689819,233.050308,233.693405,225.539810,10654075
2012-07-05,233.693405,238.096176,232.060913,237.453079,229.168320,11523077
2012-07-06,238.442459,241.113815,234.880676,238.096176,229.788986,12442040
2012-07-09,235.672180,240.718063,235.672180,238.294052,229.979965,10330684
2012-07-10,239.877075,245.763931,239.283447,243.884094,235.374969,12579287
2012-07-11,241.707443,243.686218,237.255203,238.887695,230.552872,8793244
2012-07-12,237.947769,238.244583,233.297653,234.287033,226.112747,9513820
2012-07-13,233.495529,235.968994,231.764099,233.446060,225.301102,8303185
2012-07-16,234.979614,235.771118,226.174057,226.817154,218.903473,8741929
2012-07-17,229.439041,229.884262,222.859604,223.502716,215.704681,12015166
2012-07-18,221.375519,221.523941,216.082306,219.248337,215.413071,11897419
2012-07-19,222.117569,224.096344,221.424988,222.414383,218.523712,6677436
2012-07-20,221.622879,223.057480,219.693573,221.029236,217.162781,3940979
2012-07-23,218.555771,218.654709,212.718384,213.757233,210.017990,5761220
2012-07-24,214.202469,215.488663,211.085892,213.559357,209.823593,7368372
2012-07-25,211.432175,212.916260,208.859772,210.739609,207.053162,6799635
2012-07-26,209.849152,211.036423,200.895203,202.923447,199.373718,14572162
2012-07-27,208.266144,213.114136,206.979935,210.591202,206.907333,11852257
2012-07-30,214.103531,220.435608,213.064667,219.347275,215.510254,9094027
2012-07-31,219.644104,224.591034,214.845566,223.848999,219.933228,11297966
2012-08-01,222.167038,227.262390,220.831360,224.937317,221.002487,10425962
2012-08-02,223.700592,224.591034,219.248337,220.336670,216.482330,5808700
2012-08-03,218.654709,219.644104,213.856171,218.605240,214.781189,7327872
2012-08-06,224.096344,227.509735,223.700592,226.619278,222.655045,7596745
2012-08-07,228.894867,236.958389,228.647522,236.265808,232.132843,12277598
2012-08-08,237.601486,243.191528,237.156265,238.937164,234.757462,15104047
2012-08-09,239.827606,243.389404,229.191696,236.760513,232.618896,29687040
2012-08-10,233.792343,234.385971,228.301239,229.488510,225.474075,11210638
2012-08-13,228.647522,229.043274,221.326050,225.827774,221.877380,9158452
2012-08-14,225.085724,233.396591,225.085724,232.506134,228.438934,8542236
2012-08-16,232.555603,237.205734,229.735855,232.951370,228.876373,12083860
2012-08-17,234.188095,240.718063,234.039688,237.650955,233.493759,12816446
2012-08-21,238.541397,244.626144,238.541397,243.587280,239.326233,9961580
2012-08-22,242.053726,247.248016,241.410629,245.467117,241.173172,8780180
2012-08-23,244.873489,245.664993,241.014877,242.696838,238.451370,10646487
2012-08-24,240.421234,245.813400,238.838226,243.438873,239.180405,8630281
2012-08-27,243.290466,244.081970,237.650955,238.491928,234.320007,6697001
2012-08-28,236.859451,237.848831,232.654541,234.781738,230.674728,7092818
2012-08-29,234.484909,234.484909,229.636917,230.923111,226.883606,6451372
2012-08-30,228.696991,236.661575,227.361328,234.237564,230.140076,8955071
2012-08-31,234.089157,235.672180,228.202301,231.813568,227.758469,6881868
2012-09-03,233.693405,236.859451,226.223526,228.449646,224.453415,8998041
2012-09-04,228.350708,233.000839,227.707611,232.357727,228.293121,6006269
2012-09-05,229.933731,232.704010,225.184662,226.272995,222.314819,6181538
2012-09-06,224.393158,232.308258,222.661728,230.576828,226.543365,9322795
2012-09-07,236.958389,241.559036,236.018463,240.718063,236.507202,13411363
2012-09-08,null,null,null,null,null,null
2012-09-10,242.597900,247.198547,240.025482,246.258636,241.950851,8956200
2012-09-11,243.389404,248.237411,243.092590,247.149078,242.825714,8887159
2012-09-12,248.336349,261.495209,248.286880,260.456360,255.900208,14929009
2012-09-13,261.594147,261.643616,254.866302,256.647217,252.157684,8498861
2012-09-14,262.187775,269.113495,260.307922,267.431519,262.753357,14965006
2012-09-17,273.367859,286.229889,271.784821,274.901398,270.092590,22424239
2012-09-18,272.378479,275.495026,269.657654,270.597565,265.864044,11982766
2012-09-20,266.145325,275.495026,264.908600,268.717743,264.017059,12655817
2012-09-21,269.608185,274.258301,268.025177,272.526886,267.759613,14142394
2012-09-24,271.883789,276.929657,269.410309,270.795441,266.058441,11404905
2012-09-25,271.290131,272.972107,263.671844,266.046387,261.392487,6942239
2012-09-26,263.869720,265.601166,259.615356,260.307922,255.754379,6749862
2012-09-27,261.445740,264.364441,255.855698,257.042969,252.546539,10587573
2012-09-28,261.396271,269.113495,260.357391,264.710724,260.080109,11663992
2012-10-01,265.155945,273.268921,265.155945,271.784821,267.030518,9521185
2012-10-03,272.081665,273.071045,267.332581,270.597565,265.864044,9234921
2012-10-04,272.329010,276.039215,270.251282,271.389069,266.641663,7662621
2012-10-05,273.565735,279.502075,217.121155,277.572754,272.717224,17278699
2012-10-08,278.463196,280.689331,268.124115,269.558716,264.843353,7672267
2012-10-09,272.279541,275.297150,263.276093,266.837891,262.170135,7948882
2012-10-10,264.265503,270.102875,263.770782,264.611786,259.982941,7446704
2012-10-11,265.848511,271.982727,262.385651,270.894379,266.155640,7936504
2012-10-12,270.894379,271.438538,267.035767,268.371460,263.676849,7601135
2012-10-15,267.777802,268.371460,263.375031,266.541077,261.878510,4803032
2012-10-16,262.187775,263.127686,258.428101,259.516418,254.976700,9626107
2012-10-17,262.187775,264.859131,258.230225,262.088837,257.504150,7653892
2012-10-18,263.177155,268.915619,263.177155,267.382050,262.704773,6699061
2012-10-19,267.134705,270.498627,263.721313,266.145325,261.489685,3971067
2012-10-22,264.661255,265.848511,261.792023,264.216003,259.594086,4518858
2012-10-23,263.177155,264.314972,260.307922,261.792023,257.212524,3154106
2012-10-25,261.792023,262.731934,257.488190,258.477570,253.956039,7612764
2012-10-29,259.318542,261.544678,251.502380,254.025330,249.581680,4740882
2012-10-30,254.421082,255.014709,242.400024,245.021896,240.735733,9663502
2012-10-31,245.368179,252.590714,245.120834,252.046555,247.637527,9220851
2012-11-01,254.272675,266.689484,254.272675,264.611786,259.982941,10581994
2012-11-02,269.113495,269.113495,262.286713,267.184174,262.510345,11189638
2012-11-05,267.134705,271.784821,263.721313,266.936829,262.267303,7893034
2012-11-06,266.145325,269.558716,262.286713,264.117065,259.496887,9670450
2012-11-07,263.968658,270.449158,263.721313,266.491608,261.829895,9780477
2012-11-08,264.661255,282.470215,262.484589,280.936676,276.022308,24674466
2012-11-09,280.986145,281.579773,276.138153,277.622223,272.765808,7264686
2012-11-11,null,null,null,null,null,null
2012-11-12,275.989746,280.887207,275.148743,277.770630,272.911621,7007130
2012-11-15,270.102875,271.883789,266.936829,269.360840,264.648926,13209072
2012-11-16,270.102875,271.389069,260.208984,262.187775,257.601349,7400661
2012-11-19,262.435120,264.314972,259.219604,261.297333,256.726471,6687932
2012-11-20,265.205414,267.480988,258.922791,263.276093,258.670624,6937720
2012-11-21,264.067596,265.155945,261.198395,262.682465,258.087402,5341383
2012-11-22,261.445740,265.551697,254.668427,256.004089,251.525818,7592394
2012-11-23,253.283279,259.071198,253.283279,257.735535,253.226990,8584881
2012-11-26,259.219604,264.364441,258.972260,260.406860,255.851563,7711505
2012-11-27,261.544678,265.057007,260.951050,263.820251,259.205261,8565140
2012-11-29,265.155945,276.731781,264.760193,275.495026,270.675842,20224810
2012-11-30,275.049805,280.986145,269.064026,270.548096,265.815430,71756552
2012-12-03,270.102875,273.862549,268.223053,269.212433,264.503143,9740016
2012-12-04,270.350220,272.477417,266.442139,268.668274,263.968475,6787421
2012-12-05,269.212433,276.039215,269.212433,272.032196,267.273560,10690761
2012-12-06,274.357239,278.957886,270.943848,277.869568,273.008820,10675043
2012-12-07,278.314789,284.449005,276.088684,278.908417,274.029480,12945998
2012-12-10,280.343048,283.113312,275.049805,276.979126,272.133972,9616075
2012-12-11,278.166382,279.848358,270.300751,275.148743,270.335571,9112658
2012-12-12,276.039215,277.770630,271.982727,273.565735,268.780304,7716295
2012-12-13,279.205231,287.268768,278.364258,284.844757,279.862000,19676825
2012-12-14,284.449005,291.077911,281.629242,289.000183,283.944733,12382276
2012-12-17,289.791687,292.660919,288.010803,290.929504,285.840302,8384957
2012-12-18,293.650299,297.261566,290.880005,295.183868,290.020233,14616479
2012-12-19,296.816345,305.325073,296.321655,304.484100,299.157806,11758081
2012-12-20,304.533569,305.918701,299.289825,301.664337,296.387360,8167302
2012-12-21,297.360504,299.932922,294.441803,296.222717,291.040924,5492708
2012-12-24,298.201477,307.105988,293.947113,303.692596,298.380096,9931563
2012-12-26,302.159027,305.176666,300.526550,302.851624,297.553864,4879983
2012-12-27,303.742065,310.667786,301.713806,305.918701,300.567291,13238093
2012-12-28,307.402802,309.084747,304.929321,306.759705,301.393585,7661891
2012-12-31,306.215546,310.469910,306.215546,309.332092,303.921021,3575899
2013-01-01,312.646545,314.922150,311.162476,313.388580,307.906494,3980484
2013-01-02,315.120026,317.544037,312.893890,314.625336,309.121643,6929285
2013-01-03,316.604095,318.335541,313.784363,314.724274,309.218842,6165017
2013-01-04,315.120026,315.120026,309.876282,312.052917,306.594208,8965650
2013-01-07,314.427460,315.218964,309.282623,309.925751,304.504242,4943021
2013-01-08,310.667786,312.992828,309.826782,310.816193,305.379089,7304340
2013-01-09,315.614716,326.844269,315.565247,323.876099,318.210571,16678960
2013-01-10,327.982056,333.819458,327.141083,330.158722,324.383270,12753232
2013-01-11,331.296509,332.582703,323.331940,326.893738,321.175446,7367759
2013-01-14,327.734711,329.416687,323.381409,324.222382,318.550812,7210052
2013-01-15,326.399048,330.109253,324.420258,328.031525,322.293304,6790183
2013-01-16,326.003296,326.399048,315.120026,316.653564,311.114349,12745712
2013-01-17,320.660583,327.734711,320.660583,325.459137,319.765900,10058966
2013-01-18,326.596924,328.872528,322.540436,325.063385,319.377075,5015295
2013-01-21,325.607544,326.497986,318.830231,319.819611,314.225037,3909899
2013-01-22,320.017487,321.105804,311.953979,315.169495,309.656250,6102524
2013-01-23,313.635925,315.317902,306.809174,309.727844,304.309814,7285144
2013-01-24,283.657501,292.858795,278.809479,290.335846,285.257019,36895208
2013-01-25,291.770477,301.664337,287.070862,297.805725,292.596252,15546885
2013-01-28,297.805725,306.908112,297.162628,305.275604,299.935455,10711327
2013-01-29,302.752686,312.547607,299.784515,301.021240,295.755524,13434477
2013-01-30,299.883453,300.773895,294.985992,296.024841,290.846466,8020234
2013-01-31,294.194458,296.618469,291.869415,294.837585,289.680023,7071041
2013-02-01,294.639679,297.311035,265.403290,278.661072,273.786499,17259036
2013-02-04,289.940094,293.749237,286.328827,288.901245,283.847534,11186459
2013-02-05,285.933075,288.258148,281.975525,284.152191,279.181519,6279891
2013-02-06,286.724579,287.169830,281.035614,283.162781,278.209442,6908199
2013-02-07,282.371277,287.713989,282.272339,285.537323,280.542450,5762713
2013-02-08,288.901245,292.067291,281.678711,282.371277,277.431793,10002314
2013-02-11,286.922455,289.198059,285.438385,287.812927,282.778229,5212706
2013-02-12,291.127380,296.667938,288.357086,295.381744,290.214661,6687500
2013-02-13,305.770294,308.688995,299.883453,301.466461,296.192932,9919800
2013-02-14,301.763275,302.752686,291.622070,294.046051,288.902344,7547699
2013-02-15,284.993164,302.653748,284.943695,301.219116,295.949890,12615814
2013-02-18,301.416992,304.929321,298.399353,302.554810,297.262238,8381949
2013-02-19,302.257965,305.226135,300.031860,303.494720,298.185699,5444056
2013-02-20,303.989410,305.968170,298.300415,300.724426,295.463867,7103039
2013-02-21,297.904663,298.498322,292.166229,294.392334,289.242523,7695041
2013-02-22,291.819946,294.392334,286.774048,289.791687,284.722382,8354663
2013-02-25,293.650299,298.053070,291.968353,295.975372,290.797882,5979261
2013-02-26,291.671539,292.759857,282.569153,286.328827,281.320129,9178538
2013-02-27,286.971924,287.763458,278.562134,283.212250,278.258026,8834384
2013-02-28,290.137970,290.137970,277.572754,284.498474,279.521729,14609922
2013-03-01,287.911865,290.088501,278.710541,285.339447,280.348053,15816820
2013-03-04,285.933075,289.346466,282.717560,286.675110,281.660309,9775545
2013-03-05,287.466644,299.190887,287.466644,297.311035,292.110168,13305765
2013-03-06,299.883453,308.144836,299.438232,306.116608,300.761719,14142959
2013-03-07,303.742065,304.830383,299.339294,302.653748,297.359436,9946359
2013-03-08,302.653748,304.632507,297.459442,300.576019,295.318085,7530733
2013-03-11,301.169647,303.643127,296.915283,298.349884,293.130859,5816185
2013-03-12,303.049500,304.681976,298.300415,301.466461,296.192932,7992772
2013-03-13,302.752686,302.901093,293.848175,297.805725,292.596252,9409055
2013-03-14,295.826965,299.487701,289.890625,297.805725,292.596252,8530551
2013-03-15,297.756256,298.053070,286.922455,288.010803,282.972626,9581779
2013-03-18,286.823517,286.922455,282.074463,283.805908,278.841278,5963578
2013-03-19,285.042633,286.872986,275.396088,278.611603,273.737854,9587224
2013-03-20,278.611603,283.706970,273.565735,282.618622,277.674805,9664586
2013-03-21,281.134552,281.184021,266.788422,270.696503,265.961212,11868436
2013-03-22,271.982727,275.346619,262.286713,267.480988,262.801941,12958381
2013-03-25,270.548096,272.873169,265.996918,267.876740,263.190796,8422537
2013-03-26,268.618805,274.950867,263.523438,272.873169,268.099823,9475104
2013-03-28,269.608185,270.102875,263.968658,266.293732,261.635468,14679776
2013-04-01,264.117065,264.611786,259.318542,262.682465,258.087402,5474334
2013-04-02,259.813232,265.897980,255.806229,264.364441,259.739929,10570395
2013-04-03,263.226624,264.166534,252.986465,254.470551,250.019119,13154097
2013-04-04,253.332748,260.654236,251.749725,254.965240,250.505142,9469654
2013-04-05,254.816833,258.625977,249.127853,252.491776,248.074966,8796642
2013-04-08,255.113647,258.032349,250.513000,253.975861,249.533081,4790263
2013-04-09,256.251434,262.731934,256.251434,260.060577,255.511368,14757966
2013-04-10,261.198395,266.145325,254.965240,265.155945,260.517609,7410152
2013-04-11,275.049805,278.413727,272.526886,275.198212,270.384186,14232233
2013-04-12,271.834320,277.374878,269.311371,272.230072,267.467926,5438703
2013-04-15,267.530457,269.410309,261.297333,266.145325,261.489685,7842745
2013-04-16,262.187775,269.558716,260.011108,268.074646,263.385254,6584166
2013-04-17,271.141724,272.131134,266.046387,268.321991,263.628235,9809091
2013-04-18,265.452759,281.381897,264.661255,279.452606,274.564148,10865859
2013-04-22,280.244110,284.498474,278.760010,282.222870,277.285980,6589410
2013-04-23,281.184021,281.480835,274.060425,278.512665,273.640686,4353427
2013-04-25,282.470215,292.908264,281.728180,290.187439,285.111206,9855500
2013-04-26,290.880005,294.837585,287.120361,293.155609,288.027466,8141858
2013-04-29,291.523132,295.579620,288.950714,293.007202,287.881683,5102563
2013-04-30,293.056671,297.805725,288.010803,296.816345,291.624176,8048396
2013-05-02,292.561981,297.607849,288.950714,294.194458,289.048126,9283384
2013-05-03,290.830536,291.226318,281.530304,282.569153,277.626190,8493169
2013-05-06,281.975525,290.236908,279.848358,287.961334,282.924011,7899580
2013-05-07,289.445404,297.508911,289.445404,295.233337,290.068817,5538329
2013-05-08,296.717407,302.505341,295.431213,297.063690,291.867188,6528547
2013-05-09,297.805725,300.526550,291.968353,296.915283,291.721405,5637191
2013-05-10,296.915283,306.710236,296.074310,305.770294,300.421478,7473050
2013-05-13,302.406403,306.512360,292.759857,294.293396,289.145355,3826127
2013-05-14,294.639679,300.625488,292.265167,297.113159,291.915771,6771202
2013-05-15,299.240356,308.639526,298.894073,305.572418,300.227081,8505170
2013-05-16,303.742065,306.166077,299.091949,300.427612,295.172272,5241812
2013-05-17,298.053070,305.127197,297.607849,300.130798,294.880646,7050707
2013-05-20,302.356934,312.844421,296.816345,298.844604,293.616913,9370712
2013-05-21,298.300415,299.883453,288.901245,289.841156,284.770996,7548763
2013-05-22,292.957733,294.985992,285.933075,288.060272,283.021240,6000824
2013-05-23,284.251129,290.484253,282.222870,287.961334,282.924011,8006116
2013-05-24,289.395935,293.007202,279.848358,285.042633,280.056427,9198727
2013-05-27,283.558563,292.759857,282.123932,291.374725,286.277740,5573830
2013-05-28,290.880005,295.431213,287.516113,292.660919,287.541443,7200695
2013-05-29,295.826965,302.109558,292.413574,300.576019,295.318085,10779034
2013-05-30,311.657166,315.713654,307.501740,313.685425,308.198151,15049731
2013-05-31,312.893890,316.109406,308.787933,309.975220,304.552826,6906041
2013-06-03,306.462891,312.448669,304.137817,310.717255,305.281921,8077455
2013-06-04,306.710236,314.427460,299.735046,302.851624,297.553864,7869007
2013-06-05,301.318054,306.710236,300.477081,304.038879,298.720367,5727698
2013-06-06,300.773895,306.413422,300.773895,303.445251,298.137085,5575044
2013-06-07,302.257965,306.611298,294.837585,298.696198,293.471100,5902315
2013-06-10,298.349884,300.576019,289.296997,292.908264,287.784454,6544044
2013-06-11,293.254547,294.392334,285.685730,290.039032,284.965393,9852423
2013-06-12,287.911865,293.353485,286.922455,290.434784,285.354248,6532087
2013-06-13,287.318237,287.318237,277.127533,279.947296,275.050201,7930995
2013-06-14,285.933075,295.233337,284.350067,293.650299,288.513519,7692355
2013-06-17,293.650299,297.409973,285.487854,296.272186,291.089539,7282859
2013-06-18,294.837585,296.321655,289.890625,294.441803,289.291138,8346448
2013-06-19,291.869415,292.611450,287.664520,289.000183,283.944733,4863850
2013-06-20,284.053253,289.148590,280.343048,285.685730,280.688232,13570927
2013-06-21,281.975525,286.180420,279.155762,284.003784,279.035736,8484907
2013-06-24,281.975525,284.597412,277.523285,280.887207,275.973694,9803184
2013-06-25,280.244110,281.728180,269.212433,278.463196,273.592041,12782945
2013-06-26,278.017975,279.749420,266.293732,269.756592,265.037781,10490521
2013-06-27,271.636414,274.505646,260.307922,267.431519,262.753357,21327052
2013-06-28,272.279541,279.007355,272.279541,278.314789,273.446259,8200858
2013-07-01,275.049805,287.961334,274.060425,286.724579,281.708893,7853378
2013-07-02,283.954315,285.191040,279.007355,283.410156,278.452515,6371655
2013-07-03,279.155762,286.279358,274.802460,281.184021,276.265320,10618339
2013-07-04,282.964905,290.632660,279.254700,289.198059,284.139160,7101124
2013-07-05,292.858795,295.134399,289.989563,293.056671,287.930267,6451932
2013-07-08,285.834137,286.427765,279.304169,284.745819,279.764771,7421045
2013-07-09,285.438385,287.367706,281.629242,286.032013,281.028503,7151284
2013-07-10,284.646881,285.438385,277.820099,281.035614,276.119507,9992393
2013-07-11,284.646881,288.505493,279.749420,281.876587,276.945770,5973509
2013-07-12,282.173401,291.176849,282.074463,289.395935,284.333588,8685593
2013-07-15,287.713989,288.703369,283.014374,285.388916,280.396637,5369818
2013-07-16,280.986145,289.247528,278.710541,288.456024,283.410095,7012019
2013-07-17,287.565582,287.961334,279.304169,282.222870,277.285980,5431074
2013-07-18,281.579773,285.042633,277.770630,283.855377,278.889893,5264223
2013-07-19,283.954315,294.441803,283.954315,291.523132,286.423553,6314977
2013-07-22,290.880005,297.607849,290.187439,294.689178,289.534210,5387381
2013-07-23,295.035461,298.300415,291.127380,295.629089,290.457672,7396291
2013-07-24,294.837585,297.756256,291.572601,294.144989,288.999542,4847043
2013-07-25,294.837585,300.031860,291.572601,296.717407,291.526978,8189806
2013-07-26,297.805725,298.448822,284.251129,286.872986,281.854736,4301036
2013-07-29,284.943695,293.848175,284.943695,292.611450,287.492859,4637896
2013-07-30,292.809326,294.491272,279.304169,281.876587,278.831299,6450196
2013-07-31,279.502075,289.395935,275.049805,287.417175,284.312073,6140049
2013-08-01,288.406555,290.583191,281.184021,285.883606,282.795044,4108886
2013-08-02,284.745819,288.802307,279.254700,287.367706,284.263153,5585970
2013-08-05,287.169830,298.795135,276.237091,281.728180,278.684509,6432230
2013-08-06,281.431366,285.834137,277.424347,284.498474,281.424866,8021889
2013-08-07,281.085083,283.706970,268.915619,275.940277,272.959167,19514500
2013-08-08,282.470215,290.187439,272.378479,275.841339,272.861298,16320666
2013-08-12,279.007355,282.371277,275.297150,278.314789,275.307983,6924266
2013-08-13,277.919037,290.880005,273.120514,287.763458,284.654602,12221945
2013-08-14,295.084930,320.957397,295.035461,315.713654,312.302795,22815260
2013-08-16,314.130646,319.968018,308.045898,310.618317,307.262543,15776944
2013-08-19,303.939941,305.473480,294.243927,298.498322,295.273468,9729411
2013-08-20,293.848175,295.233337,282.569153,284.894226,281.816345,11309909
2013-08-21,287.713989,291.473663,275.593964,280.343048,277.314362,6701845
2013-08-22,280.986145,291.770477,280.986145,288.851776,285.731140,10558499
2013-08-23,291.869415,301.367523,290.978973,297.756256,294.539459,10360596
2013-08-26,298.300415,301.070709,290.385315,294.936523,291.750183,5473629
2013-08-27,291.869415,292.364105,284.696350,286.971924,283.871613,6685315
2013-08-28,286.971924,296.321655,283.261719,294.788116,291.603363,10516418
2013-08-29,296.321655,305.720825,292.166229,302.752686,299.481903,10606219
2013-08-30,304.780914,305.424011,290.385315,296.074310,292.875641,6446936
2013-09-02,292.858795,298.795135,288.950714,296.519531,293.316040,6626720
2013-09-03,298.795135,308.045898,292.512512,294.194458,291.016144,8253806
2013-09-04,299.190887,310.420441,297.063690,308.392181,305.060455,7834512
2013-09-05,312.696014,320.907928,311.310883,314.724274,311.324127,8818699
2013-09-06,314.922150,316.604095,308.886871,314.427460,311.030518,5228061
2013-09-10,316.703033,349.600189,316.703033,345.889984,342.153137,19224771
2013-09-11,344.801666,346.829895,332.632202,336.837097,333.198059,9215459
2013-09-12,338.271698,338.370636,326.003296,329.911377,326.347168,6661518
2013-09-13,328.476746,334.709900,326.596924,330.505005,326.934387,5971621
2013-09-16,335.402466,337.183380,321.402649,327.833649,324.291901,5795207
2013-09-17,325.508606,334.066803,324.766541,331.494385,327.913086,4927964
2013-09-18,337.381256,337.381256,329.416687,333.275299,329.674744,6614676
2013-09-19,341.140930,347.819275,337.777008,345.444763,341.712708,9417331
2013-09-20,341.239868,351.084259,328.872528,334.759369,331.142761,11725374
2013-09-23,334.066803,337.727539,327.586304,330.307129,326.738647,3980816
2013-09-24,330.950226,338.617981,330.603943,333.522644,329.919434,8949693
2013-09-25,335.501404,343.762787,335.501404,340.448364,336.770325,9778598
2013-09-26,338.667450,343.614380,337.381256,339.904175,336.232025,4884351
2013-09-27,339.360016,342.526062,334.759369,336.490814,332.855530,3361138
2013-09-30,334.512024,335.897156,326.497986,328.971466,325.417389,3529492
2013-10-01,329.367218,336.193970,326.794800,332.088013,328.500275,5084572
2013-10-03,332.137482,344.653259,330.554474,342.278717,338.580902,8317379
2013-10-04,341.338806,360.928680,340.745178,346.335205,342.593536,12392631
2013-10-07,346.285736,349.056030,339.854706,344.208038,340.489380,5579954
2013-10-08,348.462402,355.585999,346.087860,346.829895,343.082916,7376181
2013-10-09,347.077240,352.568359,346.285736,350.441162,346.655182,8902894
2013-10-10,350.243286,369.882629,348.363464,367.705994,363.733490,12500036
2013-10-11,371.020447,385.465485,364.638885,381.211121,377.092712,18217505
2013-10-14,382.002625,389.126221,381.606873,386.306488,382.133026,7250344
2013-10-15,386.702240,388.829407,378.242950,384.723450,380.567078,8382534
2013-10-17,381.359528,381.359528,366.667114,369.437408,365.446198,10044506
2013-10-18,372.553986,377.748260,370.525726,375.621094,371.563049,7006105
2013-10-21,375.967377,387.345337,374.631714,376.016846,371.954529,6983295
2013-10-22,376.363129,381.013245,372.108765,375.967377,371.905579,5220688
2013-10-23,377.105164,378.292450,364.193665,370.674164,366.669586,6433606
2013-10-24,373.098145,380.617493,370.426788,375.274811,371.220551,7415137
2013-10-25,374.087524,375.373749,368.645905,372.257172,368.235474,2997007
2013-10-28,373.147614,377.748260,370.129974,373.592834,369.556732,3457771
2013-10-29,373.691772,380.122803,371.020447,377.599854,373.520447,5728430
2013-10-30,378.935547,380.073334,373.197083,375.571625,371.514130,5382081
2013-10-31,375.967377,382.299469,375.175873,377.105164,373.031128,9207354
2013-11-01,379.924927,384.871857,379.133423,380.518555,376.407593,4537774
2013-11-05,382.893097,396.695038,382.893097,391.105011,386.879700,9161527
2013-11-06,393.083771,396.546631,385.861267,386.900116,382.720245,6589128
2013-11-07,386.751709,390.709259,373.345490,376.115784,372.052368,5746480
2013-11-08,374.780121,386.850647,367.310242,380.073334,375.967224,12795552
2013-11-11,375.967377,381.903687,370.525726,373.098145,369.067383,10867678
2013-11-12,373.790710,375.324280,354.299774,356.179626,352.331635,8371308
2013-11-13,358.158386,365.529327,358.158386,362.313812,358.399567,7569112
2013-11-14,368.151215,384.129822,368.151215,382.942566,378.805420,12412670
2013-11-18,383.882477,389.818817,377.995605,388.087372,383.894623,11666439
2013-11-19,390.808197,391.550232,382.992035,387.196930,383.013855,4708349
2013-11-20,384.673981,388.235779,380.320679,381.903687,377.777802,4937027
2013-11-21,379.331299,382.398407,377.303040,379.083954,374.988525,3671278
2013-11-22,380.666962,380.666962,368.052277,370.179443,366.180206,6255613
2013-11-25,373.197083,382.992035,373.197083,382.052124,377.924652,3853065
2013-11-26,383.536194,387.246399,375.027466,386.108612,381.937256,5239356
2013-11-27,389.324097,395.656189,388.433655,394.963623,390.696594,6778369
2013-11-28,398.822235,400.751526,390.412445,393.677429,389.424347,9209776
2013-11-29,394.765747,397.585510,391.105011,394.468933,390.207275,4868508
2013-12-02,393.776367,399.564270,391.896515,395.656189,391.381683,7712473
2013-12-03,396.744507,399.415863,391.006073,394.815216,390.549805,7643867
2013-12-04,393.083771,396.546631,386.454895,388.483124,384.286133,4973951
2013-12-05,396.249817,396.744507,384.080353,386.158081,381.986237,5074094
2013-12-06,382.893097,390.412445,381.854218,386.751709,382.573425,4703974
2013-12-09,398.228607,398.327545,385.366547,389.274628,385.069122,7931898
2013-12-10,390.610321,392.193329,385.218140,386.553833,382.377686,7677943
2013-12-11,381.112183,382.645752,372.108765,373.790710,369.752441,8412969
2013-12-12,370.129974,370.129974,355.190216,356.624847,352.772034,15588961
2013-12-13,360.236115,367.953339,359.543549,366.419769,362.461151,8694409
2013-12-16,364.094727,367.161835,361.967529,364.144196,360.210144,4804778
2013-12-17,367.755463,370.970978,360.780273,362.956909,359.035706,7048915
2013-12-18,363.105347,366.914490,358.653076,364.589417,360.650543,8827030
2013-12-19,368.052277,369.041656,360.186646,365.628265,361.678192,7497623
2013-12-20,363.402161,372.504517,363.402161,369.734222,365.739777,5363939
2013-12-23,369.833160,374.433807,369.140594,371.663544,367.648254,3263969
2013-12-24,371.713013,372.009827,367.557587,368.695374,364.712128,2297787
2013-12-26,369.041656,372.553986,364.094727,366.320831,362.363251,5597813
2013-12-27,367.161835,370.426788,364.985168,367.953339,363.978149,3337688
2013-12-30,370.179443,374.087524,368.398560,370.822571,366.816376,3732808
2013-12-31,370.129974,374.087524,370.129974,372.405579,368.382263,4388182
2014-01-01,373.543365,374.780121,370.080505,370.970978,366.963165,1364747
2014-01-02,370.970978,372.207703,365.281982,368.398560,364.418579,3015089
2014-01-03,364.094727,364.094727,356.179626,358.850952,354.974121,5004049
2014-01-06,363.600037,366.568176,360.335052,363.055847,359.133575,5490077
2014-01-07,363.105347,366.073486,359.889832,361.225494,357.322998,4020899
2014-01-08,361.225494,367.656525,360.681335,366.320831,362.363251,5455728
2014-01-09,368.250153,368.448029,361.126556,364.045258,360.112274,3603790
2014-01-10,366.073486,366.667114,361.621246,363.105347,359.182526,3100755
2014-01-13,368.695374,375.423218,367.804932,372.158234,368.137604,6706639
2014-01-14,371.119385,371.515137,364.193665,367.854401,363.880280,3272370
2014-01-15,370.031036,374.136993,368.744843,373.296021,369.263123,4846708
2014-01-16,374.977997,374.977997,362.907440,365.826141,361.873962,7788351
2014-01-17,363.600037,369.932098,363.154816,365.776672,361.825012,5000974
2014-01-20,367.112366,372.751862,366.568176,370.921509,366.914246,3246922
2014-01-21,371.020447,383.684601,368.250153,380.716431,376.603363,5781491
2014-01-22,377.401978,383.387787,376.016846,382.002625,377.875641,5654756
2014-01-23,381.161652,384.871857,376.659943,379.529175,375.428925,3790225
2014-01-24,374.977997,377.995605,364.886230,366.469238,362.510071,3620342
2014-01-27,359.147766,359.147766,341.882965,344.554321,340.831940,9238425
2014-01-28,341.833496,355.585999,341.833496,352.469421,348.661499,6612172
2014-01-29,356.278564,358.702545,346.829895,348.017181,344.257355,3287502
2014-01-30,345.593170,363.600037,345.296356,357.911041,354.044312,9116541
2014-01-31,354.596588,354.596588,343.317566,345.840515,342.104218,6933187
2014-02-03,343.317566,346.038391,332.038544,332.830078,329.234375,5637192
2014-02-04,328.575684,343.020752,328.575684,342.179779,338.483032,11461601
2014-02-05,339.360016,354.695526,335.946625,351.331604,347.536011,9438000
2014-02-06,349.303375,356.426971,345.296356,353.854553,350.031677,8085726
2014-02-07,356.179626,359.147766,352.321014,356.377502,352.527374,5491087
2014-02-10,361.126556,363.501099,354.200836,360.186646,356.295380,6579782
2014-02-11,377.006226,378.638733,366.716583,370.525726,366.522766,15829803
2014-02-12,372.009827,378.935547,371.168854,372.652924,368.626953,7803372
2014-02-13,375.967377,379.380768,370.723633,371.960358,367.941864,6825757
2014-02-14,376.165253,385.861267,376.165253,384.673981,380.518158,6760699
2014-02-17,387.889496,391.253418,380.172272,382.497345,378.365051,8642839
2014-02-18,383.833008,390.066162,381.211121,387.246399,383.062775,6076398
2014-02-19,387.840027,388.829407,383.783539,387.345337,383.160614,3946755
2014-02-20,387.345337,390.808197,385.267609,387.691620,383.503174,6735367
2014-02-21,390.808197,393.578491,388.681000,391.995453,387.760529,6397085
2014-02-24,392.836426,396.596100,390.016693,392.341736,388.103058,5249755
2014-02-25,394.765747,395.458313,389.373566,394.271057,390.011536,3064479
2014-02-26,392.885895,398.278076,391.847046,396.942383,392.653992,7317594
2014-02-28,405.649017,413.761993,400.058960,412.525269,408.068573,12677990
2014-03-03,410.595947,410.595947,403.917572,406.341583,401.951660,6684037
2014-03-04,406.885742,416.235443,401.493591,408.518219,404.104767,5615889
2014-03-05,410.595947,411.783203,402.829254,405.253265,400.875092,4045134
2014-03-06,407.133087,407.924591,400.108429,404.115448,399.749573,5718053
2014-03-07,404.164917,411.436920,401.196777,404.758545,400.385712,6061674
2014-03-10,400.108429,402.334564,389.274628,391.797577,387.564789,5839956
2014-03-11,388.829407,400.207367,388.829407,393.726898,389.473267,6113727
2014-03-12,392.885895,393.776367,383.882477,384.723450,380.567078,4526604
2014-03-13,389.274628,392.440674,380.765900,383.882477,379.735199,3899249
2014-03-14,378.935547,390.511383,378.935547,389.076752,384.873352,3242784
2014-03-18,389.818817,393.133240,376.462067,377.204102,373.128967,6884223
2014-03-19,381.804749,383.536194,375.522156,380.271210,376.162903,6332285
2014-03-20,377.946136,380.914307,374.730652,375.670563,371.611969,4136724
2014-03-21,378.094543,385.861267,377.847198,385.020264,380.860687,5746378
2014-03-22,null,null,null,null,null,null
2014-03-24,386.850647,390.264038,385.119202,387.345337,383.160614,3193454
2014-03-25,387.840027,389.324097,382.546814,386.702240,382.524506,3932786
2014-03-26,390.412445,398.723297,390.412445,397.387634,393.094421,7426496
2014-03-27,398.723297,400.652588,389.571442,392.490143,388.249878,9264824
2014-03-28,396.546631,399.069580,391.203949,393.083771,388.837097,3401201
2014-03-31,396.744507,399.861084,392.440674,394.419464,390.158325,4162936
2014-04-01,400.850464,402.186157,395.260437,398.871704,394.562500,3988380
2014-04-02,402.482971,410.595947,400.702057,409.705505,405.279236,6361767
2014-04-03,411.486389,413.564117,402.779785,406.984680,402.587769,5358380
2014-04-04,410.002319,410.002319,400.157898,401.196777,396.862457,2931936
2014-04-07,400.751526,405.649017,396.596100,399.712677,395.394379,3833276
2014-04-09,403.670227,418.313171,403.175537,416.433350,411.934387,6959992
2014-04-10,418.511047,430.383698,418.511047,426.228271,421.623535,6388136
2014-04-11,424.348450,433.153992,417.719543,419.104675,414.576874,6147582
2014-04-15,421.083466,424.892609,404.709076,407.578308,403.175018,6939177
2014-04-16,405.154327,414.504028,405.005920,406.786804,402.392059,3823079
2014-04-17,410.942230,426.030396,410.892761,424.546326,419.959747,4626464
2014-04-21,420.390900,429.938477,419.648834,427.514465,422.895782,2848869
2014-04-22,426.327209,430.086884,422.072845,424.249512,419.666138,2514731
2014-04-23,425.733582,429.097504,417.818481,420.539307,415.995972,5441306
2014-04-24,420.539307,420.539307,420.539307,420.539307,415.995972,0
2014-04-25,420.539307,426.178802,418.115295,418.758392,414.234344,4162636
2014-04-28,418.609985,418.609985,410.595947,412.030548,407.579163,3555731
2014-04-29,411.634796,414.355621,403.274475,404.610138,400.238892,2405270
2014-04-30,409.309753,413.564117,399.910553,410.348602,405.915375,5643784
2014-05-02,413.564117,415.839691,406.836273,410.348602,405.915375,2847110
2014-05-05,404.214386,411.486389,404.214386,410.051788,405.621765,2476756
2014-05-06,410.497009,417.521667,410.101257,414.701904,410.221649,2765256
2014-05-07,414.553497,417.224854,411.090637,412.277893,407.823853,3416541
2014-05-08,415.443939,419.698303,413.118896,418.560516,414.038574,3073390
2014-05-09,419.450958,424.546326,414.800842,422.963287,418.393768,5055987
2014-05-12,422.864349,441.761658,421.973907,440.475464,435.716766,6378245
2014-05-13,442.503693,450.913513,434.143372,436.270569,431.557312,5529371
2014-05-14,435.330658,441.365906,429.443787,437.655701,432.927490,2909047
2014-05-15,440.277588,443.888855,432.510895,434.984344,430.284973,4399959
2014-05-16,439.387146,460.065338,438.793488,445.076111,440.267731,9495197
2014-05-19,451.160858,452.941742,438.100922,439.683960,434.933807,5885250
2014-05-20,441.316437,447.054901,431.966736,435.182220,430.480713,6295237
2014-05-21,437.606232,440.228119,429.493256,432.313019,427.642517,5302879
2014-05-22,432.857178,436.468445,423.705322,426.228271,421.623535,7668503
2014-05-23,422.814880,435.231689,420.489838,426.722961,422.112854,7404500
2014-05-26,433.351868,448.934723,433.351868,439.337677,434.591278,9211965
2014-05-27,442.602631,446.560181,428.899628,431.966736,427.299988,5553985
2014-05-28,428.404938,431.175201,419.005737,424.200043,419.617188,8522101
2014-05-29,419.945648,427.761841,416.878571,419.797241,415.261963,7166289
2014-05-30,407.133087,417.719543,402.730316,410.645416,406.208984,11146212
2014-06-02,410.595947,418.214233,406.193176,416.284912,411.787567,5511595
2014-06-03,412.921021,419.500427,411.832672,416.433350,411.934387,8909589
2014-06-04,420.489838,424.942078,416.532288,417.571136,413.059875,6501247
2014-06-05,415.542877,431.422546,412.723145,430.383698,425.734039,9086539
2014-06-06,432.362488,435.825348,423.952698,434.440186,429.746704,8151455
2014-06-09,434.835938,448.588440,434.835938,443.839386,439.044312,7065184
2014-06-10,445.521332,450.567230,437.754639,448.588440,443.742065,6419352
2014-06-11,447.203308,448.687378,433.104523,441.019623,436.255035,5884465
2014-06-12,440.277588,446.659149,437.062073,444.779297,439.974091,4270136
2014-06-13,445.175049,445.471863,430.383698,433.599213,428.914795,5456728
2014-06-16,431.867798,433.599213,424.496857,426.277740,421.672455,4802036
2014-06-17,429.493256,438.496674,422.617004,436.221100,431.508362,4886836
2014-06-18,439.782898,440.277588,425.980927,428.553345,423.923462,3046408
2014-06-19,433.351868,439.090332,430.383698,433.945496,429.257355,6736247
2014-06-20,436.517914,437.358887,428.355469,433.401337,428.719055,4781531
2014-06-23,431.768860,437.804108,426.624023,430.977325,426.321259,3799762
2014-06-24,429.493256,440.871216,429.493256,437.457825,432.731720,4020018
2014-06-25,436.369507,443.839386,434.539124,438.546143,433.808319,4478733
2014-06-26,438.298798,444.086731,431.570984,433.351868,428.670135,4074119
2014-06-27,432.461426,436.171631,425.535706,427.761841,423.140503,2621189
2014-06-30,429.394318,431.570984,424.496857,426.722961,422.112854,3244342
2014-07-01,428.207062,448.093750,428.207062,446.016022,441.197510,6431546
2014-07-02,446.609650,453.733246,440.376526,450.962982,446.090973,5826459
2014-07-03,450.962982,467.782562,450.171448,464.764923,459.743835,10138512
2014-07-04,465.012268,469.217163,461.549408,464.468109,459.450256,7059490
2014-07-07,468.969818,474.856689,467.089996,473.768372,468.650024,5301439
2014-07-08,474.411469,479.556274,460.411621,465.012268,459.988464,6757729
2014-07-09,464.814392,464.913330,448.192688,452.397583,449.422516,3927485
2014-07-10,455.316284,469.711884,444.977173,448.341095,445.392700,5359992
2014-07-11,450.418793,456.553009,439.090332,441.217499,438.315948,2738220
2014-07-14,440.277588,453.980591,437.903046,451.160858,448.193909,3611521
2014-07-15,453.386963,459.966400,451.853424,457.987610,454.975769,3609319
2014-07-16,461.252594,466.595306,457.196106,465.309082,462.249084,3592346
2014-07-17,462.044128,472.284271,460.213745,470.256042,467.163513,5114632
2014-07-18,466.793182,472.432678,461.401001,470.256042,467.163513,4148084
2014-07-21,471.195953,473.372620,465.012268,469.909760,466.819519,2147835
2014-07-22,469.909760,483.019135,467.238403,481.535065,478.368378,4245591
2014-07-23,480.347778,482.722321,471.690643,479.704681,476.550049,4745188
2014-07-24,478.072205,482.029755,472.036926,480.100433,476.943176,3338881
2014-07-25,480.842468,480.842468,451.556610,456.206726,453.206573,6343512
2014-07-28,451.655548,465.061737,446.510712,449.033661,446.080719,8392066
2014-07-30,450.171448,450.616699,437.309418,446.560181,443.623505,13595305
2014-07-31,448.192688,449.874634,440.327057,442.009003,439.102264,9472953
2014-08-01,440.079712,450.913513,433.351868,435.330658,432.467834,8882644
2014-08-04,437.606232,443.641510,436.468445,441.860596,438.954834,7517951
2014-08-05,444.927704,453.040680,439.486084,451.952362,448.980225,4030664
2014-08-06,450.171448,450.171448,440.475464,442.800507,439.888550,4859128
2014-08-07,442.849976,445.570801,435.528534,437.309418,434.433563,4871343
2014-08-08,432.857178,433.203461,425.832520,428.306000,425.489349,6491179
2014-08-11,434.934875,443.690979,432.362488,441.811127,438.905670,8735749
2014-08-12,475.895538,476.884918,463.429260,468.969818,465.885773,14887582
2014-08-13,471.987457,474.757751,461.153656,468.475128,465.394348,6299304
2014-08-14,469.316101,480.694061,468.623535,479.457336,476.304321,6417376
2014-08-18,483.860107,500.283966,483.711700,498.453583,495.175659,8656402
2014-08-19,502.114319,515.174255,500.185028,513.343872,509.968018,9965688
2014-08-20,513.492310,516.460449,505.478241,506.813904,503.480988,5467442
2014-08-21,510.524109,512.651306,500.778656,507.308594,503.972443,5463932
2014-08-22,509.782074,515.124756,505.181427,506.121338,502.792969,4404241
2014-08-25,511.513519,512.502869,499.987152,503.004761,499.696899,4005516
2014-08-26,493.209839,509.732605,491.082642,507.209656,503.874146,4724406
2014-08-27,513.393372,518.439209,510.721985,516.163635,512.769226,3905433
2014-08-28,518.142395,526.008057,517.103577,519.478088,516.061890,5597525
2014-09-01,520.417969,523.880859,511.266144,514.481689,511.098328,6321716
2014-09-02,514.481689,515.223694,506.616028,510.771454,507.412506,4700852
2014-09-03,520.516907,524.870239,515.767883,517.054077,513.653809,7395355
2014-09-04,517.153015,517.153015,503.845764,507.555969,504.218170,7887159
2014-09-05,507.555969,511.117737,497.810486,500.630249,497.337982,10061738
2014-09-08,502.609009,506.566559,497.563141,504.686737,501.367798,9265718
2014-09-09,505.676117,512.898621,502.213257,511.661926,508.297119,9134923
2014-09-10,508.347473,515.421570,506.962311,511.068268,507.707367,7315474
2014-09-11,512.502869,512.799683,505.577179,508.891632,505.545044,3994427
2014-09-12,509.534729,513.838562,507.951721,511.711395,508.346283,4645545
2014-09-15,506.566559,509.930481,504.736206,506.962311,503.628418,3002542
2014-09-16,504.587799,505.329834,489.400696,494.446564,491.194977,5795527
2014-09-17,496.672699,504.093109,486.185181,501.570160,498.271698,5000801
2014-09-18,500.333435,521.209534,495.386475,519.824341,516.405884,7126911
2014-09-19,519.626465,523.386169,511.068268,513.393372,510.017212,5187142
2014-09-22,509.534729,536.742920,508.545349,534.318909,530.805115,7973384
2014-09-23,535.951355,536.841858,510.623047,512.304993,508.935944,7528891
2014-09-24,510.524109,512.255554,501.174408,507.951721,504.611298,3887411
2014-09-25,507.259125,509.287384,494.693909,498.997742,495.716217,6390237
2014-09-26,496.771637,507.605438,487.125092,505.676117,502.350677,7252440
2014-09-29,504.686737,510.128357,502.262726,505.329834,502.006653,5160966
2014-09-30,509.237915,509.237915,494.990723,496.821106,493.553894,5576865
2014-10-01,495.881165,502.015381,493.951874,497.414734,494.143616,3727045
2014-10-07,497.414734,511.315613,497.414734,499.591370,496.305969,5462324
2014-10-08,501.619629,507.259125,496.672699,503.598389,500.286621,3963078
2014-10-09,509.485260,516.955139,507.852783,515.075317,511.688049,3758873
2014-10-10,509.040039,509.040039,484.156921,487.471375,484.265656,7535919
2014-10-13,484.800049,492.913025,474.955627,490.983704,487.754883,5193538
2014-10-14,493.605591,494.891785,480.941437,482.821259,479.646118,3886857
2014-10-15,482.821259,482.821259,482.821259,482.821259,479.646118,0
2014-10-16,480.298309,495.782227,476.588104,478.665833,475.518005,6643744
2014-10-17,478.616364,478.616364,463.033508,470.750732,467.654968,9595387
2014-10-20,482.722321,491.725739,479.457336,489.400696,486.182281,5839603
2014-10-21,493.753998,498.799866,488.510254,496.128540,492.865875,3972592
2014-10-22,503.252106,514.976379,503.252106,513.640686,510.262848,5842953
2014-10-27,511.513519,512.502869,496.920044,498.354645,495.077362,3177278
2014-10-28,500.333435,505.873993,497.711548,503.252106,499.942596,2422395
2014-10-29,510.029419,521.852600,510.029419,520.615845,517.192139,4416090
2014-10-30,516.806702,525.711243,514.580627,521.357910,517.929321,6242397
2014-10-31,520.764282,532.785339,515.421570,530.163452,526.676941,3956550
2014-11-03,524.969177,530.212952,520.665344,525.760681,522.303101,2794484
2014-11-05,523.386169,534.071533,515.718384,530.311890,526.824402,6584901
2014-11-07,531.400208,538.177490,526.552185,527.690002,524.219788,2480434
2014-11-10,525.117615,528.778320,513.244934,516.757263,513.358948,3389879
2014-11-11,519.428589,521.902100,511.612457,516.163635,512.769226,2551014
2014-11-12,517.845581,531.202332,516.361511,526.205933,522.745483,3617680
2014-11-13,527.343689,530.311890,517.895081,521.160034,517.732788,2799445
2014-11-14,524.227112,531.103394,514.135376,518.340271,514.931519,4717775
2014-11-17,514.481689,541.739319,514.481689,539.463684,535.916077,7159194
2014-11-18,542.827637,544.855896,534.764099,535.852417,532.328552,4548021
2014-11-19,538.276428,539.166870,516.955139,523.880859,520.435730,4678498
2014-11-20,527.343689,528.184692,514.778503,519.181274,515.767029,3828955
2014-11-21,522.940918,533.675781,521.605286,525.364929,521.909973,4019464
2014-11-24,525.364929,532.933777,519.428589,520.813721,517.388733,3793347
2014-11-25,522.940918,523.435608,507.555969,516.312012,512.916687,4359660
2014-11-26,516.163635,519.230713,509.534729,514.432190,511.049164,4638623
2014-11-27,509.534729,517.301453,506.071869,514.432190,511.049164,5701903
2014-11-28,518.834961,533.280029,515.965759,527.838379,524.367249,8262478
2014-12-01,534.121033,534.121033,524.474487,530.311890,526.824402,5148090
2014-12-02,530.015076,530.114014,522.495728,523.336670,519.895081,3593679
2014-12-03,529.520386,533.082153,520.714783,523.386169,519.944275,4040047
2014-12-04,528.333069,531.548584,516.460449,522.149414,518.715637,3639457
2014-12-05,518.884460,525.117615,516.905640,519.774902,516.356750,2469524
2014-12-08,519.527527,524.870239,508.248535,510.227295,506.871918,3135332
2014-12-09,511.760864,515.322632,496.029572,497.909424,494.635071,5562200
2014-12-10,490.736359,509.435791,487.966064,505.577179,502.252380,5621126
2014-12-11,501.421753,507.358063,492.715149,498.552521,495.273926,4069618
2014-12-12,493.605591,502.361664,490.736359,494.644440,491.391571,3900394
2014-12-15,489.648041,496.474823,487.125092,488.708130,485.494263,3896475
2014-12-16,484.800049,486.481995,473.422089,476.538635,473.404816,4813220
2014-12-17,473.521027,481.238251,463.676605,470.750732,467.654968,6238806
2014-12-18,475.945007,484.800049,475.747131,479.754150,476.599182,4417769
2014-12-19,485.096863,492.517273,479.012115,480.743530,477.582062,4665944
2014-12-22,480.941437,492.022552,476.241821,489.450165,486.231415,3225905
2014-12-23,491.527863,496.128540,480.446716,482.969666,479.793579,4165774
2014-12-24,484.948456,487.520844,476.439697,478.814240,475.665436,6510045
2014-12-26,477.874329,482.376038,473.867310,480.001495,476.844910,2339159
2014-12-29,480.001495,492.715149,480.001495,489.796448,486.575439,2818585
2014-12-30,493.704529,494.199219,485.047394,488.510254,485.297729,1701736
2014-12-31,489.252289,493.407715,485.838898,490.291138,487.066864,3217611
2015-01-01,489.252289,494.149750,487.026154,493.160370,489.917236,944551
2015-01-02,491.973083,511.909271,491.973083,506.368683,503.038696,4193093
2015-01-05,504.686737,520.417969,501.322815,518.241333,514.833252,6758676
2015-01-06,508.891632,508.891632,493.951874,496.079071,492.816742,7979598
2015-01-07,489.746979,495.089661,484.008514,488.609192,485.395966,9232656
2015-01-08,498.651459,509.336853,495.683289,506.566559,503.235291,5535587
2015-01-09,515.718384,519.379150,510.029419,516.757263,513.358948,4053562
2015-01-12,512.997559,519.131775,505.824524,516.757263,513.358948,2560568
2015-01-13,514.827942,520.121155,509.782074,513.937500,510.557709,4328812
2015-01-14,515.965759,521.061096,508.495880,514.827942,511.442291,6070608
2015-01-15,522.693604,530.311890,518.191895,527.294250,523.826660,6902556
2015-01-16,525.463867,530.114014,516.856201,520.170654,516.749878,4250137
2015-01-19,520.912720,533.873657,517.598267,532.785339,529.281616,4617341
2015-01-20,533.032715,555.046570,529.075134,553.265686,549.627319,6140342
2015-01-21,550.940613,552.523621,540.205750,545.647400,542.059082,6521363
2015-01-22,544.806396,562.664856,542.728699,560.488220,556.802307,6010572
2015-01-23,568.898010,584.876587,567.908630,582.205261,578.376526,7764736
2015-01-27,589.724609,601.250977,589.724609,598.134399,594.200867,7213518
2015-01-28,592.643311,592.841187,580.770630,582.947327,579.113708,8297785
2015-01-29,579.781250,594.325256,574.438599,592.247559,588.352783,5874507
2015-01-30,595.017822,598.282837,574.933289,578.940308,575.133118,4180985
2015-02-02,581.562134,589.576233,574.685913,586.212280,582.357239,4363228
2015-02-03,591.307617,605.901123,589.873047,596.897705,592.972351,6100343
2015-02-04,600.212097,600.212097,581.957947,585.123962,581.276062,3398715
2015-02-05,584.728210,596.501892,575.823730,582.947327,579.113708,6847443
2015-02-06,561.032349,565.929810,546.339966,553.661438,550.020386,12221202
2015-02-09,544.163330,548.566101,535.555603,536.891296,533.360535,4628548
2015-02-10,538.226990,561.972290,537.583862,558.113647,554.443359,5617236
2015-02-11,560.982910,565.336182,547.477783,552.968872,549.332458,4637550
2015-02-12,556.233826,559.993530,546.636780,555.838074,552.182739,5488927
2015-02-13,556.728516,561.180786,549.110229,559.548279,555.868591,3506531
2015-02-16,562.961670,574.290161,559.498840,568.057007,564.321289,5793607
2015-02-18,566.622437,580.770630,554.700256,578.099304,574.297546,5846505
2015-02-19,579.781250,586.261780,566.028748,570.431580,566.680298,4316943
2015-02-20,573.350220,578.791870,566.177185,573.745972,569.972900,3907248
2015-02-23,575.823730,578.247742,565.979309,568.106506,564.370483,3040407
2015-02-24,570.876770,571.866150,554.007690,558.410461,554.738220,4350356
2015-02-25,560.686096,569.887390,558.014709,562.170166,558.473206,3082740
2015-02-26,564.049988,565.979309,551.435303,554.700256,551.052429,3570924
2015-02-27,561.032349,574.834351,557.520020,569.046387,565.304260,4357037
2015-02-28,null,null,null,null,null,null
2015-03-02,591.060303,594.622070,567.018188,578.791870,574.985596,4951897
2015-03-03,576.318420,576.318420,565.929810,568.007568,564.272217,3593208
2015-03-04,575.329041,585.816528,564.049988,568.007568,564.272217,6242783
2015-03-05,569.887390,571.668274,561.675476,564.643616,560.930420,3354510
2015-03-09,564.940430,567.512878,556.035950,559.103088,555.426270,3566055
2015-03-10,561.873352,566.622437,552.770996,554.255066,550.610107,3917160
2015-03-11,555.046570,559.202026,542.382385,545.053772,541.469360,3184841
2015-03-12,549.011292,560.933411,548.417664,557.915771,554.246826,3430749
2015-03-13,559.647217,559.696716,549.209167,552.424683,548.791748,5382475
2015-03-16,553.117249,559.696716,548.368225,550.990051,547.366638,2786971
2015-03-17,558.014709,572.855530,556.431702,565.484619,561.765808,5395883
2015-03-18,564.297363,564.940430,550.594299,554.255066,550.610107,4569613
2015-03-19,559.004150,562.912231,545.400024,547.922974,544.319702,3295114
2015-03-20,543.124451,544.806396,535.258789,541.788757,538.225891,5119749
2015-03-23,542.234009,551.880554,542.234009,545.597900,542.009949,3153860
2015-03-24,545.944214,546.636780,522.792542,526.601685,523.138672,4519046
2015-03-25,529.817200,539.809998,527.838379,536.099792,532.574280,8625253
2015-03-26,525.265991,533.280029,515.273193,518.686584,515.275574,6544581
2015-03-27,520.071716,531.103394,512.651306,529.668762,526.185486,4721243
2015-03-30,531.152832,535.308289,525.711243,534.269409,530.755981,4012522
2015-03-31,534.417847,553.859314,531.894897,544.361206,540.781372,5409542
2015-04-01,543.272827,560.389282,542.184509,558.905212,555.229736,4222512
2015-04-06,563.900024,573.500000,555.349976,568.150024,564.413757,5728358
2015-04-07,569.049988,570.700012,554.049988,560.349976,556.664978,3201751
2015-04-08,565.000000,569.599976,559.200012,561.500000,557.807495,3774897
2015-04-09,562.799988,564.849976,552.250000,559.900024,556.218018,3043135
2015-04-10,558.799988,569.400024,555.549988,562.650024,558.949890,2808049
2015-04-13,563.000000,563.900024,552.450012,556.250000,552.591980,2889208
2015-04-15,551.250000,551.250000,538.250000,540.450012,536.895874,4118983
2015-04-16,543.750000,551.250000,534.200012,541.250000,537.690613,4027716
2015-04-17,541.500000,544.799988,534.150024,535.349976,531.829407,2728290
2015-04-20,543.150024,543.150024,521.049988,533.200012,529.693542,5011252
2015-04-21,531.450012,538.000000,523.500000,527.400024,523.931702,3243871
2015-04-22,529.000000,529.700012,510.649994,523.500000,520.057312,4311384
2015-04-23,527.799988,527.799988,508.450012,512.000000,508.632965,4961920
2015-04-24,515.250000,520.000000,508.600006,516.200012,512.805359,4302328
2015-04-27,521.000000,523.000000,513.049988,516.849976,513.451111,3082875
2015-04-28,520.500000,533.799988,518.349976,529.849976,526.365540,6417077
2015-04-29,526.750000,528.000000,516.799988,520.900024,517.474426,3685760
2015-04-30,518.200012,520.799988,506.750000,508.250000,504.907623,10009172
2015-05-04,511.750000,516.000000,497.500000,506.450012,503.119476,5849866
2015-05-05,509.500000,515.700012,506.049988,510.450012,507.093170,3398712
2015-05-06,508.500000,508.500000,495.799988,497.850006,494.576019,5925410
2015-05-07,493.500000,503.000000,482.600006,488.100006,484.890137,5504557
2015-05-08,498.750000,515.900024,497.350006,513.700012,510.321808,6229295
2015-05-11,522.250000,530.950012,517.000000,529.700012,526.216553,5520513
2015-05-12,525.700012,525.700012,511.149994,513.549988,510.172760,4569616
2015-05-13,517.000000,525.549988,506.549988,520.450012,517.027405,4442178
2015-05-14,519.000000,519.000000,510.100006,516.599976,513.202698,3587736
2015-05-15,519.000000,524.500000,517.049988,519.900024,516.481079,4038816
2015-05-18,517.250000,524.400024,510.299988,520.700012,517.275757,4363711
2015-05-19,516.900024,518.750000,508.700012,509.799988,506.447449,5500642
2015-05-20,511.000000,513.849976,503.549988,505.250000,501.927338,6385674
2015-05-21,506.500000,512.500000,505.000000,511.200012,507.838257,4708702
2015-05-22,511.750000,516.950012,510.200012,514.650024,511.265533,4744826
2015-05-25,513.000000,514.000000,503.000000,505.299988,501.976990,3080546
2015-05-26,505.000000,506.000000,493.549988,497.600006,494.327698,7389680
2015-05-27,473.600006,474.950012,463.549988,471.750000,468.647705,15936377
2015-05-28,473.850006,487.450012,472.250000,484.350006,481.164795,11792862
2015-05-29,485.200012,490.250000,479.399994,481.649994,478.482574,7892019
2015-06-01,482.899994,482.899994,471.000000,472.049988,468.945679,4610219
2015-06-02,473.100006,478.399994,465.000000,466.950012,463.879242,6237231
2015-06-03,467.000000,468.750000,434.700012,456.850006,453.845673,9702740
2015-06-04,456.850006,458.450012,445.450012,451.200012,448.232819,8001049
2015-06-05,445.649994,449.549988,439.500000,442.100006,439.192657,11195670
2015-06-08,435.299988,438.000000,429.049988,435.600006,432.735413,7072020
2015-06-09,431.299988,443.799988,431.299988,440.049988,437.156128,7741629
2015-06-10,439.899994,449.399994,436.000000,446.600006,443.663055,9716102
2015-06-11,446.500000,446.799988,428.100006,430.200012,427.370911,9668308
2015-06-12,426.549988,429.500000,417.250000,421.799988,419.026123,10871836
2015-06-15,426.000000,427.950012,418.100006,426.350006,423.546234,7287773
2015-06-16,427.049988,435.799988,421.250000,432.799988,429.953796,6192559
2015-06-17,436.000000,437.399994,426.500000,433.700012,430.847900,7034146
2015-06-18,434.899994,447.500000,431.399994,445.450012,442.520630,8198142
2015-06-19,444.799988,444.799988,431.600006,433.049988,430.202179,6891821
2015-06-22,435.000000,444.000000,435.000000,440.500000,437.603180,5281379
2015-06-23,441.000000,447.399994,435.000000,436.000000,433.132751,5762483
2015-06-24,438.700012,438.700012,428.100006,430.600006,427.768280,7081258
2015-06-25,433.000000,436.100006,429.500000,432.399994,429.556427,7745469
2015-06-26,435.000000,438.799988,431.200012,437.600006,434.722260,5009173
2015-06-29,428.799988,432.500000,418.149994,428.250000,425.433746,7143044
2015-06-30,428.000000,436.250000,422.700012,434.149994,431.294922,6387312
2015-07-01,436.750000,447.399994,431.399994,444.500000,441.576874,6054910
2015-07-02,445.000000,445.000000,435.000000,436.399994,433.530151,4641851
2015-07-03,436.000000,436.000000,430.450012,433.149994,430.301483,3709457
2015-07-06,428.000000,433.500000,420.700012,431.100006,428.264984,4600687
2015-07-07,434.350006,435.700012,428.000000,431.549988,428.712036,5667938
2015-07-08,424.000000,424.000000,400.000000,404.950012,402.286987,15521757
2015-07-09,400.149994,403.350006,394.250000,397.799988,395.183960,9351601
2015-07-10,400.250000,405.799988,398.049988,401.899994,399.256989,13661389
2015-07-13,406.700012,406.700012,397.049988,402.100006,399.455719,8047912
2015-07-14,403.500000,403.500000,380.950012,385.950012,383.411926,11333562
2015-07-15,387.000000,395.000000,382.600006,394.299988,391.707001,15561638
2015-07-16,394.899994,398.649994,392.450012,395.250000,392.650726,5199913
2015-07-17,395.950012,403.250000,390.399994,398.049988,395.432312,6590110
2015-07-20,399.000000,401.899994,389.299988,390.750000,388.180328,5777196
2015-07-21,391.799988,393.299988,386.100006,389.100006,386.541168,6461958
2015-07-22,388.000000,392.799988,385.950012,389.549988,386.988220,5955109
2015-07-23,388.750000,403.399994,385.000000,401.350006,398.710632,9510349
2015-07-24,397.549988,399.350006,389.000000,390.250000,387.683624,7059848
2015-07-27,384.250000,385.250000,373.000000,377.450012,374.967834,8450904
2015-07-28,373.000000,374.899994,366.100006,370.100006,367.666168,10975840
2015-07-29,373.899994,379.950012,372.700012,376.450012,373.974396,9532212
2015-07-30,381.649994,382.500000,376.000000,377.450012,374.967834,6562559
2015-07-31,380.799988,390.500000,380.049988,383.850006,381.325714,6947628
2015-08-03,386.350006,394.399994,382.000000,388.200012,385.647125,6647982
2015-08-04,385.899994,387.000000,378.000000,380.750000,378.246094,5621275
2015-08-05,378.750000,388.500000,375.100006,376.399994,373.924713,8298929
2015-08-06,376.500000,384.700012,373.200012,383.100006,380.580627,7976356
2015-08-07,382.399994,396.000000,382.399994,393.399994,390.812927,10706804
2015-08-10,384.000000,395.299988,382.100006,385.700012,383.163544,14494111
2015-08-11,387.100006,388.000000,367.549988,369.149994,366.722382,9984809
2015-08-12,365.000000,365.850006,353.549988,355.200012,352.864136,11107801
2015-08-13,356.899994,360.950012,348.000000,349.399994,347.102264,11147702
2015-08-14,351.450012,359.750000,345.100006,355.250000,352.913788,6400810
2015-08-17,354.399994,362.299988,345.250000,356.100006,353.758209,5812093
2015-08-18,355.850006,358.350006,347.700012,348.600006,346.307526,5623977
2015-08-19,348.700012,354.899994,344.000000,351.250000,348.940094,6435894
2015-08-20,348.000000,349.700012,341.000000,342.200012,339.949646,7789676
2015-08-21,339.399994,339.399994,327.750000,332.399994,330.214050,8793065
2015-08-24,317.000000,317.000000,301.600006,308.250000,306.222870,14753473
2015-08-25,308.000000,331.350006,305.799988,328.850006,326.687439,13398318
2015-08-26,322.000000,341.399994,318.250000,335.100006,332.896301,13781660
2015-08-27,338.399994,342.549988,327.250000,334.049988,331.853210,17224851
2015-08-28,342.000000,342.000000,335.250000,340.049988,337.813751,7123909
2015-08-31,340.000000,348.750000,332.450012,340.149994,337.913116,7244287
2015-09-01,334.950012,339.350006,325.100006,329.899994,327.730499,8606005
2015-09-02,328.850006,332.500000,321.450012,324.450012,322.316376,8097313
2015-09-03,326.200012,339.799988,326.200012,333.549988,331.356506,8138855
2015-09-04,330.000000,330.799988,316.000000,322.899994,320.776550,6592654
2015-09-07,327.799988,333.000000,320.000000,322.850006,320.726898,5357928
2015-09-08,326.000000,333.250000,316.299988,330.899994,328.723938,6729868
2015-09-09,335.350006,350.700012,333.600006,344.899994,342.631866,8833492
2015-09-10,340.049988,356.450012,331.000000,354.100006,351.771393,9872906
2015-09-11,354.899994,358.899994,342.250000,344.600006,342.333832,8569963
2015-09-14,348.899994,350.899994,342.250000,346.799988,344.519379,5480940
2015-09-15,345.950012,345.950012,333.049988,334.350006,332.151245,5802405
2015-09-16,337.700012,340.399994,332.500000,338.049988,335.826904,5708786
2015-09-18,329.200012,333.799988,326.850006,330.250000,328.078217,14893326
2015-09-21,326.850006,334.899994,325.649994,331.700012,329.518677,5172386
2015-09-22,332.000000,333.600006,314.000000,315.799988,313.723236,7122834
2015-09-23,311.000000,312.549988,306.250000,310.299988,308.259369,8954516
2015-09-24,309.700012,312.000000,301.600006,303.399994,301.404785,13799813
2015-09-28,304.399994,304.399994,283.500000,285.000000,283.125793,13577316
2015-09-29,281.200012,294.799988,279.100006,288.750000,286.851135,12304403
2015-09-30,289.250000,299.750000,288.100006,298.600006,296.636353,12926187
2015-10-01,301.450012,301.500000,291.500000,297.750000,295.791931,7501080
2015-10-05,302.500000,322.100006,302.500000,315.149994,313.077484,14527820
2015-10-06,320.549988,334.700012,319.549988,333.700012,331.505524,18806867
2015-10-07,333.899994,345.000000,329.000000,341.350006,339.105225,17802539
2015-10-08,343.799988,347.299988,341.549988,343.250000,340.992706,12085332
2015-10-09,346.200012,359.200012,341.100006,356.450012,354.105927,11635790
2015-10-12,356.500000,367.000000,356.399994,362.350006,359.967102,10509775
2015-10-13,360.000000,365.250000,355.049988,361.100006,358.725311,9969583
2015-10-14,358.750000,360.250000,351.100006,352.299988,349.983154,7009418
2015-10-15,355.299988,383.750000,355.299988,381.299988,378.792480,19487376
2015-10-16,388.600006,390.950012,380.649994,386.750000,384.206635,16497652
2015-10-19,384.000000,384.000000,376.250000,378.700012,376.209595,7455714
2015-10-20,379.000000,395.750000,377.399994,383.149994,380.630310,15426131
2015-10-21,379.950012,386.399994,378.549988,381.450012,378.941528,8720671
2015-10-23,383.899994,388.799988,382.000000,383.000000,380.481323,6744440
2015-10-26,386.450012,389.899994,383.250000,384.600006,382.070801,5064657
2015-10-27,383.000000,386.950012,382.200012,383.350006,380.829010,4423221
2015-10-28,382.799988,390.750000,382.200012,386.299988,383.759613,8018683
2015-10-29,388.950012,396.799988,384.250000,391.200012,388.627411,15381516
2015-10-30,389.750000,390.799988,383.500000,384.950012,382.418518,6651831
2015-11-02,386.100006,392.049988,384.399994,387.950012,385.398743,7511675
2015-11-03,391.250000,391.250000,380.799988,382.049988,379.537537,5887746
2015-11-04,390.049988,407.250000,390.049988,404.850006,402.187653,13985828
2015-11-05,403.600006,412.799988,401.450012,404.000000,401.343201,12912937
2015-11-06,399.899994,404.399994,392.500000,396.149994,393.544830,11016134
2015-11-09,374.000000,413.500000,373.049988,411.750000,409.042236,22128119
2015-11-10,408.000000,417.399994,402.700012,407.450012,404.770538,12654616
2015-11-13,411.350006,417.500000,401.799988,403.950012,401.293518,11007237
2015-11-16,401.000000,404.850006,394.200012,400.250000,397.617859,7673487
2015-11-17,403.000000,410.700012,398.549988,407.500000,404.820190,6063987
2015-11-18,407.950012,413.500000,403.250000,406.250000,403.578430,6960097
2015-11-19,409.899994,409.899994,403.500000,406.950012,404.273834,5645524
2015-11-20,408.500000,410.700012,401.350006,402.850006,400.200775,5420173
2015-11-23,400.350006,404.399994,396.500000,402.100006,399.455719,4658448
2015-11-24,399.100006,406.500000,397.049988,400.950012,398.313293,5624579
2015-11-26,404.750000,426.450012,404.000000,424.399994,421.609070,15070353
2015-11-27,425.549988,431.899994,416.450012,417.649994,414.903442,9720127
2015-11-30,419.899994,429.600006,418.000000,423.500000,420.714996,9901753
2015-12-01,427.000000,427.000000,416.100006,417.350006,414.605438,6402692
2015-12-02,415.899994,418.899994,410.299988,413.149994,410.433014,6543300
2015-12-03,408.700012,411.899994,404.250000,405.600006,402.932709,5999323
2015-12-04,402.500000,411.500000,398.700012,399.950012,397.319855,8477407
2015-12-07,402.899994,403.000000,395.299988,399.149994,396.525085,6156323
2015-12-08,396.950012,406.950012,396.100006,402.399994,399.753723,7851653
2015-12-09,402.799988,405.000000,392.750000,393.950012,391.359283,6103583
2015-12-10,401.200012,401.200012,385.250000,389.600006,387.037933,10684178
2015-12-11,390.899994,392.649994,375.299988,377.950012,375.464508,6537672
2015-12-14,369.750000,373.500000,360.500000,371.600006,369.156311,12682481
2015-12-15,371.250000,380.950012,365.500000,379.500000,377.004333,7717531
2015-12-16,375.899994,385.000000,372.850006,380.450012,377.948059,11874858
2015-12-17,385.000000,387.000000,376.049988,382.950012,380.431641,7604665
2015-12-18,381.899994,384.799988,376.799988,378.250000,375.762543,6454322
2015-12-21,379.100006,382.549988,377.500000,380.149994,377.650055,4015631
2015-12-22,380.899994,382.799988,377.200012,378.100006,375.613525,3802024
2015-12-23,379.899994,380.850006,377.500000,378.450012,375.961243,3953766
2015-12-24,380.899994,384.750000,377.600006,382.399994,379.885254,4568751
2015-12-28,384.899994,395.000000,383.750000,394.000000,391.408966,7166351
2015-12-29,392.899994,397.500000,388.750000,391.850006,389.273102,7359611
2015-12-30,392.000000,395.000000,390.500000,393.450012,390.862610,4866177
2015-12-31,394.000000,395.750000,389.149994,391.299988,388.726715,6410622
2016-01-01,392.500000,403.000000,373.000000,401.899994,399.256989,4377363
2016-01-04,400.000000,400.100006,375.049988,377.049988,374.570404,7822660
2016-01-05,381.049988,382.450012,372.100006,374.450012,371.987518,6901068
2016-01-06,374.250000,375.500000,364.600006,365.899994,363.493744,7211230
2016-01-07,356.250000,358.000000,338.100006,343.549988,341.290741,11782307
2016-01-08,345.600006,355.850006,345.600006,353.350006,351.026306,8770370
2016-01-11,343.899994,364.750000,341.649994,360.200012,357.831268,10576721
2016-01-12,362.700012,363.950012,351.600006,355.000000,352.665436,8363062
2016-01-13,360.450012,369.799988,356.299988,364.600006,362.202301,14191511
2016-01-14,356.100006,359.399994,346.799988,354.299988,351.970032,10673343
2016-01-15,353.899994,353.899994,339.350006,341.299988,339.055511,6557584
2016-01-18,341.000000,343.299988,334.399994,340.200012,337.962799,6285144
2016-01-19,343.000000,357.200012,342.000000,354.149994,351.821045,7304555
2016-01-20,349.649994,349.649994,338.799988,342.250000,339.999298,9156596
2016-01-21,340.649994,344.149994,323.000000,328.549988,326.389343,16524035
2016-01-22,335.500000,345.899994,331.500000,339.500000,337.267365,9595392
2016-01-25,345.500000,345.500000,331.149994,332.600006,330.412750,6106931
2016-01-27,338.000000,341.000000,333.200012,337.049988,334.833435,8333202
2016-01-28,336.299988,341.399994,332.299988,334.200012,332.002258,13153617
2016-01-29,332.000000,340.600006,324.200012,336.899994,334.684479,10350998
2016-02-01,338.750000,342.399994,332.250000,338.500000,336.273926,6563774
2016-02-02,343.799988,344.700012,327.700012,329.549988,327.382813,9179304
2016-02-03,325.549988,325.950012,317.049988,320.299988,318.193604,6685445
2016-02-04,325.299988,329.299988,321.200012,325.500000,323.359467,6086981
2016-02-05,330.500000,339.000000,326.649994,337.100006,334.883148,9236577
2016-02-08,334.950012,334.950012,321.350006,323.500000,321.372589,6974342
2016-02-09,319.500000,322.649994,308.799988,310.649994,308.607086,12489713
2016-02-10,309.850006,309.950012,288.250000,291.549988,289.632660,21756193
2016-02-11,298.500000,300.000000,265.799988,276.350006,274.532684,21632886
2016-02-12,281.000000,303.950012,271.600006,298.350006,296.388000,21542152
2016-02-15,297.899994,320.750000,297.700012,317.250000,315.163666,18888699
2016-02-16,319.399994,324.200012,298.899994,301.149994,299.169556,13598374
2016-02-17,302.950012,313.500000,298.649994,310.149994,308.110382,13717526
2016-02-18,315.149994,319.100006,306.200012,314.000000,311.935059,12498247
2016-02-19,312.100006,320.000000,311.100006,318.200012,316.107483,7706462
2016-02-22,320.000000,324.200012,313.600006,318.850006,316.753174,8699779
2016-02-23,324.000000,324.750000,314.450012,318.549988,316.455109,11635881
2016-02-24,316.000000,316.000000,304.750000,306.299988,304.285675,7629905
2016-02-25,309.799988,312.200012,296.200012,298.200012,296.238983,12959812
2016-02-26,303.200012,305.200012,297.600006,301.799988,299.815277,9181680
2016-02-29,303.200012,305.750000,290.250000,299.700012,297.729126,12607181
2016-03-01,301.100006,317.000000,301.100006,315.350006,313.276215,11440045
2016-03-02,322.899994,326.000000,314.350006,317.100006,315.014679,12418149
2016-03-03,324.500000,339.799988,321.500000,336.700012,334.485809,12844057
2016-03-04,340.149994,348.750000,338.649994,343.500000,341.241058,8197520
2016-03-08,346.500000,353.750000,341.500000,346.049988,343.774292,7888999
2016-03-09,339.899994,349.000000,336.000000,347.700012,345.413452,6383925
2016-03-10,347.000000,353.600006,341.399994,348.500000,346.208160,7443048
2016-03-11,348.500000,355.899994,345.149994,354.250000,351.920410,7641330
2016-03-14,359.899994,370.549988,358.950012,366.450012,364.040161,13066837
2016-03-15,366.899994,370.700012,359.549988,360.399994,358.029938,9800731
2016-03-16,359.950012,362.750000,353.299988,359.549988,357.185516,7554537
2016-03-17,366.899994,367.399994,358.600006,360.899994,358.526642,6914296
2016-03-18,362.500000,367.799988,362.500000,366.049988,363.642761,6594019
2016-03-21,367.250000,375.500000,365.750000,374.700012,372.235901,9325793
2016-03-22,376.950012,381.500000,370.399994,377.200012,374.719452,8909026
2016-03-23,378.000000,379.450012,374.049988,377.000000,374.520782,5766182
2016-03-28,375.500000,375.500000,361.500000,363.299988,360.910828,8062793
2016-03-29,364.000000,378.950012,363.049988,372.450012,370.000702,9364810
2016-03-30,380.500000,391.500000,376.799988,388.600006,386.044495,10295891
2016-03-31,387.899994,393.600006,380.500000,386.600006,384.057617,10738707
2016-04-01,386.399994,386.399994,377.700012,379.649994,377.153351,5683771
2016-04-04,385.950012,391.000000,382.399994,388.399994,385.845764,6011729
2016-04-05,386.000000,386.000000,369.000000,370.500000,368.063477,6058241
2016-04-06,373.700012,382.399994,372.049988,376.700012,374.222748,7323269
2016-04-07,375.950012,384.799988,370.299988,375.200012,372.732605,8724110
2016-04-08,375.500000,380.049988,370.500000,371.450012,369.007294,4860484
2016-04-11,373.950012,387.799988,373.899994,386.649994,384.107300,6827449
2016-04-12,387.950012,397.399994,387.149994,395.799988,393.197113,7702684
2016-04-13,400.000000,411.750000,398.149994,408.750000,406.061951,12373115
2016-04-18,407.649994,409.899994,402.500000,407.350006,404.671204,5571076
2016-04-20,407.000000,410.350006,400.649994,404.100006,401.442535,7589901
2016-04-21,408.700012,417.200012,406.000000,411.500000,408.793884,9211869
2016-04-22,412.100006,420.500000,408.000000,417.000000,414.257721,5995998
2016-04-25,417.600006,417.600006,410.000000,412.200012,409.489319,3272996
2016-04-26,408.649994,423.649994,405.049988,419.049988,416.294220,6998505
2016-04-27,418.950012,425.250000,414.649994,418.549988,415.797516,6227941
2016-04-28,418.799988,420.950012,409.700012,411.350006,408.644867,7546101
2016-04-29,410.000000,413.700012,403.049988,408.350006,405.664612,6251095
2016-05-02,407.950012,410.450012,402.500000,407.700012,405.018890,4178821
2016-05-03,410.899994,422.000000,407.799988,409.649994,406.956055,9620804
2016-05-04,405.500000,405.500000,380.100006,381.799988,379.289154,12069134
2016-05-05,384.000000,396.049988,383.149994,391.149994,388.577698,9601341
2016-05-06,388.600006,400.899994,384.500000,398.700012,396.078094,9953672
2016-05-09,400.350006,405.200012,395.149994,403.350006,400.697479,8700283
2016-05-10,400.799988,400.799988,387.149994,388.950012,386.392181,9166453
2016-05-11,384.799988,391.950012,376.100006,379.850006,377.352020,11595875
2016-05-12,379.000000,388.600006,379.000000,387.049988,384.504639,6506343
2016-05-13,391.250000,394.000000,385.500000,389.950012,387.385620,14027896
2016-05-16,393.799988,396.700012,389.000000,392.700012,390.117523,8248193
2016-05-17,392.600006,395.000000,386.600006,389.700012,387.137238,9425555
2016-05-18,383.500000,387.350006,381.600006,384.850006,382.319153,8589315
2016-05-19,386.250000,393.299988,381.950012,386.899994,384.355652,10988676
2016-05-20,386.700012,392.700012,383.500000,384.450012,381.921783,6537509
2016-05-23,388.549988,389.950012,380.100006,381.750000,379.239502,8153090
2016-05-24,383.799988,391.750000,382.649994,389.100006,386.541168,10568106
2016-05-25,394.000000,399.950012,394.000000,397.000000,394.389252,8897382
2016-05-26,400.500000,402.000000,396.750000,399.250000,396.624420,8469732
2016-05-27,400.000000,405.000000,396.000000,403.899994,401.243835,9035525
2016-05-30,404.799988,423.600006,401.299988,421.250000,418.479736,15767133
2016-05-31,456.000000,464.899994,445.000000,459.649994,456.627228,110744326
2016-06-01,455.750000,458.299988,445.000000,449.200012,446.245972,10389215
2016-06-02,444.100006,460.500000,444.100006,453.450012,450.468018,13674434
2016-06-03,458.049988,461.799988,452.500000,453.950012,450.964722,11672544
2016-06-06,457.799988,465.000000,450.200012,460.500000,457.471649,9356808
2016-06-07,466.450012,466.450012,459.000000,463.049988,460.004883,12568902
2016-06-08,465.500000,468.799988,463.200012,466.149994,463.084473,10467158
2016-06-09,469.450012,470.250000,465.000000,467.149994,464.077911,8525017
2016-06-10,466.750000,466.750000,454.500000,456.950012,453.945038,7039858
2016-06-13,451.000000,451.399994,436.700012,444.250000,441.328522,9507282
2016-06-14,446.899994,453.850006,441.149994,448.399994,445.451202,9615226
2016-06-15,449.899994,453.000000,447.250000,452.100006,449.126892,5704865
2016-06-16,449.700012,455.500000,446.049988,454.350006,451.362122,7255454
2016-06-17,461.000000,465.750000,457.299988,464.399994,461.345978,7836702
2016-06-20,464.750000,484.200012,460.250000,482.049988,478.879913,9261350
2016-06-21,484.000000,486.200012,477.600006,484.899994,481.711182,8907801
2016-06-22,483.049988,484.799988,468.049988,472.700012,469.591431,7660165
2016-06-23,476.100006,489.899994,476.100006,487.950012,484.741119,9628216
2016-06-24,439.200012,453.750000,421.250000,449.399994,446.444641,40998600
2016-06-27,451.799988,457.250000,443.600006,448.950012,445.997620,12450283
2016-06-28,448.000000,448.000000,433.000000,440.399994,437.503845,10190394
2016-06-29,447.100006,449.799988,445.399994,447.250000,444.308777,6285461
2016-06-30,454.299988,462.250000,451.549988,459.250000,456.229858,13214064
2016-07-01,463.600006,464.750000,454.700012,457.899994,454.888733,7027759
2016-07-04,467.000000,474.850006,467.000000,469.500000,466.412445,8413087
2016-07-05,468.500000,469.000000,459.500000,460.899994,457.869019,4934087
2016-07-07,460.950012,465.450012,454.100006,455.149994,452.156799,6580663
2016-07-08,464.299988,468.200012,462.649994,466.299988,463.233490,9263727
2016-07-11,472.100006,486.799988,472.100006,484.600006,481.413147,10477166
2016-07-12,486.000000,488.649994,481.100006,484.299988,481.115112,6767972
2016-07-13,485.950012,488.100006,477.950012,481.100006,477.936188,5855718
2016-07-14,480.100006,489.299988,478.950012,486.100006,482.903290,5983007
2016-07-15,480.000000,501.700012,479.649994,494.000000,490.751343,8889558
2016-07-18,495.000000,505.000000,490.000000,492.649994,489.608429,7463954
2016-07-19,493.899994,503.500000,493.450012,499.250000,496.167664,7665519
2016-07-20,496.299988,502.450012,492.450012,493.899994,490.850708,5697901
2016-07-21,498.450012,500.000000,489.700012,491.049988,488.018311,3658371
2016-07-22,494.450012,508.450012,493.500000,507.200012,504.068634,5588143
2016-07-25,505.500000,510.950012,503.350006,509.000000,505.857483,4638151
2016-07-26,506.049988,513.349976,502.100006,503.250000,500.142975,6187499
2016-07-27,507.750000,513.049988,505.500000,510.100006,506.950714,5193425
2016-07-28,510.000000,511.899994,498.750000,506.850006,503.720764,6338260
2016-07-29,507.799988,510.500000,501.100006,503.200012,500.093323,3746332
2016-08-01,506.799988,514.900024,505.500000,508.250000,505.112122,4748497
2016-08-02,510.000000,511.200012,491.149994,493.299988,490.254395,5251838
2016-08-03,494.500000,499.500000,475.500000,478.399994,475.446411,7925049
2016-08-04,490.100006,501.450012,488.600006,500.000000,496.913055,9476008
2016-08-05,507.200012,518.700012,502.149994,516.400024,513.211792,6393514
2016-08-08,518.200012,522.599976,513.400024,514.799988,511.621674,4649302
2016-08-09,521.000000,522.000000,509.200012,513.799988,510.627838,6015760
2016-08-10,515.599976,516.500000,502.299988,503.450012,500.341766,6371139
2016-08-11,503.750000,505.000000,495.100006,503.250000,500.142975,4112806
2016-08-12,506.899994,519.500000,506.149994,516.799988,513.609314,7167435
2016-08-16,512.950012,515.000000,503.299988,507.600006,504.466156,6034295
2016-08-17,511.100006,514.250000,505.850006,510.399994,507.248840,5853980
2016-08-18,512.400024,517.900024,510.750000,512.049988,508.888641,4990558
2016-08-19,514.000000,515.000000,508.200012,510.000000,506.851318,4567273
2016-08-22,509.100006,513.599976,503.100006,503.950012,500.838684,4330313
2016-08-23,505.250000,508.600006,500.450012,504.000000,500.888336,5342115
2016-08-24,504.700012,506.049988,493.600006,498.350006,495.273254,5189459
2016-08-25,498.350006,503.299988,491.299988,493.850006,490.801056,8787262
2016-08-26,502.000000,515.349976,486.000000,503.750000,500.639923,16347856
2016-08-29,522.500000,528.750000,515.400024,525.299988,522.056885,12534399
2016-08-30,528.500000,530.799988,524.099976,529.000000,525.734009,6611147
2016-08-31,529.000000,548.799988,529.000000,537.700012,534.380310,15725942
2016-09-01,540.500000,546.650024,540.000000,543.650024,540.293579,7571854
2016-09-02,552.000000,555.900024,549.099976,549.849976,546.455261,10097146
2016-09-06,556.349976,593.299988,556.349976,588.700012,585.065430,15813178
2016-09-07,590.000000,598.400024,584.000000,587.400024,583.773499,13408927
2016-09-08,590.750000,591.700012,577.750000,584.200012,580.593262,10456258
2016-09-09,580.000000,582.950012,571.700012,573.250000,569.710815,7159068
2016-09-12,551.000000,560.000000,549.250000,553.450012,550.033081,7055294
2016-09-14,556.250000,565.349976,544.099976,560.500000,557.039490,12364724
2016-09-15,562.000000,566.250000,555.400024,557.549988,554.107727,5258859
2016-09-16,562.400024,568.200012,546.349976,548.700012,545.312378,10931845
2016-09-19,553.799988,556.400024,549.450012,554.450012,551.026855,6979269
2016-09-20,555.000000,556.299988,545.500000,548.450012,545.063965,6874462
2016-09-21,548.599976,556.400024,544.000000,549.900024,546.505005,5919149
2016-09-22,561.200012,562.950012,551.349976,558.450012,555.002197,6012388
2016-09-23,558.500000,558.500000,551.200012,553.049988,549.635498,4840360
2016-09-26,549.950012,549.950012,533.750000,535.299988,531.995117,6858574
2016-09-27,537.700012,542.000000,530.250000,531.950012,528.665771,4912743
2016-09-28,533.000000,545.400024,531.500000,540.000000,536.666138,6604953
2016-09-29,543.000000,546.900024,516.650024,526.299988,523.050659,9315794
2016-09-30,525.599976,536.549988,521.200012,534.849976,531.547852,5659248
2016-10-03,539.400024,546.000000,539.000000,540.799988,537.461121,4505939
2016-10-04,547.400024,552.400024,540.650024,549.950012,546.554688,5715454
2016-10-05,555.299988,562.400024,549.750000,559.650024,556.194824,5929204
2016-10-06,563.099976,564.200012,549.099976,551.450012,548.045471,4273945
2016-10-07,554.500000,567.299988,552.599976,565.700012,562.207397,9122002
2016-10-10,571.099976,571.099976,560.900024,562.049988,558.579956,3673211
2016-10-13,556.900024,556.900024,537.000000,544.849976,541.486145,9510827
2016-10-14,546.000000,557.450012,545.000000,556.099976,552.666687,5872827
2016-10-17,557.849976,557.849976,545.900024,547.549988,544.169495,3463154
2016-10-18,549.200012,556.000000,549.200012,554.250000,550.828125,3965424
2016-10-19,552.049988,554.900024,545.049988,550.500000,547.101257,4275157
2016-10-20,553.049988,554.000000,546.000000,546.849976,543.473755,2770011
2016-10-21,549.000000,550.000000,541.500000,544.500000,541.138306,2789747
2016-10-24,544.000000,564.000000,543.549988,559.799988,556.343872,5161299
2016-10-25,549.849976,561.000000,549.099976,553.799988,550.380859,5690576
2016-10-26,548.000000,548.000000,523.150024,530.049988,526.777527,6665017
2016-10-27,515.599976,525.750000,510.750000,522.000000,518.777222,18470182
2016-10-28,527.000000,539.950012,525.099976,537.000000,533.684631,5665910
2016-11-01,534.400024,537.900024,525.049988,530.599976,527.324097,6848662
2016-11-02,522.599976,526.000000,512.349976,513.299988,510.130920,4750117
2016-11-03,509.799988,521.450012,505.200012,510.200012,507.050079,6909458
2016-11-04,509.250000,516.349976,501.600006,512.299988,509.137115,7564243
2016-11-07,513.000000,521.299988,505.049988,506.350006,503.223877,5507954
2016-11-08,518.400024,543.000000,517.000000,540.200012,536.864929,12739083
2016-11-09,501.149994,544.000000,500.000000,533.500000,530.206238,10276017
2016-11-10,536.000000,549.349976,531.500000,533.700012,530.404968,6906437
2016-11-11,526.500000,530.000000,505.000000,507.299988,504.167969,7823667
2016-11-15,484.899994,484.899994,453.000000,457.399994,454.576050,15356070
2016-11-16,468.450012,471.700012,450.000000,458.450012,455.619598,10855618
2016-11-17,460.000000,476.000000,459.649994,472.850006,469.930695,8949767
2016-11-18,469.899994,473.850006,461.850006,471.250000,468.340546,7246244
2016-11-21,468.000000,472.799988,451.500000,456.950012,454.128876,7325876
2016-11-22,464.049988,471.000000,453.299988,464.850006,461.980072,6644867
2016-11-23,467.000000,475.299988,462.000000,471.500000,468.589020,6727083
2016-11-24,466.350006,466.350006,449.700012,452.950012,450.153564,8046995
2016-11-25,454.100006,456.350006,443.149994,452.350006,449.557251,7426347
2016-11-28,451.250000,460.000000,450.500000,454.700012,451.892731,5025929
2016-11-29,455.000000,466.299988,451.350006,459.850006,457.010925,8570549
2016-11-30,460.000000,463.799988,455.100006,459.299988,456.464325,8377510
2016-12-01,457.000000,457.700012,446.899994,448.200012,445.432892,7706825
2016-12-02,445.000000,453.500000,431.149994,432.899994,430.227325,10450654
2016-12-05,436.000000,441.000000,428.299988,439.299988,436.587799,8211182
2016-12-06,441.000000,445.899994,438.100006,441.100006,438.376709,4209420
2016-12-07,440.000000,449.200012,439.250000,445.350006,442.600464,5559803
2016-12-08,451.200012,464.399994,451.200012,461.549988,458.700439,8176055
2016-12-09,464.950012,468.549988,460.600006,464.100006,461.234711,5690877
2016-12-12,461.950012,461.950012,451.049988,454.399994,451.594604,3837786
2016-12-13,476.799988,486.250000,462.250000,470.649994,467.744232,63880404
2016-12-14,470.200012,476.799988,462.649994,472.350006,469.433777,7660437
2016-12-15,464.000000,473.600006,462.500000,463.200012,460.340240,6539067
2016-12-16,465.000000,474.899994,464.200012,473.149994,470.228821,9015744
2016-12-19,470.899994,478.549988,465.500000,471.799988,468.887177,5445624
2016-12-20,473.000000,475.000000,469.100006,473.149994,470.228821,3690160
2016-12-21,473.500000,474.500000,467.100006,468.500000,465.607513,3492856
2016-12-22,468.149994,472.950012,464.799988,469.600006,466.700745,5436494
2016-12-23,464.950012,468.299988,460.000000,465.649994,462.775116,3957854
2016-12-26,465.500000,465.500000,455.600006,457.850006,455.023285,3282425
2016-12-27,460.000000,468.750000,457.399994,466.950012,464.067108,3164664
2016-12-28,467.000000,468.649994,462.000000,463.350006,460.489319,3772181
2016-12-29,462.750000,472.700012,459.350006,470.899994,467.992706,4763171
2016-12-30,471.000000,475.000000,467.500000,472.000000,469.085907,3605555
2017-01-02,472.000000,488.700012,469.049988,487.049988,484.042999,4024156
2017-01-03,491.000000,492.700012,479.899994,481.100006,478.129761,5814518
2017-01-04,484.649994,493.700012,484.100006,486.649994,483.645447,4769872
2017-01-05,496.000000,503.399994,495.549988,502.149994,499.049774,7961242
2017-01-06,502.950012,507.950012,496.250000,497.750000,494.676971,4907475
2017-01-09,499.399994,504.600006,492.149994,500.149994,497.062134,3932710
2017-01-10,506.549988,518.000000,505.950012,516.250000,513.062744,7973024
2017-01-11,520.250000,523.950012,517.150024,519.250000,516.044250,4886398
2017-01-12,521.700012,524.000000,513.200012,518.250000,515.050415,4219627
2017-01-13,523.250000,523.250000,507.500000,514.849976,511.671326,6367248
2017-01-16,518.650024,529.450012,517.000000,526.400024,523.150085,6084582
2017-01-17,528.099976,530.799988,521.000000,523.700012,520.466736,4297426
2017-01-18,523.049988,529.599976,521.200012,522.450012,519.224426,5874608
2017-01-19,523.000000,535.599976,522.700012,531.450012,528.168945,5810128
2017-01-20,527.400024,529.299988,521.250000,523.200012,519.969788,5013928
2017-01-23,523.200012,534.950012,523.000000,532.700012,529.411194,4209879
2017-01-24,533.000000,543.000000,532.349976,541.549988,538.206543,5183630
2017-01-25,543.250000,551.900024,541.549988,548.900024,545.511169,4504941
2017-01-27,549.000000,552.000000,539.750000,541.950012,538.604065,4493803
2017-01-30,542.000000,543.500000,530.799988,532.299988,529.013611,4163428
2017-01-31,530.200012,531.500000,518.000000,523.549988,520.317688,6035022
2017-02-01,527.500000,544.500000,522.900024,542.250000,538.902222,4786720
2017-02-02,537.599976,537.599976,526.799988,531.500000,528.218567,6579801
2017-02-03,531.900024,531.900024,519.500000,522.599976,519.373535,5298261
2017-02-06,527.900024,531.450012,523.200012,525.849976,522.603455,3642527
2017-02-07,524.799988,524.799988,502.000000,506.799988,503.671051,7987282
2017-02-08,512.349976,514.950012,506.299988,513.049988,509.882477,5975054
2017-02-09,515.400024,518.000000,505.750000,512.849976,509.683685,4099871
2017-02-10,513.000000,514.799988,506.500000,509.549988,506.404083,4732032
2017-02-13,512.700012,512.700012,503.299988,505.299988,502.180298,4700518
2017-02-14,503.000000,506.700012,466.549988,482.049988,479.073853,14901414
2017-02-15,449.049988,453.000000,434.350006,436.450012,433.755402,38638630
2017-02-16,442.549988,447.600006,435.399994,446.000000,443.246429,11622714
2017-02-17,447.899994,456.600006,442.399994,452.950012,450.153564,10063504
2017-02-20,451.500000,458.450012,449.000000,455.450012,452.638123,5866707
2017-02-21,456.899994,462.799988,454.500000,458.649994,455.818329,6875914
2017-02-22,460.250000,466.700012,455.799988,460.049988,457.209686,7315280
2017-02-23,464.000000,464.700012,457.250000,462.350006,459.495514,9492419
2017-02-27,464.000000,464.000000,455.100006,457.799988,454.973602,5510484
2017-02-28,460.000000,460.000000,454.100006,456.750000,453.930084,5722402
2017-03-01,455.899994,455.899994,448.000000,449.450012,446.675171,8367579
2017-03-02,457.850006,467.899994,453.200012,461.700012,458.849548,13667695
2017-03-03,463.299988,466.850006,458.600006,459.950012,457.110321,7085620
2017-03-06,462.500000,472.700012,462.100006,470.799988,467.893311,4036291
2017-03-07,469.500000,475.899994,466.049988,467.549988,464.663391,7114541
2017-03-08,469.399994,469.600006,461.149994,462.799988,459.942719,5351597
2017-03-09,462.450012,469.700012,462.000000,467.600006,464.713104,3837624
2017-03-10,471.000000,471.850006,465.100006,469.100006,466.203857,5766815
2017-03-14,481.000000,483.000000,468.450012,469.750000,466.849823,6348198
2017-03-15,475.000000,476.549988,470.649994,473.450012,470.526978,4801312
2017-03-16,478.700012,482.000000,476.149994,480.950012,477.980682,6272947
2017-03-17,481.350006,484.200012,471.700012,476.500000,473.558167,6338248
2017-03-20,476.549988,478.200012,470.750000,476.000000,473.061218,2871104
2017-03-21,478.000000,478.049988,470.649994,473.750000,470.825134,4685410
2017-03-22,469.950012,469.950012,458.500000,459.899994,457.060608,4695648
2017-03-23,461.299988,477.000000,461.299988,472.899994,469.980377,8665384
2017-03-24,470.750000,474.799988,467.549988,470.399994,467.495819,4296510
2017-03-27,469.000000,469.149994,462.100006,464.750000,461.880676,4417413
2017-03-28,467.500000,473.000000,467.500000,472.399994,469.483459,2982614
2017-03-29,474.899994,475.000000,463.600006,469.049988,466.154144,6680569
2017-03-30,463.500000,469.799988,462.850006,468.399994,465.508148,9482785
2017-03-31,466.500000,472.500000,464.500000,465.850006,462.973877,6400088
2017-04-03,468.250000,472.299988,467.600006,470.399994,467.495819,2951896
2017-04-05,470.399994,475.000000,467.250000,473.500000,470.576660,5287168
2017-04-06,474.299988,478.500000,470.600006,473.200012,470.278503,6703078
2017-04-07,468.450012,480.549988,466.649994,468.299988,465.408752,8089461
2017-04-10,471.649994,478.299988,467.549988,474.899994,471.968018,5437523
2017-04-11,477.899994,478.350006,471.100006,472.250000,469.334381,4887918
2017-04-12,468.700012,471.549988,461.600006,464.549988,461.681885,5991598
2017-04-13,461.850006,463.350006,451.200012,453.350006,450.551056,5930185
2017-04-17,452.000000,455.700012,447.299988,449.200012,446.426697,4913930
2017-04-18,452.000000,455.750000,442.500000,443.700012,440.960663,4235130
2017-04-19,443.000000,449.500000,438.299988,443.049988,440.314667,6319332
2017-04-20,447.850006,447.850006,442.100006,443.950012,441.209106,3288900
2017-04-21,446.750000,448.450012,437.600006,440.600006,437.879791,5325590
2017-04-24,439.799988,449.000000,438.750000,443.850006,441.109711,6214069
2017-04-25,445.850006,447.750000,443.299988,445.649994,442.898621,5894090
2017-04-26,446.000000,454.399994,445.500000,450.799988,448.016785,8438042
2017-04-27,455.000000,460.899994,452.700012,455.350006,452.538727,10589249
2017-04-28,457.100006,462.000000,454.399994,458.899994,456.066803,5126904
2017-05-02,456.600006,457.200012,448.549988,451.250000,448.464020,6071958
2017-05-03,451.350006,456.000000,444.649994,446.600006,443.842743,5158586
2017-05-04,446.649994,448.100006,435.149994,436.500000,433.805084,6204022
2017-05-05,436.500000,436.500000,418.000000,419.600006,417.009460,9487539
2017-05-08,424.750000,428.700012,417.250000,422.649994,420.040588,7427873
2017-05-09,424.750000,428.799988,422.700012,426.799988,424.164978,2833132
2017-05-10,427.799988,433.000000,424.000000,432.299988,429.631012,5378402
2017-05-11,434.000000,434.500000,425.399994,427.450012,424.810974,4049649
2017-05-12,429.649994,433.799988,427.450012,430.850006,428.190002,3850940
2017-05-15,434.000000,434.000000,430.100006,431.899994,429.233490,1885702
2017-05-16,432.250000,439.500000,432.250000,437.250000,434.550446,3452072
2017-05-17,436.500000,452.500000,435.100006,449.100006,446.327332,6572678
2017-05-18,442.000000,448.700012,436.000000,437.950012,435.246155,6158546
2017-05-19,439.000000,444.950012,434.600006,443.350006,440.612823,4387481
2017-05-22,446.000000,452.750000,442.600006,449.649994,446.873901,6145914
2017-05-23,451.450012,456.450012,444.299988,450.500000,447.718658,10330814
2017-05-24,470.000000,473.350006,458.100006,469.549988,466.651031,27370795
2017-05-25,470.000000,479.000000,464.700012,476.000000,473.061218,15108872
2017-05-26,474.100006,488.250000,473.500000,481.100006,478.129761,7692869
2017-05-29,482.500000,485.000000,471.799988,481.500000,478.527283,4253044
2017-05-30,482.700012,487.000000,480.000000,481.299988,478.328491,3101380
2017-05-31,482.299988,483.000000,474.799988,476.149994,473.210297,5393856
2017-06-01,476.950012,479.700012,473.549988,476.649994,473.707214,3001232
2017-06-02,480.000000,485.950012,477.700012,478.750000,475.794250,4319080
2017-06-05,478.299988,481.899994,475.200012,478.149994,475.197937,2464819
2017-06-06,482.899994,484.350006,457.600006,461.000000,458.153839,8016939
2017-06-07,462.549988,463.649994,453.500000,458.000000,455.172363,5250544
2017-06-08,459.500000,463.450012,457.350006,460.799988,457.955048,4066322
2017-06-09,459.950012,468.000000,455.000000,467.100006,464.216187,4598706
2017-06-12,463.750000,465.250000,455.200012,456.250000,453.433167,4341696
2017-06-13,457.149994,458.750000,448.000000,449.549988,446.774506,3577406
2017-06-14,450.799988,453.399994,447.049988,451.950012,449.159729,3605931
2017-06-15,452.000000,457.850006,446.950012,448.299988,445.532257,3879154
2017-06-16,454.700012,458.399994,452.000000,455.750000,452.936249,7042094
2017-06-19,453.799988,456.399994,450.500000,452.350006,449.557251,3869675
2017-06-20,457.000000,470.750000,456.000000,467.399994,464.514313,12014975
2017-06-21,466.000000,466.000000,455.500000,457.299988,454.476654,5436141
2017-06-22,458.850006,463.000000,451.600006,452.700012,449.905090,5008885
2017-06-23,454.000000,456.500000,442.399994,443.149994,440.414032,6753648
2017-06-27,443.799988,444.500000,434.399994,442.299988,439.569275,5915274
2017-06-28,443.899994,446.799988,440.149994,442.500000,439.768036,4960238
2017-06-29,444.500000,446.250000,434.000000,435.600006,432.910675,11085101
2017-06-30,433.899994,435.600006,428.049988,432.549988,429.879456,4776892
2017-07-03,431.500000,434.700012,426.250000,430.250000,427.593689,6230025
2017-07-04,434.200012,436.399994,426.000000,426.899994,424.264374,5020683
2017-07-05,428.899994,433.950012,427.399994,431.750000,429.084442,5050749
2017-07-06,435.399994,438.799988,433.799988,437.100006,434.401428,4038188
2017-07-07,434.450012,441.450012,432.250000,436.850006,434.152954,5311730
2017-07-10,446.600006,448.100006,444.000000,446.950012,444.190613,1154721
2017-07-11,452.000000,462.299988,451.000000,456.950012,454.128876,12069006
2017-07-12,461.000000,463.799988,456.600006,461.000000,458.153839,6051540
2017-07-13,464.500000,464.500000,455.549988,459.049988,456.215881,4382063
2017-07-14,460.000000,460.000000,450.399994,451.299988,448.513702,3974269
2017-07-17,455.000000,458.350006,453.250000,454.149994,451.346130,4922453
2017-07-18,452.600006,459.500000,452.600006,456.149994,453.333771,2349268
2017-07-19,453.000000,462.899994,453.000000,460.600006,457.756317,3395937
2017-07-20,463.500000,464.350006,457.350006,460.149994,457.309082,3318626
2017-07-21,460.000000,465.899994,457.600006,464.600006,461.731598,3150269
2017-07-24,464.950012,468.350006,461.000000,464.000000,461.135315,3773074
2017-07-25,462.149994,464.700012,454.700012,456.100006,453.284088,7052112
2017-07-26,457.200012,458.700012,455.000000,457.299988,454.476654,3641559
2017-07-27,459.000000,460.950012,440.299988,445.399994,442.650146,13738611
2017-07-28,444.600006,447.450012,442.450012,445.850006,443.097351,3365171
2017-07-31,446.250000,449.700012,443.700012,444.600006,441.855072,3804621
2017-08-01,446.549988,452.350006,445.700012,446.899994,444.140900,4012791
2017-08-02,449.500000,449.950012,438.149994,440.350006,437.631348,4045533
2017-08-03,441.000000,441.500000,429.600006,431.450012,428.786285,6197142
2017-08-04,435.100006,438.750000,433.450012,435.600006,432.910675,4166729
2017-08-07,438.600006,439.799988,425.299988,430.000000,427.345215,6461815
2017-08-08,432.000000,435.500000,426.000000,430.000000,427.345215,7134979
2017-08-09,428.799988,429.899994,415.000000,416.049988,413.481354,10849567
2017-08-10,401.000000,403.600006,375.250000,380.200012,377.852722,28114017
2017-08-11,376.000000,379.100006,358.500000,374.500000,372.187866,14699477
2017-08-14,380.000000,381.799988,372.600006,375.399994,373.082306,8216208
2017-08-16,379.450012,390.700012,375.500000,389.250000,386.846802,11019760
2017-08-17,392.450012,392.450012,384.500000,385.299988,382.921173,5971420
2017-08-18,381.750000,383.000000,377.000000,380.399994,378.051422,5856198
2017-08-21,382.000000,382.549988,371.299988,374.350006,372.038788,5123101
2017-08-22,378.799988,379.950012,372.250000,373.600006,371.293457,4163794
2017-08-23,376.000000,381.149994,373.350006,379.950012,377.604248,4448871
2017-08-24,380.100006,385.950012,380.100006,384.149994,381.778290,5208541
2017-08-28,385.850006,387.399994,378.299988,379.299988,376.958221,4403872
2017-08-29,379.000000,382.350006,374.450012,376.100006,373.778015,4689547
2017-08-30,380.850006,382.750000,377.450012,378.500000,376.163177,3734824
2017-08-31,380.049988,380.450012,375.799988,376.549988,374.225220,4685511
2017-09-01,379.350006,392.850006,378.649994,390.850006,388.436951,7380325
2017-09-04,393.000000,396.049988,380.500000,383.399994,381.032928,8433560
2017-09-05,385.700012,389.500000,383.399994,388.149994,385.753601,4477993
2017-09-06,385.000000,386.700012,381.850006,382.700012,380.337280,5953907
2017-09-07,383.700012,384.399994,376.000000,378.149994,375.815338,7938665
2017-09-08,381.000000,381.799988,374.049988,375.049988,372.734467,7471355
2017-09-11,380.000000,380.000000,374.200012,375.299988,372.982941,5402725
2017-09-12,378.700012,390.000000,375.500000,388.250000,385.852997,9266823
2017-09-13,391.000000,393.950012,387.200012,389.649994,387.244354,6537279
2017-09-14,390.750000,406.600006,390.250000,404.399994,401.903259,11476571
2017-09-15,402.850006,406.750000,400.000000,401.750000,399.269623,9675506
2017-09-18,411.850006,413.000000,403.200012,404.950012,402.449921,8966503
2017-09-19,415.000000,427.700012,414.000000,423.649994,421.034424,28208471
2017-09-20,422.750000,422.750000,413.000000,414.799988,412.239075,5179160
2017-09-21,415.399994,418.450012,408.799988,413.649994,411.096191,6946502
2017-09-22,414.000000,422.149994,408.850006,411.799988,409.257568,9781308
2017-09-25,413.649994,415.299988,404.600006,408.200012,405.679840,6957357
2017-09-26,409.399994,413.899994,403.299988,411.250000,408.710968,5077291
2017-09-27,413.500000,414.250000,402.000000,404.899994,402.400208,4727360
2017-09-28,406.950012,406.950012,399.000000,401.399994,398.921783,4850748
2017-09-29,401.399994,405.000000,397.399994,401.500000,399.021179,7520906
2017-10-03,428.000000,428.000000,415.000000,416.000000,413.431671,9696920
2017-10-04,417.549988,426.000000,412.700012,423.549988,420.935059,7663143
2017-10-05,423.000000,425.799988,420.100006,423.299988,420.686584,4606192
2017-10-06,422.000000,426.000000,416.200012,424.850006,422.227020,5308695
2017-10-09,424.000000,432.100006,423.049988,425.600006,422.972412,4414381
2017-10-10,425.600006,428.899994,421.399994,423.600006,420.984741,5057869
2017-10-11,424.899994,424.899994,414.100006,415.500000,412.934753,4320451
2017-10-12,415.500000,421.799988,409.350006,420.149994,417.556030,5442846
2017-10-13,421.000000,429.299988,418.899994,424.799988,422.177338,6969434
2017-10-16,426.299988,438.000000,425.850006,437.049988,434.351715,8476709
2017-10-17,435.750000,435.750000,430.200012,432.299988,429.631012,5135763
2017-10-18,432.250000,437.299988,426.600006,433.200012,430.525482,5539785
2017-10-19,433.000000,433.100006,424.250000,426.950012,424.314087,1313380
2017-10-23,429.100006,430.850006,421.000000,422.750000,420.139984,4013418
2017-10-24,422.750000,423.799988,415.049988,416.049988,413.481354,4541742
2017-10-25,421.000000,424.399994,415.100006,421.950012,419.344940,5666968
2017-10-26,421.700012,422.399994,417.000000,419.399994,416.810669,6207936
2017-10-27,422.049988,434.350006,422.049988,429.899994,427.245819,7414741
2017-10-30,428.250000,440.950012,428.250000,436.549988,433.854767,7675104
2017-10-31,438.850006,438.850006,427.299988,428.399994,425.755127,6214996
2017-11-01,430.950012,439.950012,428.450012,437.750000,435.047394,7310931
2017-11-02,435.700012,440.399994,429.899994,434.899994,432.214966,8262211
2017-11-03,434.000000,449.350006,432.649994,447.700012,444.935974,8116263
2017-11-06,445.750000,468.000000,443.549988,462.899994,460.042114,19456789
2017-11-07,458.200012,465.899994,450.049988,451.850006,449.060333,13266543
2017-11-08,448.000000,455.000000,431.299988,438.200012,435.494629,11193613
2017-11-09,442.100006,450.899994,425.649994,440.149994,437.432556,40547266
2017-11-10,438.950012,438.950012,420.000000,422.549988,419.941193,22534490
2017-11-13,423.000000,427.500000,416.100006,418.100006,415.518707,9857544
2017-11-14,418.549988,421.850006,410.649994,414.299988,411.742157,8987515
2017-11-15,414.299988,417.549988,407.000000,408.649994,406.127045,9867270
2017-11-16,411.350006,415.899994,411.350006,413.450012,410.897430,6291441
2017-11-17,419.450012,423.450012,417.000000,421.799988,419.195831,6191428
2017-11-20,421.000000,425.700012,420.100006,423.000000,420.388458,4051153
2017-11-21,424.450012,430.000000,422.500000,424.250000,421.630737,6745407
2017-11-22,425.450012,433.000000,424.500000,428.600006,425.953857,7899417
2017-11-23,428.600006,431.049988,422.450012,426.250000,423.618378,7374216
2017-11-24,427.000000,429.950012,424.250000,425.500000,422.873016,5108182
2017-11-27,423.000000,424.750000,417.799988,421.399994,418.798309,7946028
2017-11-28,419.799988,422.250000,414.500000,415.950012,413.381989,6217480
2017-11-29,415.899994,419.450012,412.049988,413.950012,411.394318,4327453
2017-11-30,410.399994,412.250000,402.250000,404.149994,401.654816,25646262
2017-12-01,407.899994,410.250000,396.500000,398.899994,396.437225,7959197
2017-12-04,405.799988,411.250000,401.700012,403.649994,401.157928,10043491
2017-12-05,404.549988,405.500000,396.549988,402.250000,399.766571,7144542
2017-12-06,400.200012,404.000000,395.000000,397.049988,394.598633,5573968
2017-12-07,398.000000,405.299988,397.149994,402.000000,399.518097,7998863
2017-12-08,406.000000,413.750000,406.000000,411.149994,408.611603,12288946
2017-12-11,412.000000,415.200012,409.049988,410.149994,407.617767,5066242
2017-12-12,411.549988,415.500000,405.950012,406.850006,404.338165,6151197
2017-12-13,407.000000,409.850006,400.000000,401.950012,399.468414,5140689
2017-12-14,404.000000,404.549988,398.200012,402.399994,399.915619,4674026
2017-12-15,406.500000,409.000000,404.200012,405.100006,402.598938,5614113
2017-12-18,399.000000,409.899994,389.299988,405.799988,403.294617,5356208
2017-12-19,407.350006,421.700012,407.350006,420.100006,417.506348,9686883
2017-12-20,421.950012,427.750000,419.250000,422.600006,419.990906,11191127
2017-12-21,424.000000,426.049988,419.549988,420.799988,418.202026,4885225
2017-12-22,422.049988,426.399994,420.899994,422.000000,419.394623,5345261
2017-12-26,422.000000,425.149994,421.149994,424.200012,421.581055,3700655
2017-12-27,423.500000,428.450012,420.299988,422.450012,419.841827,3673355
2017-12-28,423.500000,423.700012,416.000000,418.600006,416.015625,5018893
2017-12-29,418.000000,433.450012,417.149994,431.850006,429.183807,8640908
2018-01-01,430.950012,436.399994,422.250000,424.450012,421.829498,6807536
2018-01-02,428.850006,440.850006,422.000000,439.299988,436.587799,15331261
2018-01-03,440.399994,441.399994,431.950012,433.899994,431.221130,9794953
2018-01-04,430.000000,433.299988,425.750000,429.950012,427.295532,8395377
2018-01-05,431.250000,436.350006,429.799988,431.600006,428.935364,7021611
2018-01-08,432.000000,436.200012,431.649994,433.549988,430.873291,4635214
2018-01-09,434.250000,443.500000,433.000000,437.549988,434.848602,12629045
2018-01-10,438.000000,439.299988,431.299988,433.299988,430.624847,4702579
2018-01-11,433.500000,437.600006,432.899994,434.750000,432.065887,4564895
2018-01-12,437.000000,441.450012,432.100006,437.100006,434.401428,7408870
2018-01-15,438.049988,440.049988,431.049988,432.350006,429.680725,4042775
2018-01-16,433.000000,435.200012,419.500000,421.899994,419.295227,5623745
2018-01-17,422.049988,424.500000,410.100006,422.950012,420.338776,10204447
2018-01-18,424.000000,428.299988,414.450012,418.950012,416.363464,9579830
2018-01-19,415.200012,421.950012,415.049988,418.049988,415.468994,3894062
2018-01-22,419.049988,424.399994,418.450012,421.899994,419.295227,4643782
2018-01-23,422.799988,422.799988,414.750000,418.000000,415.419312,6185011
2018-01-24,416.000000,416.250000,402.649994,403.600006,401.108246,10789570
2018-01-25,403.450012,407.649994,398.000000,400.299988,397.828583,16312167
2018-01-29,402.500000,405.899994,398.100006,399.250000,396.785065,5789602
2018-01-30,400.000000,402.299988,395.000000,395.850006,393.406067,6963005
2018-01-31,395.500000,400.950012,395.250000,399.500000,397.033539,5111454
2018-02-01,399.899994,403.799988,390.549988,393.649994,391.219666,7259426
2018-02-02,392.000000,397.399994,381.299988,383.750000,381.380768,10070356
2018-02-05,381.000000,398.000000,380.000000,395.799988,393.356354,9876017
2018-02-06,363.000000,379.850006,356.500000,375.450012,373.132019,25294860
2018-02-07,380.399994,385.399994,375.200012,377.799988,375.467499,12706795
2018-02-08,379.899994,380.000000,372.200012,374.850006,372.535736,12452396
2018-02-09,369.899994,373.200012,368.000000,368.750000,366.473389,8816777
2018-02-12,373.399994,376.200012,370.200012,371.799988,369.504517,6002369
2018-02-14,372.899994,382.299988,370.600006,376.850006,374.523376,9623436
2018-02-15,379.799988,382.200012,373.100006,375.799988,373.479828,10225880
2018-02-16,378.000000,379.399994,367.600006,370.750000,368.461029,8545282
2018-02-19,373.700012,374.700012,362.799988,368.750000,366.473389,5658765
2018-02-20,370.350006,370.899994,366.500000,369.299988,367.019958,3972114
2018-02-21,372.500000,372.500000,362.850006,364.450012,362.199921,8640166
2018-02-22,363.000000,363.000000,357.500000,358.500000,356.286652,10870704
2018-02-23,360.100006,364.600006,358.750000,360.200012,357.976196,6751064
2018-02-26,362.000000,373.500000,362.000000,372.049988,369.752991,10576794
2018-02-27,375.000000,376.600006,370.350006,372.549988,370.249908,6156672
2018-02-28,370.000000,373.649994,367.149994,369.899994,367.616272,8009429
2018-03-01,369.750000,376.299988,369.049988,370.750000,368.461029,6991806
2018-03-05,368.750000,368.750000,350.100006,352.049988,349.876465,14665325
2018-03-06,355.149994,357.950012,345.000000,346.500000,344.360748,8876632
2018-03-07,345.000000,355.299988,343.250000,347.799988,345.652710,15599393
2018-03-08,350.799988,351.899994,341.049988,345.149994,343.019073,7674221
2018-03-09,345.549988,348.700012,340.149994,341.500000,339.391632,5519224
2018-03-12,345.000000,353.799988,340.350006,352.600006,350.423096,8238960
2018-03-13,352.600006,356.450012,350.000000,353.149994,350.969666,6184241
2018-03-14,351.000000,354.899994,349.600006,354.049988,351.864136,3820313
2018-03-15,354.049988,358.399994,351.100006,353.100006,350.919983,4331145
2018-03-16,352.049988,352.600006,338.399994,339.750000,337.652405,14205582
2018-03-19,341.200012,342.100006,332.549988,335.700012,333.627441,9391347
2018-03-20,335.500000,340.399994,333.549988,338.799988,336.708282,5080453
2018-03-21,339.899994,342.250000,332.250000,333.850006,331.788849,6812442
2018-03-22,338.500000,340.250000,334.799988,338.200012,336.112030,9255091
2018-03-23,330.000000,334.799988,329.600006,330.850006,328.807373,8578297
2018-03-26,328.799988,333.899994,324.299988,332.350006,330.298096,8907023
2018-03-27,333.950012,335.799988,330.100006,331.149994,329.105499,6822448
2018-03-28,331.500000,333.649994,325.200012,326.850006,324.832092,10975624
2018-04-02,335.000000,340.799988,332.700012,339.149994,337.056122,9874486
2018-04-03,338.399994,344.500000,337.149994,343.100006,340.981750,6989584
2018-04-04,346.799988,363.700012,346.250000,355.600006,353.404572,27157199
2018-04-05,362.600006,372.350006,359.799988,362.200012,359.963837,28886070
2018-04-06,362.000000,368.350006,356.450012,364.100006,361.852112,13297051
2018-04-09,361.899994,368.600006,357.000000,358.299988,356.087891,9555113
2018-04-10,360.500000,362.350006,351.500000,353.250000,351.069061,8201215
2018-04-11,355.000000,357.149994,350.500000,355.799988,353.603302,5622957
2018-04-12,358.000000,364.399994,357.000000,358.399994,356.187256,13145938
2018-04-13,357.899994,361.000000,354.399994,357.049988,354.845581,5935628
2018-04-16,350.799988,352.799988,337.549988,339.149994,337.056122,19157051
2018-04-17,342.299988,344.200012,332.600006,336.450012,334.372803,14241074
2018-04-18,338.200012,339.750000,333.399994,334.799988,332.732971,6699271
2018-04-19,336.500000,337.000000,332.500000,334.250000,332.186401,7087115
2018-04-20,335.950012,343.250000,334.600006,336.000000,333.925568,11908652
2018-04-23,335.950012,339.500000,333.000000,334.049988,331.987610,8056732
2018-04-24,334.799988,335.000000,330.600006,331.549988,329.503052,9210931
2018-04-25,330.799988,334.000000,327.750000,328.600006,326.571259,6306039
2018-04-26,329.899994,335.950012,326.000000,330.250000,328.211090,16647689
2018-04-27,333.000000,337.649994,331.049988,336.899994,334.820038,8804236
2018-04-30,338.500000,342.750000,337.250000,340.399994,338.298401,5937740
2018-05-02,349.200012,351.649994,335.000000,336.049988,333.975250,16022148
2018-05-03,335.500000,335.899994,329.149994,333.500000,331.441010,6870513
2018-05-04,333.750000,337.299988,329.500000,334.399994,332.335449,6660062
2018-05-07,337.850006,337.850006,333.700012,335.149994,333.080811,3888627
2018-05-08,336.299988,336.600006,330.250000,332.149994,330.099335,8114997
2018-05-09,331.000000,347.250000,331.000000,341.950012,339.838867,19019847
2018-05-10,343.750000,343.750000,332.750000,333.600006,331.540375,11158000
2018-05-11,334.000000,334.000000,330.000000,330.799988,328.757690,7365579
2018-05-14,333.000000,333.000000,323.000000,323.600006,321.602112,8312976
2018-05-15,324.000000,324.049988,305.700012,310.100006,308.185486,15323964
2018-05-16,309.950012,315.750000,306.700012,310.250000,308.334534,12051269
2018-05-17,313.100006,319.500000,309.299988,314.899994,312.955811,10214660
2018-05-18,314.750000,315.000000,303.500000,304.600006,302.719452,11688577
2018-05-21,304.750000,307.200012,294.700012,295.899994,294.073151,11549490
2018-05-22,296.549988,312.500000,296.549988,307.700012,305.800293,17199292
2018-05-23,311.100006,317.250000,305.399994,309.450012,307.539520,17698475
2018-05-24,300.000000,307.649994,284.100006,288.649994,286.867920,46104103
2018-05-25,290.399994,297.450012,286.250000,294.149994,292.333954,19240172
2018-05-28,293.750000,299.899994,290.299988,296.299988,294.470642,8516862
2018-05-29,296.799988,300.000000,293.000000,294.649994,292.830872,9816561
2018-05-30,289.950012,292.250000,286.149994,288.899994,287.116333,11649429
2018-05-31,289.950012,290.850006,281.600006,282.500000,280.755890,28771987
2018-06-01,284.500000,290.350006,283.049988,287.200012,285.426880,15840810
2018-06-04,292.500000,293.850006,286.000000,286.649994,284.880249,10835487
2018-06-05,286.649994,288.250000,283.600006,284.950012,283.190765,7456195
2018-06-06,286.850006,296.899994,285.250000,295.649994,293.824677,19754001
2018-06-07,296.299988,306.899994,295.250000,305.399994,303.514496,22839023
2018-06-08,305.700012,315.549988,302.399994,309.950012,308.036407,27249374
2018-06-11,310.899994,313.899994,306.649994,309.750000,307.837646,14650133
2018-06-12,310.950012,313.649994,307.200012,307.799988,305.899658,7932388
2018-06-13,309.200012,311.250000,307.000000,308.399994,306.495972,7280886
2018-06-14,308.500000,309.600006,303.799988,305.899994,304.011414,6532693
2018-06-15,305.750000,307.649994,300.549988,302.950012,301.079620,8224497
2018-06-18,302.899994,311.000000,302.100006,308.799988,306.893494,8787098
2018-06-19,309.600006,312.799988,303.299988,305.049988,303.166626,10498362
2018-06-20,304.899994,308.250000,304.049988,305.600006,303.713257,6607472
2018-06-21,307.899994,308.500000,305.500000,307.000000,305.104614,5085379
2018-06-22,306.850006,308.899994,303.200012,308.000000,306.098450,6033095
2018-06-25,306.299988,306.299988,287.600006,289.399994,287.613281,16392183
2018-06-26,288.399994,288.399994,275.100006,276.850006,275.140747,30728620
2018-06-27,278.500000,279.500000,270.000000,271.049988,269.376556,19077416
2018-06-28,272.000000,272.649994,261.850006,263.350006,261.724121,19507165
2018-06-29,265.450012,270.500000,262.649994,269.299988,267.637360,14765516
2018-07-02,276.000000,276.049988,265.600006,266.700012,265.053436,16495647
2018-07-03,269.500000,271.500000,267.200012,269.450012,267.786469,11484332
2018-07-04,270.000000,271.500000,265.649994,267.049988,265.401245,7394858
2018-07-05,263.500000,263.750000,252.550003,261.549988,259.935211,20820454
2018-07-06,262.000000,272.500000,261.850006,270.850006,269.177795,19215897
2018-07-09,274.600006,277.000000,272.049988,273.500000,271.811432,9387556
2018-07-10,274.899994,276.899994,272.899994,275.450012,273.749420,6351033
2018-07-11,276.399994,276.399994,267.100006,267.799988,266.146606,7356582
2018-07-12,269.600006,272.000000,265.500000,266.100006,264.457153,8573517
2018-07-13,267.299988,269.399994,262.700012,263.600006,261.972565,8352827
2018-07-16,260.500000,260.799988,250.500000,252.100006,250.543564,11067012
2018-07-17,253.000000,259.000000,252.300003,257.950012,256.357452,6350966
2018-07-18,259.450012,259.450012,247.300003,251.850006,250.295120,9348644
2018-07-19,254.000000,257.850006,251.199997,252.500000,250.941101,9556686
2018-07-20,252.699997,254.000000,251.000000,253.399994,251.835526,6422014
2018-07-23,254.949997,259.500000,251.100006,258.750000,257.152527,8891743
2018-07-24,258.750000,263.750000,257.100006,258.799988,257.202179,9906160
2018-07-25,260.000000,261.700012,256.100006,257.850006,256.258087,6721386
2018-07-26,260.100006,263.000000,257.500000,258.250000,256.655579,8817721
2018-07-27,259.100006,269.700012,258.549988,268.149994,266.494446,15275469
2018-07-30,267.750000,271.649994,266.200012,267.500000,265.848480,7801098
2018-07-31,268.950012,270.450012,262.200012,264.100006,262.469482,10026055
2018-08-01,250.000000,268.000000,250.000000,265.049988,263.413605,53282545
2018-08-02,263.450012,266.450012,258.700012,260.850006,259.239532,17421472
2018-08-03,262.149994,263.850006,257.600006,258.450012,256.854370,9041836
2018-08-06,259.950012,261.799988,252.500000,254.050003,252.481522,11371744
2018-08-07,255.199997,256.000000,250.550003,251.600006,250.046661,14490727
2018-08-08,253.500000,258.250000,251.850006,255.149994,253.574722,16125867
2018-08-09,256.649994,260.399994,255.500000,257.850006,256.258087,7777719
2018-08-10,257.250000,258.649994,249.550003,250.100006,248.555923,14606037
2018-08-13,249.250000,249.699997,243.100006,248.699997,247.164551,13877900
2018-08-14,248.600006,249.850006,247.199997,248.800003,247.263947,9171033
2018-08-16,245.800003,252.800003,245.250000,251.300003,249.748505,14148347
2018-08-17,253.699997,260.100006,253.000000,258.250000,256.655579,16117660
2018-08-20,261.850006,271.850006,259.200012,270.100006,268.432465,25576718
2018-08-21,271.850006,274.700012,266.700012,268.799988,267.140472,19505584
2018-08-23,269.200012,269.200012,256.000000,256.899994,255.313919,18667622
2018-08-24,257.000000,258.649994,255.000000,255.500000,253.922577,8703468
2018-08-27,257.000000,259.500000,256.500000,258.799988,257.202179,6127707
2018-08-28,261.700012,263.250000,259.049988,260.000000,258.394806,8506857
2018-08-29,261.049988,263.500000,261.000000,261.700012,260.084290,5117552
2018-08-30,262.299988,263.000000,259.000000,259.350006,257.748810,6333570
2018-08-31,259.100006,268.250000,258.100006,267.500000,265.848480,12360078
2018-09-03,271.399994,273.000000,265.250000,266.600006,264.954041,14597832
2018-09-04,270.500000,270.799988,260.350006,261.950012,260.332764,14775900
2018-09-05,261.000000,271.000000,255.399994,266.500000,264.854675,10084307
2018-09-06,269.700012,272.000000,263.850006,269.950012,268.283386,14736214
2018-09-07,269.549988,279.899994,269.250000,277.399994,275.687378,26189156
2018-09-10,276.000000,282.000000,271.750000,275.700012,273.997864,21322969
2018-09-11,277.250000,278.850006,265.700012,267.299988,265.649719,13444031
2018-09-12,268.200012,268.200012,258.850006,262.399994,260.779968,14456273
2018-09-14,265.000000,269.600006,263.399994,266.600006,264.954041,10710620
2018-09-17,263.350006,264.100006,259.649994,260.250000,258.643250,9461420
2018-09-18,257.750000,259.799988,250.600006,251.500000,249.947266,11554420
2018-09-19,253.550003,255.000000,251.000000,252.600006,251.040482,7845650
2018-09-21,255.050003,257.700012,228.850006,250.350006,248.804367,18547453
2018-09-24,250.199997,251.000000,239.350006,240.199997,238.717041,8889259
2018-09-25,241.000000,243.500000,235.449997,240.800003,239.313339,9030367
2018-09-26,242.300003,243.199997,229.550003,233.350006,231.909332,17810869
2018-09-27,234.800003,236.550003,223.100006,225.250000,223.859329,17430781
2018-09-28,227.899994,230.699997,219.500000,223.699997,222.318893,14196824
2018-10-01,225.000000,230.449997,220.000000,229.350006,227.934021,9743094
2018-10-03,230.000000,232.800003,225.800003,227.600006,226.194824,9094685
2018-10-04,224.000000,230.800003,221.750000,223.250000,221.871674,13898979
2018-10-05,222.750000,226.449997,214.750000,216.250000,214.914886,10471026
2018-10-08,217.800003,218.500000,208.100006,212.350006,211.038986,11854170
2018-10-09,205.699997,206.000000,170.300003,184.350006,183.211853,142760251
2018-10-10,186.000000,190.949997,185.050003,188.750000,187.584686,35670907
2018-10-11,180.649994,187.750000,178.000000,182.949997,181.820480,19323517
2018-10-12,185.949997,188.399994,182.600006,183.750000,182.615555,18014894
2018-10-15,186.500000,186.500000,182.699997,184.350006,183.211853,11658409
2018-10-16,185.199997,187.250000,184.550003,185.850006,184.702576,9695745
2018-10-17,187.600006,187.800003,179.100006,179.949997,178.839005,12004524
2018-10-19,178.949997,179.750000,174.000000,174.699997,173.621414,10469358
2018-10-22,176.399994,176.850006,170.050003,170.750000,169.695816,11721075
2018-10-23,170.000000,175.699997,169.550003,170.649994,169.596420,15588511
2018-10-24,173.899994,175.000000,169.000000,170.649994,169.596420,15421903
2018-10-25,168.949997,169.750000,164.600006,165.350006,164.329163,14877057
2018-10-26,166.000000,172.800003,165.899994,168.500000,167.459702,19584723
2018-10-29,169.949997,176.500000,167.699997,175.350006,174.267410,14171750
2018-10-30,177.000000,181.500000,176.050003,177.250000,176.155670,15602414
2018-10-31,178.300003,180.000000,173.449997,179.100006,177.994263,12579712
2018-11-01,182.000000,186.050003,178.199997,179.449997,178.342102,28947802
2018-11-02,180.949997,191.850006,180.899994,190.300003,189.125107,29425248
2018-11-05,191.300003,191.300003,186.649994,189.800003,188.628204,14818506
2018-11-06,192.449997,199.949997,191.750000,193.250000,192.056885,35339222
2018-11-07,194.949997,195.750000,193.350006,194.850006,193.647018,3932893
2018-11-09,192.899994,200.750000,192.000000,195.250000,194.044540,22341961
2018-11-12,194.449997,194.449997,185.199997,186.050003,184.901352,20789180
2018-11-13,180.750000,183.000000,178.350006,179.500000,178.391785,22189598
2018-11-14,180.500000,183.000000,176.250000,176.800003,175.708466,15795883
2018-11-15,178.000000,182.699997,177.500000,180.199997,179.087463,18740276
2018-11-16,180.899994,181.850006,177.850006,179.899994,178.789307,10022823
2018-11-19,180.600006,185.500000,179.100006,184.600006,183.460297,14522581
2018-11-20,184.050003,188.300003,183.199997,183.750000,182.615555,13114982
2018-11-21,184.399994,186.750000,183.750000,184.149994,183.013077,8097107
2018-11-22,185.500000,186.149994,181.750000,182.550003,181.422958,9135857
2018-11-26,183.899994,184.449997,177.000000,181.750000,180.627899,9865426
2018-11-27,181.699997,184.550003,178.550003,180.050003,178.938400,11639680
2018-11-28,181.000000,181.350006,174.000000,174.449997,173.372971,12504717
2018-11-29,175.949997,179.350006,173.449997,177.250000,176.155670,20892744
2018-11-30,172.000000,174.899994,170.350006,171.949997,170.888397,18393012
2018-12-03,173.250000,176.449997,170.000000,175.449997,174.366791,14068885
2018-12-04,177.949997,178.750000,175.300003,175.750000,174.664948,11481923
2018-12-05,173.000000,173.000000,168.600006,169.199997,168.155365,14960527
2018-12-06,168.500000,168.699997,161.600006,162.649994,161.645813,15428019
2018-12-07,162.250000,164.199997,160.800003,162.399994,161.397354,13545006
2018-12-10,159.899994,160.500000,156.500000,157.100006,156.130096,13520495
2018-12-11,155.000000,159.500000,154.649994,158.100006,157.123917,12094881
2018-12-12,159.500000,167.100006,158.000000,164.100006,163.086884,22461175
2018-12-13,166.000000,168.000000,165.550003,166.850006,165.819885,12235499
2018-12-14,166.000000,168.399994,164.850006,166.949997,165.919266,10091732
2018-12-17,167.250000,175.949997,167.250000,173.949997,172.876053,28526103
2018-12-18,174.000000,177.600006,173.100006,174.750000,173.671112,18015933
2018-12-19,176.500000,176.500000,172.500000,173.899994,172.826355,11540042
2018-12-20,173.000000,177.300003,171.750000,176.399994,175.310928,15819006
2018-12-21,177.000000,180.500000,175.149994,176.250000,175.161850,23742481
2018-12-24,176.250000,177.850006,171.500000,172.500000,171.434998,11374468
2018-12-26,171.449997,172.199997,167.600006,170.899994,169.844879,12044191
2018-12-27,172.750000,173.399994,167.699997,168.250000,167.211243,15231581
2018-12-28,169.399994,172.199997,169.149994,170.850006,169.795197,8669584
2018-12-31,172.449997,173.899994,171.750000,172.699997,171.633774,8511388
2019-01-01,173.500000,174.199997,171.300003,173.449997,172.379135,6715543
2019-01-02,170.600006,171.750000,168.000000,168.550003,167.509384,13410104
2019-01-03,169.000000,170.149994,165.100006,166.050003,165.024826,9321842
2019-01-04,169.000000,171.949997,168.500000,170.949997,169.894577,17650435
2019-01-07,173.199997,178.199997,173.199997,175.350006,174.267410,21438351
2019-01-08,176.100006,180.500000,176.100006,179.949997,178.839005,20128985
2019-01-09,181.500000,183.600006,180.199997,183.050003,181.919876,17468948
2019-01-10,183.649994,186.850006,183.550003,185.750000,184.603210,16961888
2019-01-11,186.550003,187.750000,179.399994,180.300003,179.186844,25902974
2019-01-14,180.300003,198.300003,177.449997,182.399994,181.273880,18935120
2019-01-15,183.300003,185.800003,181.250000,185.350006,184.205673,13536578
2019-01-16,186.000000,187.350006,184.050003,185.449997,184.305054,11874245
2019-01-17,186.000000,187.300003,183.399994,184.899994,183.758438,9365756
2019-01-18,185.649994,185.649994,181.300003,183.300003,182.168335,6797621
2019-01-21,184.300003,184.949997,180.649994,181.500000,180.379425,6918258
2019-01-22,181.500000,181.500000,175.949997,180.850006,179.733459,9775717
2019-01-23,181.699997,182.699997,178.550003,180.250000,179.137161,9778926
2019-01-24,180.000000,180.300003,173.699997,175.399994,174.317093,13461254
2019-01-25,175.949997,178.899994,171.949997,173.250000,172.180374,12136892
2019-01-28,173.300003,175.350006,169.399994,172.300003,171.236237,8167430
2019-01-29,172.350006,174.899994,170.899994,173.600006,172.528214,6141180
2019-01-30,174.300003,176.750000,173.300003,174.600006,173.522049,7757847
2019-01-31,175.800003,183.899994,175.800003,181.199997,180.081284,22277646
2019-02-01,182.000000,185.899994,179.550003,181.649994,180.528503,14931422
2019-02-04,181.000000,183.699997,178.199997,180.250000,179.137161,11854351
2019-02-05,180.699997,181.149994,174.699997,175.800003,174.714645,12064426
2019-02-06,176.000000,179.449997,171.899994,178.500000,177.397949,10334594
2019-02-07,179.000000,185.000000,178.899994,182.850006,181.721100,16152722
2019-02-08,164.600006,164.600006,129.000000,150.699997,149.769592,102256857
2019-02-11,150.149994,153.250000,145.850006,152.649994,151.707550,26161867
2019-02-12,152.949997,154.399994,150.600006,151.800003,150.862808,14174912
2019-02-14,155.949997,161.000000,153.800003,159.850006,158.863098,16348306
2019-02-15,159.800003,162.300003,153.149994,161.649994,160.651993,20705576
2019-02-18,162.800003,163.449997,159.199997,162.899994,161.894272,13503666
2019-02-19,164.000000,165.949997,161.550003,163.750000,162.739029,14533142
2019-02-20,164.449997,166.699997,163.750000,164.800003,163.782532,11610728
2019-02-21,165.600006,170.600006,165.100006,169.699997,168.652298,14811723
2019-02-22,170.000000,175.300003,167.850006,174.300003,173.223892,13011477
2019-02-25,175.149994,177.500000,173.500000,175.750000,174.664948,15554532
2019-02-26,173.000000,183.449997,172.500000,182.649994,181.522339,31859427
2019-02-27,183.550003,186.100006,176.100006,177.350006,176.255066,19723906
2019-02-28,180.000000,181.550003,176.600006,177.449997,176.354446,18692372
2019-03-01,178.649994,184.000000,177.350006,180.300003,179.186844,20539919
2019-03-05,183.800003,198.350006,181.399994,194.050003,192.851959,58138551
2019-03-06,195.399994,195.399994,187.750000,188.800003,187.634384,22468702
2019-03-07,191.399994,193.449997,187.800003,189.300003,188.131287,27051501
2019-03-08,187.800003,187.949997,180.000000,181.199997,180.081284,28012914
2019-03-11,182.000000,184.600006,181.050003,181.850006,180.727280,25669662
2019-03-12,184.399994,186.000000,183.550003,184.800003,183.659073,18657724
2019-03-13,184.449997,184.899994,180.399994,181.699997,180.578201,9769821
2019-03-14,181.500000,182.449997,177.649994,179.550003,178.441483,15737080
2019-03-15,180.199997,181.399994,177.600006,180.000000,178.888702,17490993
2019-03-18,181.000000,184.699997,179.500000,182.250000,181.124802,14690339
2019-03-19,182.000000,184.500000,180.750000,182.850006,181.721100,10318028
2019-03-20,183.000000,183.449997,179.600006,180.199997,179.087463,7543753
2019-03-22,181.949997,182.000000,174.899994,175.399994,174.317093,11505994
2019-03-25,173.699997,173.800003,170.550003,171.300003,170.242416,11864723
2019-03-26,171.899994,173.600006,171.600006,173.100006,172.031311,7820112
2019-03-27,174.000000,175.000000,169.149994,169.850006,168.801361,10047628
2019-03-28,169.000000,171.399994,167.550003,170.550003,169.497040,13203927
2019-04-01,176.350006,189.750000,176.350006,187.350006,186.193329,46389181
2019-04-02,188.050003,204.399994,185.300003,202.949997,201.697006,100834335
2019-04-03,205.000000,208.949997,199.199997,201.350006,200.106888,81779620
2019-04-04,201.850006,206.899994,201.050003,206.149994,204.877258,41268908
2019-04-05,208.000000,209.500000,202.300003,205.149994,203.883423,32057373
2019-04-08,206.000000,207.399994,198.800003,200.550003,199.311829,23877595
2019-04-09,200.000000,207.600006,198.149994,205.899994,204.628784,29611268
2019-04-10,206.000000,217.399994,205.600006,216.050003,214.716141,69349488
2019-04-11,216.600006,219.199997,213.300003,218.199997,216.852859,41859862
2019-04-12,218.949997,219.000000,215.000000,215.949997,214.616745,21788548
2019-04-15,217.149994,233.250000,217.149994,231.750000,230.319199,57283251
2019-04-16,233.800003,234.100006,225.649994,230.500000,229.076920,41653657
2019-04-18,231.899994,239.300003,230.600006,236.250000,234.791428,42451178
2019-04-22,235.000000,239.350006,231.699997,234.850006,233.400070,30282217
2019-04-23,235.000000,235.850006,230.250000,231.649994,230.219803,18975358
2019-04-24,231.649994,232.949997,217.600006,223.600006,222.219513,50317411
2019-04-25,223.399994,225.899994,220.250000,221.850006,220.480331,27132908
2019-04-26,221.899994,221.899994,214.000000,215.600006,214.268906,26038093
2019-04-30,216.199997,218.649994,210.300003,214.300003,212.976929,21289116
2019-05-02,211.000000,212.649994,206.500000,207.300003,206.020157,21986007
2019-05-03,205.000000,213.649994,203.050003,209.449997,208.156876,37153857
2019-05-06,204.000000,204.500000,198.000000,199.800003,198.566467,30117667
2019-05-07,201.699997,202.850006,189.350006,190.949997,189.771088,30516908
2019-05-08,190.000000,190.899994,183.800003,185.100006,183.957230,28443735
2019-05-09,184.300003,189.800003,182.300003,186.350006,185.199509,32841616
2019-05-10,187.000000,190.600006,184.300003,185.899994,184.752258,28910719
2019-05-13,186.199997,187.149994,179.600006,180.750000,179.634079,15373536
2019-05-14,178.250000,186.050003,177.800003,184.500000,183.360916,21412933
2019-05-15,185.550003,185.949997,167.399994,169.449997,168.403839,31427815
2019-05-16,176.000000,177.550003,172.800003,175.399994,174.317093,30308248
2019-05-17,174.949997,177.699997,170.199997,176.850006,175.758148,21575989
2019-05-20,181.449997,192.000000,179.250000,190.149994,188.976028,29873588
2019-05-21,185.250000,186.899994,174.050003,176.800003,175.708466,57822527
2019-05-22,177.600006,180.399994,174.800003,179.100006,177.994263,25845734
2019-05-23,182.850006,182.850006,173.500000,175.149994,174.068634,22912106
2019-05-24,177.000000,183.500000,175.350006,182.300003,181.174500,22494409
2019-05-27,181.750000,183.500000,179.300003,181.350006,180.230377,14774311
2019-05-28,181.350006,185.300003,179.800003,180.250000,179.137161,23272915
2019-05-29,179.850006,180.000000,175.350006,176.350006,175.261246,15222008
2019-05-30,177.500000,178.500000,173.100006,175.149994,174.068634,18078726
2019-05-31,177.800003,177.850006,170.000000,172.600006,171.534393,21488115
2019-06-03,170.500000,175.000000,168.399994,174.500000,173.422653,21288078
2019-06-04,174.250000,177.199997,172.399994,173.250000,172.180374,17428731
2019-06-06,174.050003,175.850006,168.850006,169.699997,168.652298,16874819
2019-06-07,169.899994,171.699997,167.250000,169.500000,168.453522,14465703
2019-06-10,170.899994,172.050003,163.550003,166.199997,165.173889,20209862
2019-06-11,166.850006,171.899994,165.649994,170.750000,169.695816,20363493
2019-06-12,170.899994,172.199997,168.100006,169.050003,168.006317,12819208
2019-06-13,166.899994,168.899994,164.500000,167.399994,166.366486,15144315
2019-06-14,167.500000,167.500000,163.500000,164.199997,163.186234,10920508
2019-06-17,163.750000,164.149994,158.000000,158.750000,157.769897,14381813
2019-06-18,159.000000,161.000000,156.750000,158.300003,157.322678,14003043
2019-06-19,160.000000,163.750000,152.500000,154.649994,153.695206,25257018
2019-06-20,153.449997,160.000000,152.149994,159.250000,158.266800,19247947
2019-06-21,155.000000,160.750000,154.500000,158.899994,157.918961,23304207
2019-06-24,158.699997,160.199997,156.199997,159.300003,158.316498,13185118
2019-06-25,158.000000,161.000000,156.850006,160.449997,159.459412,13368928
2019-06-26,160.100006,162.199997,158.750000,161.100006,160.105392,18481332
2019-06-27,161.850006,168.000000,161.100006,165.850006,164.826065,26612983
2019-06-28,165.199997,166.750000,161.350006,162.550003,161.546432,15092229
2019-07-01,163.699997,169.399994,163.199997,168.000000,166.962784,23990900
2019-07-02,166.800003,167.350006,161.350006,163.750000,162.739029,16903683
2019-07-03,163.750000,165.000000,161.699997,162.300003,161.297989,13606179
2019-07-04,162.500000,167.750000,162.000000,165.199997,164.180069,19512938
2019-07-05,165.149994,166.949997,159.500000,160.199997,159.210938,14374084
2019-07-08,159.350006,159.500000,153.500000,154.550003,153.595825,15149035
2019-07-09,154.000000,157.149994,152.750000,155.800003,154.838104,16112345
2019-07-10,156.250000,156.250000,149.100006,151.649994,150.713730,31737846
2019-07-11,153.000000,157.699997,150.350006,156.800003,155.831924,24099895
2019-07-12,155.899994,162.850006,154.000000,159.300003,158.316498,27307153
2019-07-15,159.000000,162.600006,157.850006,160.949997,159.956314,19924720
2019-07-16,159.800003,170.949997,159.050003,170.000000,168.950439,39025331
2019-07-17,170.000000,172.350006,166.300003,167.899994,166.863388,25236730
2019-07-18,167.250000,167.250000,160.000000,160.750000,159.757553,19055022
2019-07-19,161.449997,162.399994,153.850006,154.850006,153.893982,18954216
2019-07-22,155.449997,159.300003,155.250000,156.750000,155.782257,15995349
2019-07-23,157.399994,159.000000,154.800003,156.199997,155.235626,12942555
2019-07-24,156.350006,157.550003,150.500000,151.250000,150.316193,16292964
2019-07-25,151.300003,152.500000,143.750000,144.300003,143.409119,34364032
2019-07-26,138.100006,150.149994,138.100006,147.149994,146.241501,83905651
2019-07-29,146.899994,146.899994,136.850006,137.550003,136.700790,38844222
2019-07-30,138.000000,139.699997,132.600006,133.449997,132.626083,35725524
2019-07-31,133.500000,136.399994,132.500000,135.600006,134.762833,27024859
2019-08-01,135.500000,136.300003,127.550003,129.550003,128.750168,38991424
2019-08-02,128.500000,133.199997,127.000000,130.699997,129.893082,44016138
2019-08-05,128.000000,128.199997,122.300003,123.750000,122.985985,35452262
2019-08-06,123.050003,126.550003,121.750000,122.500000,121.743698,34790369
2019-08-07,122.599998,123.849998,116.500000,117.400002,116.675186,37287779
2019-08-08,118.000000,125.000000,116.900002,124.050003,123.284134,35876237
2019-08-09,124.500000,126.500000,120.699997,122.050003,121.296478,39245417
2019-08-13,123.800003,126.300003,121.000000,121.949997,121.197098,35498118
2019-08-14,122.699997,123.800003,118.599998,120.900002,120.153580,30136178
2019-08-16,119.900002,122.449997,117.349998,121.349998,120.600800,35264621
2019-08-19,121.199997,122.599998,120.000000,120.800003,120.054192,23194786
2019-08-20,120.000000,124.800003,119.000000,123.849998,123.085358,34809225
2019-08-21,123.000000,123.000000,109.500000,112.400002,111.706055,83509593
2019-08-22,112.000000,114.000000,106.199997,107.699997,107.035072,58612708
2019-08-23,108.900002,111.599998,107.650002,111.050003,110.364395,41178606
2019-08-26,114.550003,115.400002,106.800003,110.550003,109.867477,47757623
2019-08-27,112.699997,121.400002,111.800003,120.349998,119.606972,70636441
2019-08-28,120.550003,124.000000,114.800003,116.349998,115.631668,74245952
2019-08-29,116.500000,118.500000,112.099998,114.300003,113.594322,48098849
2019-08-30,115.599998,117.300003,112.000000,116.699997,115.979507,42250518
2019-09-03,113.050003,115.349998,111.199997,112.650002,111.954514,36905736
2019-09-04,112.000000,113.000000,106.000000,109.500000,108.823959,76317447
2019-09-05,109.750000,119.349998,109.500000,118.050003,117.321175,75789807
2019-09-06,118.349998,122.300003,116.550003,121.250000,120.501419,67761586
2019-09-09,119.000000,122.599998,117.349998,121.900002,121.147408,51297512
2019-09-11,127.000000,135.000000,125.300003,134.350006,133.520554,96568372
2019-09-12,134.600006,135.350006,126.699997,127.949997,127.160049,72084195
2019-09-13,129.199997,130.949997,125.500000,129.550003,128.750168,69088728
2019-09-16,128.000000,130.300003,126.500000,128.600006,127.806046,40951047
2019-09-17,129.000000,130.500000,121.349998,122.000000,121.246780,47652658
2019-09-18,123.050003,125.900002,120.500000,121.750000,120.998329,53048836
2019-09-19,123.500000,125.349998,121.199997,124.199997,123.433197,51011848
2019-09-20,125.000000,137.750000,122.599998,133.250000,132.427338,89223235
2019-09-23,135.000000,138.399994,126.500000,127.900002,127.110359,51032391
2019-09-24,128.050003,132.199997,128.000000,130.899994,130.091827,41659100
2019-09-25,129.899994,129.899994,121.500000,123.050003,122.290306,47567575
2019-09-26,123.900002,127.250000,122.800003,124.500000,123.731346,45866398
2019-09-27,122.000000,122.449997,118.199997,119.900002,119.159752,45875793
2019-09-30,120.650002,120.849998,116.400002,117.449997,116.724876,32158885
2019-10-01,118.000000,119.849998,113.000000,115.300003,114.588150,40232789
2019-10-03,112.650002,123.500000,112.650002,122.400002,121.644318,65103359
2019-10-04,122.800003,123.800003,118.800003,119.650002,118.911293,35712218
2019-10-07,120.250000,120.550003,116.349998,117.500000,116.774567,35471184
2019-10-09,118.500000,121.699997,115.449997,120.900002,120.153580,44666296
2019-10-10,119.300003,119.699997,116.199997,116.800003,116.078888,31229192
2019-10-11,118.050003,122.199997,117.250000,121.300003,120.551109,41027561
2019-10-14,122.599998,130.000000,122.500000,127.849998,127.060661,68048611
2019-10-15,127.099998,128.899994,123.699997,126.949997,126.166222,57548920
2019-10-16,127.300003,128.300003,124.500000,125.849998,125.073013,31522518
2019-10-17,127.099998,144.350006,125.099998,139.500000,138.638733,67933615
2019-10-18,139.000000,141.800003,135.600006,136.850006,136.005112,64884113
2019-10-22,133.350006,135.600006,129.800003,131.750000,130.936584,53532482
2019-10-23,130.449997,133.800003,127.250000,132.649994,131.831024,50293574
2019-10-24,133.000000,135.149994,130.500000,133.500000,132.675781,41951668
2019-10-25,132.000000,133.000000,125.699997,126.849998,126.066841,42868958
2019-10-27,139.500000,150.699997,139.500000,147.699997,146.788116,39489993
2019-10-29,151.899994,175.500000,151.199997,172.449997,171.385315,184435614
2019-10-30,175.000000,175.649994,166.550003,171.899994,170.838699,90759545
2019-10-31,169.800003,179.649994,168.949997,177.699997,176.602905,81392641
2019-11-01,175.199997,178.000000,172.399994,175.050003,173.969269,40613555
2019-11-04,171.600006,178.449997,170.850006,172.199997,171.136856,40641411
2019-11-05,173.250000,175.750000,169.949997,172.000000,170.938095,36268596
2019-11-06,172.000000,176.350006,170.500000,174.500000,173.422653,28923778
2019-11-07,174.699997,174.699997,167.600006,171.500000,170.441177,38625387
2019-11-08,170.750000,178.899994,167.800003,169.050003,168.006317,39102947
2019-11-11,169.199997,172.949997,169.050003,172.000000,170.938095,22192924
2019-11-13,171.500000,176.000000,169.399994,170.600006,169.546738,33926248
2019-11-14,170.199997,170.300003,165.500000,167.050003,166.018661,25433481
2019-11-15,169.000000,173.399994,167.350006,168.550003,167.509384,29614682
2019-11-18,172.100006,172.100006,169.250000,170.100006,169.049835,19053232
2019-11-19,170.800003,171.750000,167.100006,167.750000,166.714340,19599195
2019-11-20,167.750000,170.199997,166.199997,167.399994,166.366486,19504078
2019-11-21,166.949997,170.100006,163.000000,164.149994,163.136551,21609120
2019-11-22,164.899994,165.250000,160.550003,162.350006,161.347672,21200979
2019-11-25,160.699997,166.600006,159.899994,166.100006,165.074524,26131453
2019-11-26,166.649994,167.300003,162.550003,163.399994,162.391190,25520822
2019-11-27,165.300003,169.300003,165.000000,165.899994,164.875748,29527702
2019-11-28,165.750000,166.300003,163.550003,164.800003,163.782532,16609775
2019-11-29,164.800003,167.750000,160.600006,161.500000,160.502914,20010205
2019-12-02,160.949997,163.000000,158.949997,161.050003,160.055710,19441998
2019-12-03,162.949997,162.949997,157.399994,158.199997,157.223282,21156471
2019-12-04,158.500000,170.350006,157.699997,169.399994,168.354141,72084687
2019-12-05,170.350006,172.199997,165.199997,166.100006,165.074524,31787128
2019-12-06,167.000000,168.000000,160.050003,161.500000,160.502914,27727162
2019-12-09,162.000000,166.449997,159.750000,160.500000,159.509079,30920409
2019-12-10,162.149994,163.250000,159.050003,159.699997,158.714035,26259395
2019-12-11,160.399994,163.000000,157.399994,161.800003,160.801056,21154277
2019-12-12,163.449997,174.899994,162.500000,173.350006,172.279770,66138915
2019-12-13,177.250000,183.949997,175.500000,176.699997,175.609070,93019636
2019-12-16,177.000000,178.800003,173.350006,174.949997,173.869873,26249975
2019-12-17,176.000000,181.149994,175.350006,180.199997,179.087463,38213263
2019-12-18,182.100006,184.500000,170.449997,174.800003,173.720810,63861334
2019-12-19,174.649994,180.199997,174.000000,179.149994,178.043945,53466924
2019-12-20,180.399994,181.699997,174.850006,175.949997,174.863693,48818008
2019-12-23,176.850006,179.000000,174.149994,176.050003,174.963089,27192195
2019-12-24,177.649994,178.000000,174.649994,175.500000,174.416473,20560311
2019-12-26,175.899994,176.449997,174.100006,174.600006,173.522049,18785333
2019-12-27,176.000000,176.949997,174.850006,176.149994,175.062454,12095797
2019-12-30,177.199997,184.350006,176.300003,183.699997,182.565857,40948394
2019-12-31,184.000000,187.899994,181.550003,185.149994,184.006912,52869996
2020-01-01,185.149994,186.699997,183.600006,184.449997,183.311234,25968357
2020-01-02,185.000000,194.699997,184.600006,193.750000,192.553818,57289863
2020-01-03,192.899994,195.649994,189.250000,191.100006,189.920181,47572728
2020-01-06,191.000000,191.000000,185.050003,185.649994,184.503815,28621212
2020-01-07,187.000000,189.399994,182.300003,184.699997,183.559677,34995035
2020-01-08,180.199997,184.199997,180.199997,182.550003,181.422958,21862695
2020-01-09,184.850006,192.750000,184.250000,192.000000,190.814621,40803142
2020-01-10,192.000000,199.000000,190.000000,196.350006,195.137756,60252338
2020-01-13,194.750000,197.750000,191.399994,196.250000,195.038376,40535961
2020-01-14,195.699997,198.250000,193.600006,195.850006,194.640839,29867542
2020-01-15,195.000000,201.699997,194.000000,200.350006,199.113068,38485962
2020-01-16,199.500000,200.600006,196.899994,197.550003,196.330353,28118140
2020-01-17,197.250000,199.449997,195.699997,197.300003,196.081894,18204088
2020-01-20,198.000000,201.449997,194.300003,195.000000,193.796097,28976013
2020-01-21,195.500000,196.399994,190.199997,191.399994,190.218307,20859400
2020-01-22,191.949997,192.500000,184.250000,185.600006,184.454132,32952072
2020-01-23,186.750000,190.399994,183.800003,188.399994,187.236832,33032086
2020-01-24,188.000000,191.000000,185.000000,186.500000,185.348557,21791825
2020-01-27,185.699997,186.899994,180.850006,182.199997,181.075104,30132428
2020-01-28,183.899994,184.300003,174.899994,176.100006,175.012787,38283588
2020-01-29,178.800003,188.899994,178.550003,188.050003,186.889008,61585660
2020-01-30,190.949997,192.550003,184.250000,186.199997,185.050415,70900581
2020-01-31,186.300003,188.350006,175.949997,176.600006,175.509689,75621897
2020-02-03,163.500000,168.300003,159.550003,163.850006,162.838409,66616190
2020-02-04,166.550003,168.600006,161.199997,165.699997,164.676987,49034642
2020-02-05,167.399994,184.949997,166.600006,183.750000,182.615555,92982265
2020-02-06,182.000000,183.399994,175.750000,178.850006,177.745804,61821140
2020-02-07,177.399994,178.149994,173.000000,173.600006,172.528214,45195760
2020-02-10,173.199997,173.199997,168.000000,168.899994,167.857224,33279372
2020-02-11,171.850006,175.149994,168.399994,169.750000,168.701981,42868276
2020-02-12,173.000000,173.300003,169.000000,170.949997,169.894577,34621395
2020-02-13,171.350006,172.350006,168.100006,169.500000,168.453522,25049848
2020-02-14,172.000000,176.199997,168.300003,169.100006,168.056015,56676430
2020-02-17,170.399994,171.350006,166.350006,169.100006,168.056015,32893274
2020-02-18,168.000000,168.000000,158.600006,161.600006,160.602310,52744122
2020-02-19,162.850006,164.600006,153.050003,158.050003,157.074219,78914233
2020-02-20,157.949997,162.300003,156.000000,158.500000,157.521439,54328194
2020-02-24,154.000000,155.899994,149.600006,150.649994,149.719894,39706007
2020-02-25,152.199997,153.399994,147.449997,149.899994,148.974533,52719851
2020-02-26,146.899994,147.899994,143.699997,144.550003,143.657562,47605927
2020-02-27,144.149994,146.750000,141.100006,145.250000,144.353241,51328153
2020-02-28,138.850006,139.600006,127.050003,128.949997,128.153870,94469619
2020-03-02,133.000000,133.899994,123.800003,125.400002,124.625793,111585697
2020-03-03,127.500000,131.399994,125.250000,130.350006,129.545242,86765576
2020-03-04,129.600006,129.600006,120.550003,126.199997,125.420853,97546902
2020-03-05,127.550003,129.149994,124.250000,125.750000,124.973633,87795649
2020-03-06,115.000000,117.300003,112.800003,114.199997,113.494942,83971462
2020-03-09,109.000000,109.849998,104.250000,105.699997,105.047417,81549809
2020-03-11,104.849998,106.500000,97.800003,98.900002,98.289406,111146790
2020-03-12,91.099998,94.900002,84.099998,88.000000,87.456696,143550830
2020-03-13,81.900002,94.150002,78.050003,89.750000,89.195892,106151311
2020-03-16,85.599998,87.650002,82.199997,82.949997,82.437874,73702778
2020-03-17,83.050003,85.000000,77.400002,77.949997,77.468742,71842549
2020-03-18,79.900002,80.449997,75.099998,75.500000,75.033875,70105052
2020-03-19,70.000000,76.500000,68.750000,72.949997,72.499611,68122549
2020-03-20,74.000000,79.599998,72.650002,77.300003,76.822762,86043342
2020-03-23,70.000000,72.000000,66.000000,66.199997,65.791290,34184325
2020-03-24,69.900002,71.500000,63.500000,68.550003,68.126778,49551990
2020-03-25,67.750000,71.699997,67.250000,70.250000,69.816284,57713806
2020-03-26,71.449997,73.500000,68.300003,70.800003,70.362892,63821068
2020-03-27,72.050003,75.900002,69.349998,70.699997,70.263504,58814757
2020-03-30,68.800003,70.000000,67.250000,68.150002,67.729256,35278010
2020-03-31,70.599998,71.500000,68.199997,71.050003,70.611343,46157286
2020-04-01,70.500000,71.650002,67.550003,67.949997,67.530479,38149007
2020-04-03,66.900002,66.900002,64.800003,65.300003,64.896851,35346301
2020-04-07,68.550003,69.300003,66.900002,67.250000,66.834801,42066469
2020-04-08,66.500000,71.599998,65.400002,67.599998,67.182640,82179303
2020-04-09,69.599998,76.250000,69.099998,74.599998,74.139427,112677273
2020-04-13,76.000000,77.599998,72.699997,74.250000,73.791588,70409900
2020-04-15,75.400002,78.699997,71.949997,72.900002,72.449921,81121081
2020-04-16,71.750000,75.400002,71.000000,74.650002,74.189125,47910164
2020-04-17,78.300003,78.300003,74.699997,76.849998,76.375534,58333485
2020-04-20,76.849998,83.400002,75.500000,80.449997,79.953308,125425355
2020-04-21,78.000000,78.000000,74.000000,74.650002,74.189125,58248325
2020-04-22,74.449997,76.550003,72.550003,75.900002,75.431404,56529293
2020-04-23,76.750000,78.650002,75.400002,75.650002,75.182945,50366856
2020-04-24,75.000000,76.900002,74.000000,74.199997,73.741898,40047438
2020-04-27,75.900002,76.199997,74.800003,75.250000,74.785416,27835340
2020-04-28,75.650002,78.199997,75.199997,76.949997,76.474915,34825405
2020-04-29,77.449997,79.300003,76.550003,78.150002,77.667511,40784783
2020-04-30,85.949997,93.750000,85.949997,93.250000,92.674278,170634033
2020-05-04,87.000000,87.199997,81.500000,83.900002,83.382011,91159477
2020-05-05,86.000000,86.800003,80.400002,80.900002,80.400528,57122148
2020-05-06,81.550003,83.949997,80.349998,83.199997,82.686333,53739248
2020-05-07,82.900002,84.650002,82.099998,82.500000,81.990654,31159970
2020-05-08,84.500000,84.949997,80.550003,81.050003,80.549614,35362751
2020-05-11,81.449997,90.650002,81.400002,86.099998,85.568428,152588401
2020-05-12,85.949997,87.699997,83.500000,86.199997,85.667809,77551590
2020-05-13,92.500000,92.500000,86.250000,87.199997,86.661636,68086031
2020-05-14,83.949997,85.300003,82.550003,83.800003,83.282631,46340453
2020-05-15,84.699997,85.349998,82.800003,84.349998,83.829231,38592209
2020-05-18,84.500000,84.500000,79.599998,80.650002,80.152077,44221170
2020-05-19,82.500000,85.650002,81.500000,81.800003,81.294975,65378983
2020-05-20,81.250000,84.400002,80.699997,83.449997,82.934784,36351053
2020-05-21,83.099998,85.199997,82.900002,84.099998,83.580772,37290144
2020-05-22,83.400002,83.900002,82.000000,82.800003,82.288803,29252676
2020-05-26,83.900002,85.699997,82.599998,83.099998,82.586945,38014864
2020-05-27,84.099998,86.000000,84.000000,84.550003,84.028008,57947903
2020-05-28,86.000000,88.150002,84.550003,87.000000,86.462875,96179680
2020-05-29,85.550003,87.500000,84.650002,87.000000,86.462875,80813537
2020-06-01,88.900002,91.199997,88.000000,89.550003,88.997131,71070852
2020-06-02,90.000000,97.300003,89.750000,96.500000,95.904221,125407771
2020-06-03,100.000000,101.449997,97.400002,98.750000,98.140335,90598067
2020-06-04,99.000000,101.400002,96.800003,98.500000,97.891869,72078707
2020-06-05,100.449997,112.449997,99.050003,110.750000,110.066246,187209208
2020-06-08,114.000000,119.150002,113.349998,115.449997,114.737228,136943010
2020-06-09,117.449997,117.900002,110.250000,111.449997,110.761917,79473751
2020-06-10,111.000000,113.000000,108.500000,111.400002,110.712234,84038431
2020-06-11,109.900002,111.150002,105.000000,106.150002,105.494644,55485897
2020-06-12,98.000000,106.250000,98.000000,105.300003,104.649887,92989560
2020-06-15,104.650002,104.650002,100.050003,100.500000,99.879524,69318356
2020-06-16,102.000000,103.500000,92.000000,94.750000,94.165031,215476711
2020-06-17,93.000000,96.400002,91.800003,95.400002,94.811012,110830038
2020-06-18,95.000000,97.199997,94.150002,96.349998,95.755142,58964344
2020-06-19,96.500000,103.900002,95.599998,102.500000,101.867172,135462757
2020-06-22,102.349998,104.900002,101.000000,102.650002,102.016251,68545834
2020-06-23,103.000000,106.000000,101.900002,104.400002,103.755447,68638552
2020-06-24,105.250000,110.800003,104.199997,104.800003,104.152977,125457492
2020-06-25,103.849998,106.300003,101.650002,103.800003,103.159149,63198285
2020-06-26,105.400002,106.050003,100.349998,101.400002,100.773972,56327855
2020-06-29,101.400002,101.400002,98.050003,99.449997,98.835999,43274006
2020-06-30,101.750000,102.300003,97.300003,98.250000,97.643417,50764363
2020-07-01,99.000000,101.449997,98.199997,100.750000,100.127983,50857376
2020-07-02,100.750000,102.949997,100.400002,101.550003,100.923050,48083736
2020-07-03,102.849998,106.349998,102.099998,103.449997,102.811302,87310642
2020-07-06,105.000000,109.900002,104.500000,109.000000,108.327042,91970198
2020-07-07,109.800003,112.599998,108.050003,109.050003,108.376740,85835716
2020-07-08,109.500000,110.849998,104.199997,105.349998,104.699577,55887256
2020-07-09,106.300003,108.949997,104.650002,106.949997,106.289696,54492650
2020-07-10,106.699997,108.599998,105.400002,107.599998,106.935692,64694173
2020-07-13,108.849998,112.099998,106.849998,108.000000,107.333221,81893001
2020-07-14,106.900002,107.550003,104.099998,105.150002,104.500816,46924623
2020-07-15,106.800003,106.800003,102.500000,103.199997,102.562851,49687046
2020-07-16,103.949997,103.949997,100.599998,102.949997,102.314392,44333785
2020-07-17,103.650002,106.949997,103.300003,106.400002,105.743103,42080157
2020-07-20,106.349998,106.349998,103.849998,105.050003,104.401436,39786731
2020-07-21,106.000000,109.699997,105.500000,108.449997,107.780434,66008143
2020-07-22,108.500000,109.750000,104.250000,105.150002,104.500816,50735592
2020-07-23,105.449997,106.449997,104.699997,106.050003,105.395264,30722413
2020-07-24,104.699997,105.500000,102.699997,103.750000,103.109459,39363520
2020-07-27,104.000000,104.500000,101.300003,101.699997,101.072113,29644533
2020-07-28,102.300003,107.199997,102.000000,106.449997,105.792786,64271161
2020-07-29,108.099998,108.750000,104.849998,105.750000,105.097115,44561639
2020-07-30,106.400002,106.750000,102.849998,103.650002,103.010078,33378340
2020-07-31,104.000000,105.400002,102.300003,104.650002,104.003906,33809018
2020-08-03,103.000000,114.400002,102.900002,113.050003,112.352043,194765344
2020-08-04,112.949997,115.099998,110.800003,111.449997,110.761917,95906477
2020-08-05,112.400002,117.650002,112.000000,115.400002,114.687538,99371050
2020-08-06,116.199997,117.699997,115.500000,116.800003,116.078888,60092530
2020-08-07,117.000000,119.699997,116.000000,119.099998,118.364693,56489390
2020-08-10,119.949997,124.699997,119.699997,123.849998,123.085358,71093810
2020-08-11,125.000000,125.800003,121.400002,122.300003,121.544937,50224665
2020-08-12,121.000000,126.400002,120.599998,125.349998,124.576103,50713617
2020-08-13,126.099998,131.899994,124.400002,131.149994,130.340286,95489249
2020-08-14,131.149994,132.649994,123.699997,124.599998,123.830734,75032834
2020-08-17,124.500000,126.250000,120.599998,123.550003,122.787216,61154250
2020-08-18,124.000000,127.500000,123.599998,125.599998,124.824562,62153763
2020-08-19,127.000000,127.599998,124.750000,125.150002,124.377335,45128613
2020-08-20,123.449997,125.650002,121.099998,121.699997,120.948631,43530882
2020-08-21,124.199997,124.199997,120.150002,120.900002,120.153580,48650204
2020-08-24,122.000000,123.000000,120.800003,121.199997,120.451721,31294253
2020-08-25,121.800003,128.350006,121.099998,127.099998,126.315300,90263366
2020-08-26,130.500000,139.000000,128.350006,137.899994,137.048615,197510376
2020-08-27,140.100006,146.850006,139.300003,144.250000,143.359421,181380747
2020-08-28,144.149994,146.199997,140.500000,142.800003,141.918365,95194825
2020-08-31,144.500000,147.949997,138.199997,143.199997,142.315887,160564488
2020-09-01,143.399994,145.149994,140.399994,143.800003,142.912186,58811543
2020-09-02,144.300003,151.649994,141.449997,150.300003,149.372070,74947929
2020-09-03,151.600006,155.199997,149.550003,151.850006,150.912491,110156350
2020-09-04,147.899994,153.649994,147.000000,147.800003,146.887497,95560889
2020-09-07,150.000000,152.000000,148.000000,149.399994,148.477615,82617101
2020-09-08,149.449997,149.600006,141.199997,142.300003,141.421463,76286731
2020-09-09,141.000000,141.750000,135.699997,140.100006,139.235031,105355010
2020-09-10,142.800003,144.500000,138.000000,143.300003,142.415283,79606504
2020-09-11,143.100006,146.800003,141.649994,144.300003,143.409119,65135339
2020-09-14,147.199997,151.100006,145.500000,148.550003,147.632874,84505930
2020-09-15,149.399994,149.399994,146.550003,148.399994,147.483795,42886817
2020-09-16,149.199997,154.300003,148.550003,151.449997,150.514954,85056501
2020-09-17,150.800003,151.000000,146.199997,147.649994,146.738419,48119360
2020-09-18,148.699997,150.500000,146.250000,147.899994,146.986877,46270863
2020-09-21,147.750000,147.750000,135.500000,137.449997,136.601395,64734493
2020-09-22,138.000000,138.149994,129.649994,133.100006,132.278259,87298020
2020-09-23,135.500000,136.699997,127.900002,131.399994,130.588760,74981613
2020-09-24,127.900002,128.800003,122.150002,122.800003,122.041855,62420957
2020-09-25,123.699997,128.350006,123.099998,127.250000,126.464371,65040759
2020-09-28,128.899994,134.300003,127.500000,132.850006,132.029800,61830817
2020-09-29,134.949997,136.000000,130.699997,131.699997,130.886902,63366932
2020-09-30,131.550003,134.399994,130.300003,133.300003,132.477020,48859088
2020-10-01,135.899994,136.500000,132.550003,133.500000,132.675781,40491744
2020-10-05,136.949997,137.500000,132.050003,133.899994,133.073303,55268322
2020-10-06,138.000000,145.800003,136.000000,144.750000,143.856339,161987221
2020-10-07,144.250000,144.500000,139.800003,141.000000,140.129486,68273641
2020-10-08,142.850006,143.500000,139.600006,140.949997,140.079788,40900948
2020-10-09,141.149994,142.649994,138.000000,138.449997,137.595215,37097190
2020-10-12,139.649994,139.649994,133.000000,135.899994,135.060959,39279109
2020-10-13,135.399994,137.100006,132.850006,134.100006,133.272079,38973506
2020-10-14,133.750000,134.649994,128.800003,130.699997,129.893082,45791440
2020-10-15,131.500000,134.350006,126.500000,126.949997,126.166222,64002864
2020-10-16,129.399994,130.050003,126.000000,127.750000,126.961288,62553775
2020-10-19,129.800003,130.399994,127.800003,128.250000,127.458199,33157664
2020-10-20,128.100006,130.300003,126.349998,129.649994,128.849548,27465829
2020-10-21,131.050003,133.100006,128.300003,130.250000,129.445847,39252663
2020-10-22,129.699997,134.600006,128.449997,133.500000,132.675781,48808592
2020-10-23,134.899994,138.899994,134.100006,137.000000,136.154175,68711352
2020-10-26,138.399994,140.800003,131.250000,133.699997,132.874557,88531579
2020-10-27,134.149994,136.750000,130.850006,135.649994,134.812515,56856159
2020-10-28,139.000000,143.250000,133.500000,134.800003,133.967758,152359338
2020-10-29,132.000000,133.000000,130.000000,131.899994,131.085663,66632704
2020-10-30,133.199997,134.500000,130.300003,132.649994,131.831024,51128530
2020-11-02,133.649994,134.000000,131.100006,132.850006,132.029800,40388690
2020-11-03,135.000000,137.399994,133.550003,134.100006,133.272079,52071476
2020-11-04,135.600006,137.000000,134.000000,135.899994,135.060959,44675934
2020-11-05,137.000000,138.000000,136.000000,137.649994,136.800156,38928602
2020-11-06,137.649994,142.300003,137.649994,139.000000,138.141830,67966815
2020-11-09,140.600006,141.500000,138.699997,141.000000,140.129486,40277460
2020-11-10,144.050003,146.699997,142.750000,146.000000,145.098618,68794369
2020-11-11,146.500000,151.500000,145.649994,150.949997,150.018051,78583629
2020-11-12,150.949997,153.850006,150.000000,151.199997,150.266495,56145517
2020-11-13,150.000000,150.000000,145.350006,146.350006,145.446457,32566537
2020-11-14,148.699997,150.800003,148.000000,148.850006,147.931015,11749453
2020-11-17,152.500000,159.350006,152.199997,158.000000,157.024521,82644841
2020-11-18,158.850006,178.800003,158.550003,173.500000,172.428818,171801183
2020-11-19,171.399994,176.350006,166.550003,167.949997,166.913086,109449407
2020-11-20,170.050003,171.550003,165.550003,169.100006,168.056015,66935703
2020-11-23,169.500000,173.899994,165.550003,170.699997,169.646118,54566251
2020-11-24,171.850006,175.500000,171.100006,172.050003,170.987793,47695247
2020-11-25,175.000000,176.800003,169.250000,171.449997,170.391495,54366608
2020-11-26,171.600006,175.000000,171.050003,173.750000,172.677292,39094724
2020-11-27,174.649994,183.850006,174.649994,180.350006,179.236542,125926062
2020-12-01,182.350006,182.399994,178.100006,179.750000,178.640244,48881250
2020-12-02,184.000000,187.350006,181.100006,183.600006,182.466476,88107889
2020-12-03,185.000000,186.000000,183.250000,184.850006,183.708755,33332481
2020-12-04,186.500000,188.800003,182.199997,184.149994,183.013077,47995639
2020-12-07,184.449997,186.449997,182.699997,183.550003,182.416779,29802472
2020-12-08,184.949997,185.699997,178.949997,181.800003,180.677597,42143391
2020-12-09,183.000000,186.399994,181.649994,182.699997,181.572037,40300535
2020-12-10,182.699997,182.699997,176.399994,177.600006,176.503525,38368777
2020-12-11,177.949997,181.449997,176.500000,178.850006,177.745804,43065542
2020-12-14,181.000000,181.500000,176.699997,177.649994,176.553207,33186273
2020-12-15,176.449997,179.699997,173.250000,178.899994,177.795486,41190341
2020-12-16,181.000000,183.800003,180.100006,182.550003,181.422958,51259394
2020-12-17,184.000000,184.000000,180.649994,181.699997,180.578201,34101954
2020-12-18,180.899994,181.500000,176.649994,180.550003,179.435303,46065197
2020-12-21,176.000000,177.550003,162.500000,164.550003,163.534088,75582907
2020-12-22,164.550003,169.199997,156.699997,164.949997,163.931610,110009846
2020-12-23,165.000000,169.699997,163.399994,169.199997,168.155365,56930071
2020-12-24,172.000000,178.000000,172.000000,175.949997,174.863693,73831319
2020-12-28,179.850006,187.399994,179.000000,186.350006,185.199509,98012135
2020-12-29,187.899994,188.449997,181.100006,183.449997,182.317398,71318085
2020-12-30,183.100006,185.399994,180.399994,184.149994,183.013077,38576159
2020-12-31,184.850006,187.500000,182.800003,183.850006,182.714935,48978310
2021-01-01,184.949997,187.000000,184.500000,186.500000,185.348557,27334421
2021-01-04,191.800003,193.000000,188.750000,191.300003,190.118942,63980597
2021-01-05,187.100006,193.899994,185.050003,193.199997,192.007202,75752593
2021-01-06,194.449997,197.600006,190.649994,195.399994,194.193619,75621947
2021-01-07,197.000000,200.350006,195.100006,196.750000,195.535294,66024848
2021-01-08,198.750000,201.500000,197.100006,198.149994,196.926651,53991568
2021-01-11,199.899994,225.399994,199.649994,220.649994,219.287720,182483100
2021-01-12,227.000000,252.399994,224.100006,237.800003,236.331848,390577839
2021-01-13,242.899994,248.800003,238.399994,242.600006,241.102219,164649387
2021-01-14,242.850006,249.800003,238.600006,245.100006,243.586792,86819519
2021-01-15,246.000000,264.649994,242.600006,260.299988,258.692932,250038029
2021-01-18,261.649994,262.450012,241.149994,245.949997,244.431519,173383224
2021-01-19,251.500000,261.700012,251.300003,258.649994,257.053131,136861059
2021-01-20,260.000000,277.500000,258.850006,274.899994,273.202789,205145151
2021-01-21,281.000000,299.000000,280.000000,290.600006,288.805878,283614463
2021-01-22,295.950012,306.899994,278.350006,289.350006,287.563599,316008609
2021-01-25,296.899994,299.500000,277.350006,279.149994,277.426544,164346913
2021-01-27,274.899994,275.000000,265.700012,267.500000,265.848480,126586833
2021-01-28,260.049988,273.399994,259.049988,266.799988,265.152802,129156876
2021-01-29,273.000000,278.799988,260.600006,262.700012,261.078156,138442348
2021-02-01,269.750000,282.000000,255.350006,279.600006,277.873779,165655500
2021-02-02,293.600006,328.850006,290.399994,322.000000,320.012024,251965965
2021-02-03,339.200012,341.899994,326.200012,331.000000,328.956421,224190114
2021-02-04,329.000000,334.500000,322.450012,326.149994,324.136383,121033002
2021-02-05,327.600006,330.000000,312.600006,315.899994,313.949677,103512235
2021-02-08,318.750000,339.250000,318.000000,335.950012,333.875885,102123614
2021-02-09,337.000000,338.500000,322.200012,325.049988,323.043152,105981081
2021-02-10,326.000000,332.649994,319.500000,328.899994,326.869415,93466949
2021-02-11,326.450012,331.350006,323.399994,325.000000,322.993469,55257166
2021-02-12,326.399994,330.500000,321.250000,325.399994,323.391022,64093642
2021-02-15,329.899994,335.799988,324.000000,333.350006,331.291931,78680452
2021-02-16,335.450012,337.899994,327.500000,329.200012,327.167572,65943843
2021-02-17,326.899994,334.250000,325.450012,330.149994,328.111694,52150941
2021-02-18,331.500000,331.750000,321.100006,323.850006,321.850586,49204247
2021-02-19,321.950012,321.950012,301.399994,311.850006,309.924683,80274683
2021-02-22,312.450012,313.899994,302.149994,304.500000,302.620056,57723298
2021-02-23,308.500000,328.899994,308.500000,324.000000,321.999664,133310157
2021-02-24,325.000000,330.000000,316.500000,321.649994,319.664154,50821757
2021-02-25,325.350006,334.700012,323.250000,333.149994,331.093170,64514912
2021-02-26,323.000000,332.950012,318.850006,322.950012,320.956146,91901339
2021-03-01,330.000000,331.850006,322.700012,328.299988,326.273102,61190868
2021-03-02,331.100006,347.200012,326.450012,345.750000,343.615356,127708761
2021-03-03,348.649994,357.000000,346.500000,348.500000,346.348389,92006451
2021-03-04,339.000000,345.399994,337.299988,339.200012,337.105835,59863169
2021-03-05,333.000000,337.850006,319.700012,325.149994,323.142548,86738909
2021-03-08,331.750000,331.750000,318.799988,321.250000,319.266632,81925952
2021-03-09,325.000000,328.350006,309.600006,315.200012,313.253998,74702208
2021-03-10,319.500000,324.450012,316.700012,321.450012,319.465424,58643853
2021-03-12,325.049988,326.500000,314.149994,317.549988,315.589478,48360842
2021-03-15,320.000000,320.399994,310.049988,318.549988,316.583282,45081385
2021-03-16,321.000000,321.899994,315.100006,319.950012,317.974670,39267404
2021-03-17,318.600006,320.000000,304.000000,305.799988,303.912018,47262481
2021-03-18,311.000000,316.600006,299.750000,307.000000,305.104614,73731921
2021-03-19,303.500000,311.000000,290.200012,308.950012,307.042572,109932681
2021-03-22,306.450012,307.500000,300.100006,303.049988,301.178986,56385019
2021-03-23,305.000000,312.250000,304.000000,307.399994,305.502136,60240483
2021-03-24,303.549988,305.000000,293.200012,294.450012,292.632111,61523819
2021-03-25,294.000000,294.000000,282.250000,285.549988,283.787018,84528317
2021-03-26,290.500000,301.399994,290.500000,296.399994,294.570038,80924011
2021-03-30,300.500000,301.299988,292.700012,297.049988,295.216034,45257233
2021-03-31,299.000000,307.500000,297.500000,301.799988,299.936707,58569012
2021-04-01,306.750000,309.850006,303.049988,307.750000,305.849976,44088352
2021-04-05,306.799988,311.700012,297.200012,305.049988,303.166626,66178755
2021-04-06,306.149994,313.799988,304.799988,307.750000,305.849976,63031783
2021-04-07,306.750000,310.649994,305.100006,307.799988,305.899658,39073986
2021-04-08,307.899994,319.799988,307.500000,313.950012,312.011719,62459774
2021-04-09,313.200012,325.000000,312.500000,318.200012,316.235504,75462572
2021-04-12,307.850006,307.850006,282.899994,286.549988,284.780853,105342538
2021-04-13,287.250000,304.549988,280.549988,302.850006,300.980255,116874853
2021-04-15,303.000000,307.549988,296.500000,303.500000,301.626251,75262749
2021-04-16,302.000000,315.000000,300.149994,310.000000,308.086090,75330709
2021-04-19,295.000000,304.500000,292.799988,301.399994,299.539185,65791784
2021-04-20,307.700012,308.149994,294.200012,298.049988,296.209869,56740291
2021-04-22,294.000000,302.500000,292.200012,294.549988,292.731476,61022978
2021-04-23,291.000000,300.000000,290.500000,294.000000,292.184875,58158986
2021-04-26,297.000000,299.000000,294.600006,295.399994,293.576233,30583139
2021-04-27,295.700012,302.500000,295.100006,301.500000,299.638580,35040532
2021-04-28,303.500000,309.500000,303.000000,305.899994,304.011414,44668126
2021-04-29,308.899994,310.000000,301.250000,301.899994,300.036102,36647292
2021-04-30,298.200012,301.299988,292.549988,293.850006,292.035797,36121668
2021-05-03,289.299988,294.750000,285.000000,293.000000,291.191040,35376618
2021-05-04,296.350006,299.750000,288.049988,289.450012,287.662994,38640006
2021-05-05,293.500000,293.899994,288.500000,291.500000,289.700317,29350536
2021-05-06,291.500000,302.000000,290.299988,301.250000,299.390106,45032502
2021-05-07,303.000000,305.950012,300.500000,302.750000,300.880859,41591323
2021-05-10,304.500000,315.700012,304.000000,314.850006,312.906158,53260388
2021-05-11,309.549988,320.750000,308.100006,315.549988,313.601837,58472304
2021-05-12,318.250000,334.750000,316.250000,326.000000,323.987305,111584920
2021-05-14,329.350006,329.500000,310.000000,312.250000,310.322205,81305325
2021-05-17,315.399994,323.850006,311.399994,321.100006,319.117554,51162423
2021-05-18,325.950012,336.649994,324.000000,332.450012,330.397491,86153088
2021-05-19,313.000000,322.950012,312.100006,314.450012,312.508636,119407026
2021-05-20,316.000000,316.600006,306.100006,307.700012,305.800293,54043899
2021-05-21,312.000000,315.700012,309.500000,313.100006,311.166962,40358753
2021-05-24,314.750000,315.799988,310.200012,311.850006,309.924683,31963997
2021-05-25,315.549988,319.000000,313.850006,315.250000,313.303680,37382263
2021-05-26,316.100006,320.000000,314.799988,315.500000,313.552155,28639717
2021-05-27,317.049988,323.450012,316.549988,318.600006,316.632996,49484106
2021-05-28,322.649994,324.500000,316.500000,318.750000,316.782074,26618815
2021-05-31,318.700012,319.750000,312.100006,318.750000,316.782074,30917309
2021-06-01,319.200012,325.700012,317.299988,318.100006,316.136108,32595728
2021-06-02,315.950012,324.399994,315.600006,323.000000,321.005829,26323777
2021-06-03,325.299988,327.700012,323.649994,325.649994,323.639465,21408371
2021-06-04,325.149994,336.899994,324.250000,334.950012,332.882050,41278749
2021-06-07,339.750000,351.000000,339.750000,345.500000,343.366943,64986814
2021-06-08,346.250000,356.649994,337.500000,352.750000,350.572174,44104954
2021-06-09,356.200012,358.899994,339.750000,343.350006,341.230194,59334814
2021-06-10,345.200012,347.850006,342.399994,344.750000,342.621552,24351860
2021-06-11,346.000000,352.899994,344.350006,350.750000,348.584503,36441967
2021-06-14,350.049988,357.899994,341.100006,355.950012,353.752411,38482142
2021-06-15,355.750000,360.750000,351.500000,352.700012,350.522491,35526159
2021-06-16,350.100006,356.000000,348.100006,349.350006,347.193176,27550588
2021-06-17,348.399994,352.899994,342.250000,345.649994,343.515991,29236974
2021-06-18,345.649994,346.899994,329.000000,337.399994,335.316925,49440514
2021-06-21,330.899994,335.799988,326.200012,334.299988,332.236053,29123887
2021-06-22,337.100006,344.299988,336.149994,337.899994,335.813843,26708459
2021-06-23,341.000000,343.250000,334.299988,335.250000,333.180206,25741628
2021-06-24,335.000000,337.399994,333.350006,334.649994,332.583893,15580223
2021-06-25,335.899994,342.799988,335.899994,339.649994,337.553009,22426352
2021-06-28,340.799988,345.000000,337.549988,342.799988,340.683594,17843975
2021-06-29,342.649994,346.500000,339.600006,341.549988,339.441315,22462297
2021-06-30,342.000000,345.350006,338.850006,339.600006,337.503357,18277841
2021-07-01,341.500000,347.399994,341.200012,344.250000,342.124664,27944816
2021-07-02,345.299988,345.549988,340.500000,344.899994,342.770630,18304387
2021-07-05,347.049988,350.100006,344.000000,346.100006,343.963226,18399524
2021-07-06,348.000000,358.200012,311.500000,316.899994,314.943481,164083830
2021-07-07,316.000000,319.100006,306.250000,317.100006,315.142273,112183313
2021-07-08,314.799988,314.799988,305.000000,306.350006,304.458618,87360324
2021-07-09,305.799988,308.850006,301.850006,306.299988,304.408905,48807214
2021-07-12,310.799988,312.000000,306.100006,307.450012,305.551849,32282319
2021-07-13,310.000000,312.250000,308.149994,310.950012,309.030243,25736308
2021-07-14,310.000000,313.299988,308.649994,309.549988,307.638885,21863250
2021-07-15,310.500000,312.850006,307.600006,310.250000,308.334534,23617599
2021-07-16,311.100006,315.450012,310.500000,311.250000,309.328369,25148606
2021-07-19,308.950012,310.299988,306.000000,308.850006,306.943207,21346348
2021-07-20,307.000000,308.000000,301.049988,302.149994,300.284576,27672567
2021-07-22,305.500000,307.450012,301.049988,302.549988,300.682068,21338361
2021-07-23,300.500000,301.899994,295.000000,295.549988,293.725281,33435130
2021-07-26,295.000000,297.000000,291.000000,293.149994,291.340118,27502360
2021-07-27,293.000000,297.649994,288.600006,291.399994,289.600922,55132877
2021-07-28,290.000000,290.899994,283.600006,284.450012,282.693848,36139725
2021-07-29,287.549988,295.399994,287.549988,292.899994,291.091644,57733359
2021-07-30,294.000000,300.000000,293.250000,293.950012,292.135193,30589609
2021-08-02,299.149994,299.399994,295.600006,296.850006,295.017303,19273390
2021-08-03,298.500000,304.500000,297.700012,303.700012,301.824982,31063992
2021-08-04,304.750000,306.450012,297.200012,298.149994,296.309265,26186248
2021-08-05,295.500000,300.899994,292.750000,299.700012,297.849701,20704901
2021-08-06,300.049988,303.399994,297.649994,300.049988,298.197510,16001898
2021-08-09,300.750000,304.200012,296.049988,298.100006,296.259583,16985859
2021-08-10,297.899994,300.200012,291.000000,294.200012,292.383636,15173990
2021-08-11,295.299988,297.799988,286.450012,295.450012,293.625946,20802022
2021-08-12,297.299988,307.399994,297.299988,306.000000,304.110809,33652880
2021-08-13,308.799988,311.500000,303.049988,307.250000,305.353088,34922863
2021-08-16,305.950012,307.850006,303.049988,303.700012,301.824982,14348786
2021-08-17,302.799988,302.799988,292.799988,297.700012,295.862030,25539214
2021-08-18,296.899994,297.750000,292.600006,293.350006,291.538910,18004320
2021-08-20,289.500000,290.700012,281.000000,283.100006,281.352173,32578752
2021-08-23,287.200012,288.299988,275.000000,276.950012,275.240143,24498294
2021-08-24,278.500000,281.500000,268.450012,279.799988,278.072540,37589121
2021-08-25,282.799988,289.200012,282.450012,284.399994,282.644135,31538128
2021-08-26,284.850006,287.350006,281.649994,284.299988,282.544739,17864053
2021-08-27,282.899994,286.799988,281.700012,285.750000,283.985809,13477390
2021-08-30,290.100006,293.500000,289.899994,291.950012,290.147552,17217097
2021-08-31,291.750000,291.950012,286.100006,287.299988,285.526245,36951003
2021-09-01,289.000000,297.399994,287.299988,295.250000,293.427155,33103168
2021-09-02,295.250000,296.299988,291.700012,293.149994,291.340118,14907001
2021-09-03,292.500000,296.450012,292.000000,295.549988,293.725281,16594135
2021-09-06,297.500000,298.950012,296.000000,297.450012,295.613586,16622865
2021-09-07,297.350006,297.799988,290.899994,294.600006,292.781189,14325904
2021-09-08,293.500000,298.799988,291.600006,295.250000,293.427155,14920479
2021-09-09,294.000000,303.500000,293.549988,298.950012,297.104309,34020970
2021-09-13,299.000000,302.000000,295.500000,301.200012,299.340424,16339860
2021-09-14,302.250000,307.200012,302.200012,306.100006,304.210175,23234649
2021-09-15,306.100006,313.000000,306.100006,311.950012,310.024078,26808872
2021-09-16,313.399994,315.000000,307.649994,311.649994,309.725891,26249369
2021-09-17,312.000000,315.350006,306.000000,308.600006,306.694733,24972069
2021-09-20,304.899994,310.250000,297.299988,298.950012,297.104309,19632688
2021-09-21,298.600006,302.700012,293.100006,301.950012,300.085815,19439330
2021-09-22,303.149994,313.799988,303.000000,310.100006,308.185486,29545253
2021-09-23,313.200012,324.000000,313.200012,321.500000,319.515106,52701665
2021-09-24,325.100006,326.950012,316.049988,317.950012,315.987030,28901243
2021-09-27,323.149994,333.600006,323.149994,331.649994,329.602417,56305136
2021-09-28,334.000000,336.000000,324.500000,329.299988,327.266937,28497009
2021-09-29,325.000000,333.000000,324.000000,330.250000,328.211090,19740150
2021-09-30,331.250000,337.899994,329.100006,333.350006,331.291931,30268517
2021-10-01,332.649994,337.299988,325.700012,333.299988,331.242218,29877695
2021-10-04,336.799988,343.250000,335.149994,342.000000,339.888519,29553072
2021-10-05,340.450012,351.500000,338.850006,344.950012,342.820313,31861985
2021-10-06,347.000000,348.700012,335.000000,336.049988,333.975250,25272592
2021-10-07,341.100006,383.000000,339.250000,376.500000,374.175537,163238084
2021-10-08,385.899994,397.549988,380.000000,382.950012,380.585724,93728117
2021-10-11,390.149994,420.899994,388.000000,415.750000,413.183197,113404983
2021-10-12,423.000000,435.700012,413.600006,420.850006,418.251740,97349265
2021-10-13,462.899994,523.849976,462.899994,506.899994,503.770447,197949387
2021-10-14,530.000000,530.000000,492.000000,497.600006,494.527893,103630901
2021-10-18,507.000000,525.000000,503.600006,509.600006,506.453796,72322623
2021-10-19,512.450012,517.400024,476.049988,481.899994,478.924774,57428637
2021-10-20,481.799988,497.000000,471.250000,486.899994,483.893921,55444814
2021-10-21,491.750000,510.399994,485.750000,508.000000,504.863647,52608672
2021-10-22,509.899994,510.700012,487.399994,490.899994,487.869232,42742785
2021-10-25,493.899994,496.000000,473.250000,479.899994,476.937134,33107841
2021-10-26,483.500000,510.000000,483.250000,508.649994,505.509644,58027770
2021-10-27,505.750000,506.549988,496.000000,497.899994,494.825989,30361263
2021-10-28,493.899994,493.899994,478.549988,481.049988,478.080048,25182748
2021-10-29,482.000000,491.600006,467.700012,483.700012,480.713715,31054342
2021-11-01,486.450012,489.700012,469.799988,485.700012,482.701355,34315690
2021-11-02,506.500000,510.000000,486.500000,487.850006,484.838104,51580720
2021-11-03,483.799988,495.000000,481.600006,484.899994,481.906281,22950198
2021-11-04,489.799988,493.549988,488.000000,489.700012,486.676666,5531940
2021-11-08,493.899994,504.850006,490.250000,501.399994,498.304413,31736426
2021-11-09,505.000000,520.650024,503.500000,509.649994,506.503479,50458762
2021-11-10,506.250000,515.950012,500.200012,510.750000,507.596680,26615777
2021-11-11,510.000000,519.000000,501.000000,503.450012,500.341766,29256213
2021-11-12,506.950012,509.549988,497.350006,507.049988,503.919525,20731808
2021-11-15,506.250000,514.900024,504.500000,505.450012,502.329407,18014977
2021-11-16,506.899994,526.849976,506.200012,519.049988,515.845459,55897781
2021-11-17,520.250000,536.700012,520.250000,530.150024,526.876953,48463415
2021-11-18,531.450012,534.200012,501.299988,509.700012,506.553192,47197742
2021-11-22,512.250000,512.250000,478.399994,486.100006,483.098877,40044849
2021-11-23,484.399994,499.350006,477.000000,495.500000,492.440826,27553684
2021-11-24,499.000000,501.799988,485.299988,488.649994,485.633118,20915837
2021-11-25,490.799988,495.149994,486.500000,492.750000,489.707825,15336539
2021-11-26,486.000000,486.750000,458.000000,460.200012,457.358795,51787989
2021-11-29,457.000000,470.750000,443.100006,461.450012,458.601074,42819150
2021-11-30,466.549988,478.000000,455.649994,458.600006,455.768646,35471800
2021-12-01,467.850006,478.399994,463.549988,475.250000,472.315857,28256188
2021-12-02,479.399994,480.450012,471.700012,479.100006,476.142120,21012008
2021-12-03,480.000000,484.700012,477.299988,480.100006,477.135925,20948900
2021-12-06,480.100006,480.899994,466.000000,467.200012,464.315552,17473075
2021-12-07,476.850006,484.899994,471.000000,481.799988,478.825409,21280797
2021-12-08,484.500000,495.950012,483.500000,493.899994,490.850708,20581817
2021-12-09,498.000000,498.500000,489.549988,493.950012,490.900421,16951593
2021-12-10,487.750000,496.799988,486.549988,494.450012,491.397339,14567815
2021-12-13,499.450012,506.399994,494.200012,495.350006,492.291748,21921272
2021-12-14,491.950012,491.950012,483.299988,489.399994,486.378479,17722547
2021-12-15,487.799988,497.700012,487.250000,491.649994,488.614594,16263723
2021-12-16,495.000000,496.500000,487.399994,491.950012,488.912750,13581352
2021-12-17,488.000000,488.850006,468.200012,470.200012,467.297058,27341178
2021-12-20,459.899994,460.000000,440.000000,447.049988,444.289978,33007516
2021-12-21,452.100006,460.899994,449.850006,453.600006,450.799530,18838054
2021-12-22,458.149994,472.149994,458.149994,470.500000,467.595215,22730750
2021-12-23,476.000000,478.000000,470.950012,472.350006,469.433777,12116814
2021-12-24,474.899994,474.899994,460.000000,467.600006,464.713104,15487368
2021-12-27,465.700012,472.450012,460.100006,471.149994,468.241180,12557565
2021-12-28,475.200012,482.799988,472.649994,480.200012,477.235321,22860916
2021-12-29,478.750000,481.600006,474.250000,476.000000,473.061218,10263884
2021-12-30,472.549988,476.399994,468.600006,470.399994,467.495819,11923961
2021-12-31,472.700012,483.600006,471.850006,482.399994,479.421722,15541446
2022-01-03,493.500000,500.850006,492.000000,497.600006,494.527893,32748423
2022-01-04,496.799988,499.000000,484.049988,489.600006,486.577271,24100985
2022-01-05,486.950012,492.750000,483.549988,489.750000,486.726349,15420105
2022-01-06,481.500000,492.950012,477.100006,488.850006,485.831909,16563230
2022-01-07,490.049988,495.500000,483.750000,490.600006,487.571075,15532165
2022-01-10,493.100006,504.899994,491.299988,503.700012,500.590240,25193771
2022-01-11,503.000000,507.899994,498.149994,501.299988,498.205017,16269193
2022-01-12,505.850006,511.850006,503.500000,507.250000,504.118286,16255334
2022-01-13,504.000000,513.799988,494.799988,511.950012,508.789276,27572553
2022-01-14,509.000000,515.400024,505.649994,509.899994,506.751953,12655602
2022-01-17,514.799988,526.900024,512.000000,525.000000,521.758728,27942414
2022-01-18,527.900024,528.500000,507.149994,510.799988,507.646362,19353195
2022-01-19,510.000000,522.200012,504.799988,520.849976,517.634338,21799071
2022-01-20,519.950012,523.200012,512.000000,515.700012,512.516174,18364451
2022-01-21,510.399994,513.849976,494.250000,501.850006,498.751648,17946821
2022-01-24,499.700012,504.299988,473.350006,478.450012,475.496124,25228959
2022-01-25,473.799988,492.500000,467.649994,490.549988,487.521362,22565698
2022-01-27,480.750000,502.700012,476.600006,494.399994,491.347626,26676094
2022-01-28,500.500000,509.350006,495.299988,497.299988,494.229706,21784640
2022-01-31,505.000000,520.000000,498.200012,517.750000,514.553467,27306578
2022-02-01,508.000000,514.750000,493.000000,504.299988,501.186493,48030231
2022-02-02,508.600006,514.450012,505.149994,506.399994,503.273560,14311040
2022-02-03,509.100006,514.299988,502.850006,504.500000,501.385284,15249245
2022-02-04,503.799988,507.799988,499.000000,500.600006,497.509338,12663199
2022-02-07,502.899994,504.350006,492.500000,494.600006,491.546387,13392910
2022-02-08,498.000000,498.500000,479.149994,492.750000,489.707825,23378623
2022-02-09,496.500000,503.700012,494.700012,501.250000,498.155334,12430730
2022-02-10,506.700012,510.500000,504.200012,507.450012,504.317078,14537945
2022-02-11,503.250000,507.000000,497.000000,498.850006,495.770172,13534899
2022-02-14,487.000000,488.500000,468.799988,471.450012,468.539337,22157389
2022-02-15,476.149994,505.500000,467.299988,504.000000,500.888336,30623088
2022-02-16,504.000000,507.899994,496.600006,498.450012,495.372650,20176993
2022-02-17,505.899994,511.500000,498.299988,499.950012,496.863373,27943077
2022-02-18,498.000000,502.649994,491.500000,493.149994,490.105347,15476803
2022-02-21,490.149994,500.399994,486.100006,494.450012,491.397339,22592161
2022-02-22,480.549988,486.299988,471.450012,478.250000,475.297333,27957544
2022-02-23,481.750000,485.399994,475.299988,477.000000,474.055054,17703998
2022-02-24,455.950012,461.549988,405.450012,427.950012,425.307892,57265685
2022-02-25,444.850006,465.700012,441.600006,459.750000,456.911560,48876182
2022-02-28,445.000000,457.350006,440.450012,454.049988,451.246735,34475468
2022-03-02,452.950012,454.250000,444.549988,447.600006,444.836578,25791134
2022-03-03,458.500000,458.500000,435.000000,437.100006,434.401428,29599672
2022-03-04,431.850006,431.850006,414.750000,417.250000,414.673950,38765185
2022-03-07,401.750000,401.750000,387.500000,394.000000,391.567474,44836205
2022-03-08,390.500000,395.450012,376.350006,391.750000,389.331360,55543383
2022-03-09,394.950012,409.250000,389.500000,405.899994,403.394012,48376222
2022-03-10,427.000000,434.950012,414.000000,419.600006,417.009460,59776817
2022-03-11,413.600006,421.149994,407.399994,418.149994,415.568390,51510243
2022-03-14,418.750000,419.000000,404.000000,411.700012,409.158234,40721277
2022-03-15,409.850006,424.200012,408.000000,413.649994,411.096191,47706136
2022-03-16,427.049988,428.549988,420.700012,424.899994,422.276703,27191170
2022-03-17,432.000000,435.700012,429.549988,433.799988,431.121735,26704541
2022-03-21,435.500000,436.299988,427.100006,427.950012,425.307892,18270995
2022-03-22,428.100006,441.450012,421.200012,440.350006,437.631348,30441493
2022-03-23,443.500000,447.000000,434.600006,435.799988,433.109406,25466395
2022-03-24,430.000000,435.399994,427.549988,433.200012,430.525482,17109723
2022-03-25,437.000000,437.000000,427.649994,432.100006,429.432281,15104414
2022-03-28,432.000000,434.950012,426.500000,432.700012,430.028564,16757901
2022-03-29,436.000000,439.350006,431.399994,433.700012,431.022400,18710736
2022-03-30,438.450012,442.500000,434.250000,435.649994,432.960358,18149488
2022-03-31,436.000000,438.299988,432.600006,433.750000,431.072083,14248045
2022-04-01,434.000000,442.250000,430.850006,441.149994,438.426361,19380324
2022-04-04,444.399994,449.500000,441.299988,446.750000,443.991821,18657201
2022-04-05,450.000000,461.899994,448.299988,458.049988,455.222046,28530470
2022-04-06,455.899994,462.700012,452.600006,456.149994,453.333771,24974477
2022-04-07,456.500000,459.100006,448.500000,449.500000,446.724854,19950241
2022-04-08,450.000000,456.250000,449.700012,452.049988,449.259064,16315704
2022-04-11,457.000000,458.899994,451.000000,452.049988,449.259064,14339854
2022-04-12,450.799988,450.799988,435.000000,438.299988,435.593994,22698696
2022-04-13,441.799988,442.850006,430.100006,431.049988,428.388733,16817981
2022-04-18,430.000000,436.350006,423.649994,433.799988,431.121735,15298361
2022-04-19,436.750000,440.250000,417.000000,424.950012,422.326416,12669041
2022-04-20,431.000000,441.700012,428.250000,440.549988,437.830078,19639290
2022-04-21,444.500000,449.350006,441.049988,448.049988,445.283783,14124872
2022-04-22,442.049988,447.250000,438.000000,438.850006,436.140594,14362036
2022-04-25,432.750000,436.000000,423.149994,425.149994,422.525146,14729009
2022-04-26,433.899994,437.450012,431.600006,434.899994,432.214966,13577513
2022-04-27,429.250000,432.950012,425.100006,430.250000,427.593689,13701069
2022-04-28,434.799988,439.200012,430.799988,436.049988,433.357849,13875650
2022-04-29,440.200012,447.750000,436.000000,437.600006,434.898315,21991752
2022-05-02,437.950012,442.950012,428.500000,432.850006,430.177643,18945234
2022-05-04,437.950012,440.600006,420.700012,423.500000,420.885376,14934742
2022-05-05,429.000000,434.000000,423.700012,426.299988,423.668060,12240729
2022-05-06,418.850006,420.200012,407.000000,408.549988,406.027649,25142225
2022-05-09,407.149994,407.399994,395.000000,403.950012,401.456055,18076956
2022-05-10,400.000000,408.500000,389.600006,391.750000,389.331360,16540303
2022-05-11,396.000000,397.000000,377.549988,388.149994,385.753601,29215175
2022-05-12,382.000000,384.649994,366.200012,372.299988,370.001465,33511538
2022-05-13,387.000000,419.350006,387.000000,404.299988,401.803894,71425747
2022-05-16,411.899994,411.899994,396.250000,405.350006,402.847412,24938704
2022-05-17,408.399994,425.649994,405.000000,424.149994,421.531342,24651585
2022-05-18,424.000000,427.350006,414.049988,415.149994,412.586884,20490516
2022-05-19,400.000000,406.799988,396.200012,398.649994,396.188782,17706724
2022-05-20,410.000000,421.399994,410.000000,418.000000,415.419312,23504236
2022-05-23,421.649994,431.149994,419.549988,421.450012,418.848022,16345308
2022-05-24,423.899994,427.500000,416.000000,425.750000,423.121490,14525617
2022-05-25,428.450012,429.000000,413.450012,417.000000,414.425507,13540006
2022-05-26,422.000000,422.649994,405.000000,420.649994,418.052948,17712299
2022-05-27,426.049988,433.250000,425.200012,429.600006,426.947723,16867431
2022-05-30,437.000000,445.200012,436.000000,442.399994,439.668671,18500266
2022-05-31,443.950012,449.500000,440.399994,443.549988,440.811554,22308219
2022-06-01,445.100006,446.000000,439.600006,444.600006,441.855072,11930669
2022-06-02,445.000000,445.600006,435.649994,439.149994,436.438721,12742438
2022-06-03,444.899994,445.049988,430.500000,431.899994,429.233490,12780122
2022-06-06,427.899994,433.950012,424.600006,432.350006,429.680725,11896105
2022-06-07,432.500000,438.200012,429.100006,435.850006,433.159119,11153869
2022-06-08,438.700012,440.399994,432.000000,435.649994,432.960358,12844475
2022-06-09,431.899994,435.649994,426.100006,428.500000,425.854492,13043367
2022-06-10,423.000000,428.850006,422.000000,428.049988,425.407257,11914234
2022-06-13,414.899994,418.149994,405.600006,406.700012,404.189087,17442641
2022-06-14,403.000000,411.850006,397.700012,405.149994,402.648621,19626627
2022-06-15,410.000000,416.399994,407.450012,414.100006,411.543396,15192826
2022-06-16,420.000000,420.899994,390.100006,392.950012,390.523987,22261032
2022-06-17,387.950012,394.450012,382.649994,388.950012,386.548676,24824899
2022-06-20,390.549988,392.950012,376.649994,382.700012,380.337280,17049013
2022-06-21,389.000000,399.000000,387.000000,397.600006,395.145294,14743366
2022-06-22,396.399994,397.000000,390.500000,393.100006,390.673035,12426604
2022-06-23,396.299988,409.899994,394.549988,407.200012,404.686005,26514004
2022-06-24,410.000000,412.850006,406.149994,409.299988,406.773010,14806456
2022-06-27,417.549988,419.450012,412.350006,414.500000,411.940918,12018949
2022-06-28,411.299988,418.200012,409.149994,417.100006,414.524872,13238339
2022-06-29,412.049988,419.899994,411.549988,416.950012,414.375824,13104313
2022-06-30,418.299988,424.000000,410.000000,411.799988,409.257568,20121916
2022-07-01,410.649994,414.600006,402.299988,412.700012,410.152039,14725989
2022-07-04,411.549988,414.899994,405.000000,408.450012,405.928284,11525133
2022-07-05,415.000000,418.799988,410.200012,412.000000,409.456360,16771012
2022-07-06,414.000000,417.299988,410.649994,416.350006,413.779510,12196920
2022-07-07,419.899994,432.950012,419.299988,430.850006,428.190002,17616800
2022-07-08,436.250000,443.850006,429.299988,441.549988,438.823914,23730027
2022-07-11,438.049988,441.200012,433.450012,437.049988,434.351715,12619654
2022-07-12,433.000000,435.000000,428.149994,430.549988,427.891815,9518822
2022-07-13,432.700012,435.850006,425.649994,427.100006,424.463135,10181698
2022-07-14,428.000000,431.250000,423.299988,428.049988,425.407257,10744547
2022-07-15,430.649994,441.750000,429.700012,440.200012,437.482269,15774084
2022-07-18,443.950012,453.799988,443.200012,450.899994,448.116180,21185764
2022-07-19,446.750000,451.850006,444.450012,449.049988,446.277618,11553440
2022-07-20,454.350006,460.750000,451.750000,453.450012,450.650452,17154184
2022-07-21,452.950012,455.500000,450.100006,454.850006,452.041809,10931800
2022-07-22,456.600006,459.950012,452.299988,454.899994,452.091492,10340910
2022-07-25,456.000000,457.600006,446.299988,449.549988,446.774506,12505062
2022-07-26,448.700012,448.700012,439.750000,441.149994,438.426361,11563528
2022-07-27,441.149994,445.000000,436.100006,444.049988,441.308472,10081023
2022-07-28,440.250000,449.250000,427.399994,442.250000,439.519592,36380444
2022-07-29,445.149994,452.700012,445.149994,449.600006,446.824219,16004096
2022-08-01,451.950012,481.000000,451.049988,479.200012,476.241486,43084536
2022-08-02,478.899994,479.899994,469.250000,476.250000,473.309692,19065689
2022-08-03,475.000000,476.250000,459.600006,467.799988,464.911865,19125906
2022-08-04,473.149994,473.950012,456.450012,468.899994,466.005066,18540405
2022-08-05,468.899994,472.899994,464.000000,465.250000,462.377594,11917799
2022-08-08,466.000000,471.899994,464.450012,468.250000,465.359070,10561754
2022-08-10,470.000000,477.200012,463.350006,475.549988,472.613983,13360759
2022-08-11,482.549988,485.000000,475.600006,476.649994,473.707214,12777503
2022-08-12,475.750000,481.450012,470.000000,477.549988,474.601654,13482890
2022-08-16,479.600006,491.399994,478.200012,489.850006,486.825745,16796376
2022-08-17,490.899994,494.399994,484.200012,485.399994,482.403198,15948755
2022-08-18,484.000000,486.799988,479.250000,484.799988,481.806885,12070974
2022-08-19,486.750000,488.100006,468.100006,471.000000,468.092102,16636593
2022-08-22,468.500000,468.950012,452.549988,454.600006,451.793335,15050653
2022-08-23,449.000000,462.100006,447.600006,460.450012,457.607269,17779238
2022-08-24,459.000000,464.899994,457.700012,463.200012,460.340240,12214113
2022-08-25,466.000000,468.799988,457.399994,459.200012,456.364960,11255809
2022-08-26,465.000000,470.450012,463.950012,465.049988,462.178833,11252560
2022-08-29,451.000000,456.899994,450.149994,453.350006,450.551056,11647725
2022-08-30,458.649994,472.399994,457.100006,471.100006,468.191498,14421066
2022-09-01,462.500000,474.399994,462.149994,466.899994,464.017395,13385159
2022-09-02,470.850006,471.799988,460.149994,461.750000,458.899231,10806707
2022-09-05,459.750000,463.950012,457.000000,459.000000,456.166199,9378108
2022-09-06,462.700012,463.700012,456.600006,457.750000,454.923920,9805875
2022-09-07,453.200012,456.500000,443.649994,445.850006,443.097351,20764508
2022-09-08,452.450012,452.549988,440.000000,442.200012,439.469910,19336014
2022-09-09,447.500000,449.649994,440.600006,445.899994,443.147034,14294289
2022-09-12,447.700012,453.000000,447.000000,451.000000,448.215576,8962633
2022-09-13,454.299988,458.950012,453.549988,456.799988,453.979767,10661280
2022-09-14,447.600006,454.700012,447.000000,450.200012,447.420532,10360461
2022-09-15,452.399994,455.850006,446.049988,447.250000,444.488708,10356713
2022-09-16,446.000000,446.399994,429.100006,432.500000,429.829773,20992324
2022-09-19,431.500000,431.600006,424.049988,425.450012,422.823334,15236142
2022-09-20,430.600006,443.350006,430.600006,434.250000,431.569000,17557661
2022-09-21,433.950012,436.000000,425.500000,427.649994,425.009735,10831068
2022-09-22,425.000000,434.600006,422.549988,432.200012,429.531677,13600786
2022-09-23,431.899994,431.899994,420.549988,423.100006,420.487823,13441609
2022-09-26,416.000000,417.899994,393.149994,397.500000,395.045898,33230938
2022-09-27,403.899994,404.000000,390.350006,398.799988,396.337860,21932747
2022-09-28,394.899994,406.600006,392.850006,399.100006,396.635986,18114880
2022-09-29,411.000000,413.250000,399.600006,402.250000,399.766571,20725995
2022-09-30,398.000000,408.250000,392.500000,404.600006,402.102051,20951277
2022-10-03,405.500000,406.549988,395.500000,397.649994,395.194946,20332430
2022-10-04,406.000000,408.950012,402.899994,407.899994,405.381653,12761425
2022-10-06,409.600006,417.649994,409.500000,414.100006,411.543396,12771199
2022-10-07,413.399994,414.000000,408.700012,412.149994,409.605438,10670854
2022-10-10,403.399994,403.399994,393.049988,395.950012,393.505463,32914630
2022-10-11,397.000000,399.500000,391.299988,393.350006,390.921509,14641301
2022-10-12,394.549988,398.200012,391.100006,396.549988,394.101715,14287344
2022-10-13,396.549988,403.500000,394.549988,399.000000,396.536621,12584114
2022-10-14,407.000000,409.200012,395.299988,396.250000,393.803619,12875470
2022-10-17,394.000000,398.899994,392.500000,396.100006,393.654541,9543556
2022-10-18,401.000000,406.700012,400.700012,404.250000,401.754211,14215544
2022-10-19,406.200012,406.950012,397.299988,399.049988,396.586273,8648435
2022-10-20,397.000000,399.899994,393.100006,398.100006,395.642181,10747183
2022-10-21,397.000000,402.250000,394.700012,398.049988,395.592468,10279618
2022-10-24,406.000000,406.000000,400.149994,401.600006,399.120575,2871205
2022-10-25,404.350006,410.500000,403.200012,404.549988,402.052338,17979661
2022-10-27,408.549988,411.700012,404.000000,407.700012,405.182922,14614841
2022-10-28,408.000000,411.200012,406.100006,409.899994,407.369324,12488938
2022-10-31,414.350006,416.299988,411.600006,412.750000,410.201721,9928218
2022-11-01,414.899994,422.399994,412.799988,421.350006,418.748627,17324893
2022-11-02,423.049988,425.100006,420.149994,422.149994,419.543701,12433578
2022-11-03,419.399994,423.299988,414.500000,416.250000,413.680115,10987519
2022-11-04,418.200012,426.000000,416.899994,425.350006,422.723938,12277023
2022-11-07,428.250000,437.500000,428.250000,435.000000,432.314362,15058076
2022-11-09,439.200012,441.200012,432.000000,433.149994,430.475769,14471443
2022-11-10,420.500000,420.549988,409.200012,412.200012,409.655151,26251660
2022-11-11,420.000000,425.500000,414.700012,423.500000,420.885376,19296401
2022-11-14,424.000000,437.700012,423.500000,433.700012,431.022400,17996083
2022-11-15,434.899994,438.500000,434.100006,437.149994,434.451080,10696024
2022-11-16,436.950012,438.200012,429.600006,431.549988,428.885651,8206169
2022-11-17,422.000000,427.549988,419.600006,423.149994,420.537506,15621809
2022-11-18,424.000000,426.450012,421.149994,423.799988,421.183472,9851962
2022-11-21,425.600006,427.600006,420.000000,421.100006,418.500183,9497812
2022-11-22,421.000000,426.399994,420.500000,424.700012,422.077972,6407614
2022-11-23,426.850006,429.299988,422.850006,424.049988,421.431946,6568241
2022-11-24,424.500000,425.250000,420.700012,423.399994,420.785980,6768613
2022-11-25,425.000000,435.149994,424.000000,433.200012,430.525482,18764073
2022-11-28,435.000000,440.350006,432.399994,433.250000,430.575165,10701208
2022-11-29,432.500000,437.899994,429.549988,433.149994,430.475769,8630105
2022-11-30,435.000000,441.000000,433.299988,439.399994,436.687195,14727892
2022-12-01,443.000000,443.600006,436.850006,438.250000,435.544312,8909310
2022-12-02,439.000000,441.149994,435.000000,435.399994,432.711884,8352658
2022-12-05,435.500000,437.500000,427.799988,428.750000,426.102936,12857807
2022-12-06,428.799988,431.350006,425.350006,427.100006,424.463135,8461831
2022-12-07,428.000000,428.000000,419.100006,420.100006,417.506348,12133315
2022-12-08,421.000000,421.399994,415.350006,417.200012,414.624268,9539923
2022-12-09,419.299988,420.950012,409.549988,413.299988,410.748322,9920219
2022-12-12,412.000000,416.899994,408.000000,414.149994,411.593079,8009229
2022-12-13,419.950012,421.500000,417.250000,418.500000,415.916229,9717894
2022-12-14,420.549988,421.350006,417.350006,417.899994,415.319916,6314883
2022-12-15,418.850006,422.799988,415.700012,416.700012,414.127350,7542601
2022-12-16,417.350006,427.799988,413.100006,421.600006,418.997101,50949198
2022-12-19,421.899994,422.850006,415.500000,418.000000,415.419312,9809103
2022-12-20,418.000000,418.000000,408.000000,410.500000,407.965607,12341042
2022-12-21,412.600006,414.399994,401.000000,402.600006,400.114380,11606059
2022-12-22,404.100006,404.700012,390.200012,394.450012,392.014709,14908929
2022-12-23,390.000000,390.000000,377.000000,378.350006,376.014099,19902886
2022-12-26,380.250000,390.700012,375.200012,384.799988,382.424286,16979026
2022-12-27,390.000000,397.450012,388.500000,394.149994,391.716553,14372461
2022-12-28,394.000000,395.899994,390.399994,391.299988,388.884155,8443917
2022-12-29,389.000000,390.000000,383.049988,385.899994,383.517487,15627403
2022-12-30,391.000000,392.200012,387.000000,387.950012,385.554840,9198673
2023-01-02,392.500000,396.000000,391.000000,394.799988,392.362549,10501357
2023-01-03,396.000000,398.350006,393.000000,393.899994,391.468079,9431220
2023-01-04,394.799988,394.799988,385.000000,385.600006,383.219360,16121049
2023-01-05,387.899994,388.750000,382.500000,386.899994,384.511322,10443908
2023-01-06,386.100006,388.399994,381.000000,382.000000,379.641571,8715469
2023-01-09,386.350006,392.700012,385.000000,389.450012,387.045593,14693099
2023-01-10,400.000000,417.750000,400.000000,412.899994,410.350800,54021379
2023-01-11,415.750000,420.000000,413.549988,418.200012,415.618103,22224361
2023-01-12,420.299988,420.500000,410.049988,412.250000,409.704834,12479034
2023-01-13,413.000000,416.350006,408.000000,411.500000,408.959442,10449630
2023-01-16,413.500000,414.899994,407.600006,413.000000,410.450195,11462140
2023-01-17,413.000000,419.450012,412.500000,415.299988,412.735962,12337969
2023-01-18,415.899994,415.950012,407.450012,408.399994,405.878571,13310316
2023-01-19,406.500000,407.799988,400.100006,400.750000,398.275818,13126520
2023-01-20,404.000000,412.500000,401.200012,403.149994,400.660980,23906114
2023-01-23,407.000000,410.950012,405.000000,408.399994,405.878571,13113183
2023-01-24,410.000000,424.000000,410.000000,422.149994,419.543701,30197475
2023-01-25,423.750000,427.250000,417.700012,419.049988,416.462830,22975581
2023-01-27,438.000000,453.399994,435.149994,445.600006,442.848938,63360467
2023-01-30,445.600006,450.000000,437.649994,443.649994,440.910950,18316743
2023-01-31,443.700012,454.799988,440.899994,452.100006,449.308777,25154475
2023-02-01,456.799988,461.500000,437.649994,446.649994,443.892426,23798589
2023-02-02,446.750000,449.200012,440.700012,444.799988,442.053833,11344554
2023-02-03,447.000000,450.799988,442.350006,445.450012,442.699860,13067403
2023-02-06,444.450012,447.000000,439.549988,442.000000,439.271149,6795084
2023-02-07,441.700012,443.399994,432.899994,435.450012,432.761597,9023645
2023-02-08,435.450012,441.000000,431.549988,440.100006,437.382874,8668267
2023-02-09,440.000000,440.700012,433.549988,436.750000,434.053558,7349418
2023-02-10,437.950012,447.799988,431.200012,445.850006,443.097351,14798390
2023-02-13,445.500000,446.899994,438.899994,441.049988,438.326996,8333767
2023-02-14,442.000000,444.299988,434.399994,440.549988,437.830078,8565559
2023-02-15,438.500000,444.899994,438.149994,444.149994,441.407867,9857016
2023-02-16,445.000000,448.250000,440.500000,441.600006,438.873627,7670688
2023-02-17,436.000000,442.450012,436.000000,439.899994,437.184082,6955445
2023-02-20,441.799988,445.299988,436.250000,443.000000,440.264984,9717197
2023-02-21,445.200012,445.200012,435.250000,436.500000,433.805084,8957930
2023-02-22,435.299988,435.850006,428.250000,429.450012,426.798645,7209130
2023-02-23,428.649994,436.450012,427.200012,433.200012,430.525482,9278920
2023-02-24,435.399994,436.700012,427.000000,427.750000,425.109131,7895024
2023-02-27,427.750000,428.049988,413.049988,417.950012,415.369629,10438928
2023-02-28,419.000000,424.799988,419.000000,420.700012,418.102661,9652088
2023-03-01,421.500000,428.000000,421.500000,426.000000,423.369934,7595114
2023-03-02,426.000000,426.250000,419.549988,420.450012,417.854187,5661103
2023-03-03,422.600006,430.500000,421.950012,428.000000,425.357574,8027522
2023-03-06,430.950012,441.450012,430.000000,440.100006,437.382874,11307064
2023-03-08,439.000000,441.250000,436.100006,439.299988,436.587799,7850052
2023-03-09,439.100006,442.049988,431.299988,432.200012,429.531677,5696737
2023-03-10,433.000000,437.799988,430.799988,435.850006,433.159119,10417015
2023-03-13,436.100006,437.000000,419.100006,422.399994,419.792145,8780169
2023-03-14,422.850006,424.200012,413.399994,416.649994,414.077637,9189043
2023-03-15,422.000000,425.000000,410.100006,411.350006,408.810364,7681009
2023-03-16,413.299988,418.500000,405.000000,415.700012,413.133545,11854885
2023-03-17,419.000000,423.450012,414.549988,419.000000,416.413147,8658701
2023-03-20,415.600006,416.950012,405.500000,410.750000,408.214081,10075022
2023-03-21,412.850006,413.899994,407.700012,412.549988,410.002930,7391950
2023-03-22,416.000000,418.399994,413.750000,416.100006,413.531067,5728054
2023-03-23,416.000000,422.500000,416.000000,419.149994,416.562195,9817460
2023-03-24,419.000000,420.549988,414.799988,416.500000,413.928558,6877960
2023-03-27,416.000000,418.500000,410.250000,412.049988,409.506042,7433933
2023-03-28,414.149994,414.500000,400.450012,401.600006,399.120575,9553659
2023-03-29,401.600006,410.600006,401.600006,409.200012,406.673645,10478506
2023-03-31,411.350006,421.750000,411.000000,420.799988,418.202026,11037881
2023-04-03,423.000000,424.950012,419.500000,424.250000,421.630737,6948329
2023-04-05,424.250000,428.750000,423.149994,426.549988,423.916504,8821326
2023-04-06,426.500000,439.299988,423.750000,437.649994,434.947998,10907492
2023-04-10,452.049988,473.299988,452.000000,461.299988,458.451965,50462653
2023-04-11,463.750000,463.750000,455.799988,458.700012,455.868042,14495222
2023-04-12,459.350006,468.600006,458.200012,465.500000,462.626068,13552440
2023-04-13,464.950012,472.000000,463.250000,469.500000,466.601349,12733670
2023-04-17,471.000000,473.000000,465.799988,472.149994,469.234985,10710167
2023-04-18,475.000000,483.350006,468.100006,473.000000,470.079773,16140056
2023-04-19,473.000000,475.500000,467.850006,469.399994,466.501953,7368610
2023-04-20,473.700012,479.700012,469.399994,476.799988,473.856262,14264206
2023-04-21,476.700012,476.700012,467.200012,471.200012,468.290863,8478118
2023-04-24,471.200012,476.000000,468.299988,475.200012,472.266174,8020593
2023-04-25,475.200012,476.399994,471.899994,473.549988,470.626343,6888352
2023-04-26,473.000000,479.500000,472.600006,478.200012,475.247650,7791425
2023-04-27,478.500000,482.000000,476.500000,481.600006,478.626678,7085793
2023-04-28,481.399994,488.000000,478.350006,484.950012,481.955994,9947813
2023-05-02,482.500000,484.000000,474.549988,480.250000,477.285004,11542592
2023-05-03,480.250000,485.100006,477.750000,483.700012,480.713715,8529233
2023-05-04,483.600006,486.399994,478.750000,480.799988,477.831573,5650101
2023-05-05,481.649994,484.700012,476.149994,477.100006,474.154449,4830674
2023-05-08,480.000000,502.299988,478.100006,500.500000,497.409973,23515333
2023-05-09,502.000000,512.799988,501.549988,503.649994,500.540527,19818780
2023-05-10,508.000000,512.900024,504.350006,509.500000,506.354401,12481404
2023-05-11,512.000000,514.150024,505.500000,511.600006,508.441437,11454020
2023-05-12,513.900024,520.500000,510.299988,515.950012,512.764587,19766717
2023-05-15,523.849976,537.150024,521.500000,530.849976,527.572571,38270067
2023-05-16,533.950012,535.950012,518.849976,521.150024,517.932495,16514882
2023-05-17,522.500000,523.950012,512.500000,515.500000,512.317383,13684847
2023-05-18,518.799988,520.900024,507.100006,508.450012,505.310913,12293322
2023-05-19,509.799988,526.400024,504.750000,524.950012,521.708984,19343560
2023-05-22,524.950012,527.000000,519.349976,522.500000,519.274170,9978339
2023-05-23,522.500000,531.000000,521.150024,528.500000,525.237061,12256902
2023-05-24,527.150024,529.650024,519.150024,520.200012,516.988403,7648284
2023-05-25,518.000000,518.000000,509.100006,514.849976,511.671326,11543712
2023-05-26,514.900024,519.750000,512.200012,518.450012,515.249146,8360570
2023-05-29,525.000000,525.099976,519.700012,521.450012,518.230652,6596504
2023-05-30,521.450012,523.500000,518.000000,518.799988,515.596985,5134688
2023-05-31,519.950012,527.500000,516.400024,526.299988,523.050659,12327284
2023-06-01,527.500000,536.250000,522.849976,535.200012,531.895752,12511265
2023-06-02,537.000000,541.250000,532.750000,535.900024,532.591431,12294728
2023-06-05,539.000000,548.799988,537.900024,546.250000,542.877563,15008325
2023-06-06,549.450012,557.000000,545.349976,555.750000,552.318848,15395092
2023-06-07,558.799988,575.000000,552.150024,567.950012,564.443542,20855239
2023-06-08,570.000000,576.549988,557.000000,559.700012,556.244507,21527339
2023-06-09,564.400024,566.450012,559.299988,562.299988,558.828430,9361533
2023-06-12,567.000000,568.900024,560.650024,564.150024,560.666992,7599572
2023-06-13,567.700012,571.049988,560.750000,562.200012,558.729065,12845897
2023-06-14,566.000000,571.200012,564.000000,570.299988,566.778992,12713256
2023-06-15,571.799988,575.000000,567.750000,568.450012,564.940491,12475759
2023-06-16,569.650024,572.200012,566.049988,569.799988,566.282104,8736313
2023-06-19,570.650024,573.200012,564.200012,566.049988,562.555298,6280388
2023-06-20,566.049988,583.950012,562.500000,583.250000,579.649109,18074902
2023-06-21,584.950012,585.900024,574.500000,581.400024,577.810547,9146332
2023-06-22,584.000000,584.700012,568.200012,569.349976,565.834839,11229179
2023-06-23,570.000000,571.150024,557.700012,559.650024,556.194824,9362695
2023-06-26,560.000000,569.000000,557.799988,567.849976,564.344116,6986621
2023-06-27,570.000000,576.900024,568.450012,573.099976,569.561707,9404450
2023-06-28,579.000000,590.000000,575.500000,586.650024,583.028076,16720940
2023-06-30,588.349976,599.000000,588.000000,595.549988,591.873169,12488047
2023-07-03,600.000000,602.299988,590.000000,590.799988,587.152466,11131048
2023-07-04,594.400024,596.400024,589.500000,591.450012,587.798462,6917886
2023-07-05,592.000000,593.000000,584.950012,588.250000,584.618225,8715919
2023-07-06,590.799988,604.950012,588.549988,600.799988,597.090698,14356681
2023-07-07,600.000000,624.799988,592.200012,618.200012,614.383301,21066726
2023-07-10,624.000000,634.799988,617.549988,618.650024,614.830505,23802524
2023-07-11,624.950012,630.450012,622.150024,628.500000,624.619690,12051173
2023-07-12,629.950012,630.799988,619.349976,621.450012,617.613220,10785502
2023-07-13,625.000000,626.500000,615.500000,620.650024,616.818237,9689708
2023-07-14,623.000000,626.000000,619.500000,624.900024,621.041931,7010179
2023-07-17,626.900024,627.000000,617.150024,618.500000,614.681458,7580645
2023-07-18,620.400024,620.849976,607.000000,612.099976,608.320984,10359400
2023-07-19,614.000000,625.299988,610.150024,620.599976,616.768433,11128348
2023-07-20,622.650024,623.599976,616.200012,621.650024,617.812012,7834891
2023-07-21,621.000000,631.000000,617.700012,625.750000,621.886719,12914610
2023-07-24,627.950012,634.450012,626.250000,629.250000,625.365051,12247844
2023-07-25,636.000000,642.500000,633.349976,639.450012,635.502136,13988137
2023-07-26,640.000000,665.400024,639.000000,641.099976,637.141907,31673714
2023-07-27,647.000000,648.450012,636.750000,643.700012,639.725891,11696851
2023-07-28,646.000000,646.000000,631.799988,635.299988,633.345520,9299530
2023-07-31,640.200012,645.549988,635.900024,644.299988,642.317871,7502361
2023-08-01,645.000000,652.900024,642.000000,643.650024,641.669861,8924219
2023-08-02,644.000000,644.299988,616.450012,622.650024,620.734497,15762687
2023-08-03,623.000000,626.450012,614.150024,618.950012,617.045837,11458920
2023-08-04,624.849976,625.000000,613.299988,615.000000,613.107971,11806739
2023-08-07,619.000000,619.000000,608.500000,609.500000,607.624939,9893466
2023-08-08,612.549988,614.750000,605.250000,607.299988,605.431641,8863640
2023-08-09,610.599976,624.000000,605.349976,622.549988,620.634766,13362350
2023-08-10,623.000000,628.299988,598.000000,618.250000,616.348022,53116980
2023-08-11,619.750000,624.750000,610.000000,611.799988,609.917847,9347707
2023-08-14,612.000000,612.000000,594.500000,607.349976,605.481506,14492164
2023-08-16,606.700012,621.349976,597.299988,618.750000,616.846436,14562074
2023-08-17,620.000000,622.000000,611.000000,613.750000,611.861816,12119293
2023-08-18,612.799988,620.099976,610.900024,615.799988,613.905518,11190760
2023-08-21,617.000000,623.299988,614.799988,620.500000,618.591064,9580365
2023-08-22,621.799988,626.500000,618.599976,620.200012,618.291992,8534395
2023-08-23,622.750000,622.750000,613.150024,613.900024,612.011414,8248333
2023-08-24,618.000000,619.000000,609.650024,610.950012,609.070435,7096025
2023-08-25,610.849976,616.700012,593.299988,605.099976,603.238403,16075509
2023-08-28,605.400024,608.500000,601.549988,602.400024,600.546753,7479254
2023-08-29,603.599976,610.500000,603.599976,607.150024,605.282166,6956667
2023-08-30,611.200012,612.900024,605.000000,605.549988,603.687073,5676055
2023-08-31,608.799988,609.650024,599.049988,601.000000,599.151062,10544271
2023-09-01,604.200012,614.900024,601.900024,611.200012,609.319702,10297492
2023-09-04,615.599976,615.599976,606.000000,609.000000,607.126465,8392665
2023-09-05,610.000000,618.900024,608.049988,611.150024,609.269836,8560651
2023-09-06,611.150024,612.549988,605.599976,610.250000,608.372620,6520064
2023-09-07,610.900024,616.500000,609.049988,614.900024,613.008301,6520293
2023-09-08,617.950012,628.900024,614.200012,627.250000,625.320313,16190749
2023-09-11,634.650024,635.400024,630.500000,634.849976,632.896912,8780510
2023-09-12,638.000000,639.000000,615.250000,620.799988,618.890137,12541377
2023-09-13,621.000000,628.500000,619.549988,625.900024,623.974487,6988358
2023-09-14,628.099976,630.799988,623.299988,624.599976,622.678406,5722295
2023-09-15,628.700012,636.500000,627.150024,634.250000,632.298767,18917805
2023-09-18,635.900024,644.200012,633.150024,640.650024,638.679077,11108349
2023-09-20,640.700012,647.000000,637.000000,638.500000,636.535706,11777925
2023-09-21,638.500000,641.700012,624.000000,627.049988,625.120911,9266854
2023-09-22,628.000000,630.799988,619.000000,620.450012,618.541260,6551917
2023-09-25,623.849976,625.200012,617.900024,618.700012,616.796631,6390681
2023-09-26,618.700012,625.700012,617.950012,619.799988,617.893188,6271108
2023-09-27,619.950012,621.900024,616.750000,620.150024,618.242188,5960490
2023-09-28,622.900024,623.799988,612.250000,614.099976,612.210754,6768196
2023-09-29,618.700012,633.000000,617.000000,630.200012,628.261230,8969405
2023-10-03,632.599976,632.650024,618.599976,620.450012,618.541260,6894577
2023-10-04,620.799988,620.799988,608.299988,613.599976,611.712280,7612709
2023-10-05,619.000000,621.349976,614.650024,619.599976,617.693787,7893892
2023-10-06,627.000000,627.349976,620.000000,622.450012,620.535095,7922379
2023-10-09,620.799988,622.000000,613.700012,617.349976,615.450745,6381189
2023-10-10,620.000000,632.500000,617.599976,630.549988,628.610168,9833429
2023-10-11,633.000000,637.799988,632.599976,634.000000,632.049561,7701931
2023-10-12,637.000000,640.200012,635.049988,636.950012,634.990479,5928732
2023-10-13,633.950012,669.000000,633.000000,667.099976,665.047668,28011678
2023-10-16,668.549988,677.799988,661.250000,666.200012,664.150513,20005816
2023-10-17,670.000000,670.900024,654.650024,655.700012,653.682800,10263992
2023-10-18,658.599976,672.250000,653.799988,668.500000,666.443420,14908778
2023-10-19,662.950012,672.299988,658.599976,668.799988,666.742493,10633043
2023-10-20,666.650024,676.400024,660.500000,663.200012,661.159729,11759568
2023-10-23,663.650024,667.250000,645.000000,647.349976,645.358459,8564004
2023-10-25,650.000000,651.900024,636.049988,637.849976,635.887695,8229559
2023-10-26,635.000000,635.650024,624.150024,626.549988,624.622437,8889373
2023-10-27,630.000000,643.950012,628.450012,641.049988,639.077820,10232856
2023-10-30,643.799988,643.799988,621.849976,628.500000,626.566467,12786883
2023-10-31,642.000000,642.000000,627.299988,628.650024,626.716003,11395766
2023-11-01,630.000000,633.799988,626.299988,627.700012,625.768921,8785264
2023-11-02,632.000000,638.200012,630.099976,636.450012,634.492004,9934305
2023-11-03,662.000000,666.000000,646.200012,647.500000,645.507996,23087856
2023-11-06,652.849976,652.849976,643.200012,646.049988,644.062439,10801301
2023-11-07,645.000000,649.900024,643.299988,645.000000,643.015686,6588073
2023-11-08,648.000000,649.049988,641.900024,642.549988,640.573242,6551864
2023-11-09,644.000000,653.650024,642.700012,649.349976,647.352295,10155047
2023-11-10,649.349976,652.950012,644.000000,651.049988,649.047058,6425792
2023-11-13,653.000000,654.000000,649.299988,653.250000,651.240295,3279829
2023-11-15,660.000000,673.500000,656.549988,671.549988,669.484009,11324434
2023-11-16,674.000000,685.500000,670.900024,680.400024,678.306824,17501373
2023-11-17,682.500000,687.650024,679.599976,681.549988,679.453247,9563220
2023-11-20,682.000000,686.750000,670.700012,674.299988,672.225525,8324354
2023-11-21,677.000000,683.299988,675.000000,681.700012,679.602783,7291057
2023-11-22,683.950012,687.349976,676.049988,681.200012,679.104370,9279642
2023-11-23,683.200012,685.900024,677.049988,679.950012,677.858215,5885370
2023-11-24,681.400024,681.950012,671.250000,673.700012,671.627441,6951690
2023-11-28,677.450012,699.450012,674.250000,697.500000,695.354187,16015860
2023-11-29,702.750000,714.400024,694.349976,712.349976,710.158508,16122864
2023-11-30,716.299988,717.250000,697.000000,706.400024,704.226807,24275245
2023-12-01,708.000000,711.000000,703.000000,705.450012,703.279724,10565415
2023-12-04,716.000000,717.000000,704.799988,705.599976,703.429260,9348036
2023-12-05,705.900024,714.900024,705.000000,708.950012,706.768982,9601509
2023-12-06,709.049988,724.799988,709.000000,722.450012,720.227417,12148825
2023-12-07,725.000000,727.500000,716.000000,721.950012,719.729004,10451801
2023-12-08,722.049988,727.599976,707.500000,714.549988,712.351746,8557203
2023-12-11,717.799988,726.500000,716.549988,720.799988,718.582520,6403209
2023-12-12,724.799988,724.799988,713.000000,715.400024,713.199158,6461539
2023-12-13,716.000000,721.450012,713.500000,720.299988,718.084045,5807736
2023-12-14,724.000000,724.700012,718.599976,719.750000,717.535767,6732352
2023-12-15,723.900024,734.000000,721.250000,732.400024,730.146851,12082079
2023-12-18,732.900024,734.750000,728.099976,730.799988,728.551758,5450397
2023-12-19,732.599976,732.599976,726.000000,728.950012,726.707458,4511101
2023-12-20,730.950012,733.000000,703.049988,705.250000,703.080322,8107602
2023-12-21,703.000000,711.900024,696.250000,708.849976,706.669250,7702232
2023-12-22,716.799988,731.000000,712.000000,724.700012,722.470520,12062238
2023-12-26,727.400024,727.500000,716.599976,719.549988,717.336365,7229143
2023-12-27,728.000000,741.849976,725.150024,740.900024,738.620667,15052800
2023-12-28,742.650024,757.950012,739.049988,753.900024,751.580688,14906199
2023-12-29,755.000000,802.900024,754.000000,779.950012,777.550537,41170191
2024-01-01,785.000000,798.700012,781.049988,790.599976,788.167725,12570717
2024-01-02,800.500000,804.000000,779.000000,784.400024,781.986877,13791090
2024-01-03,786.049988,790.000000,776.250000,781.450012,779.045959,8559060
2024-01-04,798.000000,801.799988,791.299988,795.750000,793.301941,14298444
2024-01-05,799.000000,805.900024,787.099976,790.950012,788.516724,11091198
2024-01-08,798.400024,800.349976,787.500000,789.099976,786.672363,7668471
2024-01-09,799.950012,809.200012,793.150024,799.799988,797.339478,12872757
2024-01-10,800.000000,811.000000,792.650024,808.450012,805.962891,9980044
2024-01-11,813.500000,817.500000,808.450012,815.650024,813.140747,11075167
2024-01-12,818.150024,818.549988,809.150024,816.450012,813.938232,7664094
2024-01-15,820.000000,820.400024,810.299988,812.450012,809.950562,4835856
2024-01-16,812.450012,827.000000,812.450012,818.849976,816.330811,10159066
2024-01-17,811.000000,813.700012,804.000000,805.549988,803.071777,7895439
2024-01-18,807.000000,822.950012,797.000000,819.049988,816.530212,11500495
2024-01-19,823.849976,826.000000,819.500000,823.549988,821.016418,5706888
2024-01-23,824.900024,827.599976,796.299988,800.450012,797.987488,9436209
2024-01-24,802.400024,812.000000,788.500000,810.900024,808.405334,7217542
2024-01-25,814.000000,814.150024,800.299988,811.849976,809.352356,10109720
2024-01-29,811.849976,843.799988,811.049988,841.000000,838.412720,12823686
2024-01-30,843.000000,885.950012,842.849976,858.849976,856.207764,19734613
2024-01-31,865.200012,896.500000,865.200012,884.200012,881.479858,24562392
2024-02-01,900.000000,900.150024,876.299988,878.500000,875.797363,14505885
2024-02-02,886.000000,895.750000,876.849976,878.750000,876.046570,13003437
2024-02-05,934.000000,950.000000,915.349976,926.799988,923.948730,38686871
2024-02-06,936.400024,941.299988,928.400024,939.549988,936.659546,12714803
2024-02-07,944.000000,944.000000,928.049988,933.799988,930.927185,7913010
2024-02-08,937.000000,939.700012,918.799988,924.299988,921.456421,11576253
2024-02-09,926.000000,927.400024,906.049988,915.000000,912.185059,7904881
2024-02-12,916.099976,925.000000,908.000000,911.599976,908.795471,7286778
2024-02-13,911.599976,919.099976,894.000000,906.900024,904.109985,8574218
2024-02-14,900.000000,919.950012,894.349976,918.299988,915.474915,6570939
2024-02-15,923.700012,927.000000,916.349976,920.549988,917.717957,6430799
2024-02-16,925.000000,948.799988,924.099976,938.599976,935.712463,12826164
2024-02-19,942.950012,942.950012,931.049988,932.599976,929.730896,4632214
2024-02-20,934.450012,934.650024,920.400024,926.349976,923.500122,4733639
2024-02-21,926.349976,937.200012,916.500000,921.049988,918.216431,6011018
2024-02-22,924.650024,933.849976,914.599976,932.299988,929.431824,6437014
2024-02-23,933.099976,939.799988,929.400024,937.400024,934.516174,7047473
2024-02-26,937.099976,945.000000,930.700012,936.950012,934.067566,5600234
2024-02-27,936.750000,965.000000,935.500000,962.700012,959.738342,12810206
2024-02-28,966.150024,976.000000,950.299988,958.049988,955.102600,15219187
2024-02-29,959.000000,959.250000,942.900024,950.200012,947.276794,10346657
2024-03-01,958.950012,980.400024,956.700012,977.400024,974.393127,10645369
2024-03-04,993.250000,995.000000,980.099976,987.200012,984.162964,6084495
2024-03-05,1027.000000,1065.599976,1005.349976,1021.900024,1018.756226,59811033
2024-03-06,1025.000000,1030.650024,1009.000000,1017.650024,1014.519287,14214823
2024-03-07,1025.000000,1047.000000,1014.049988,1039.300049,1036.102661,16877082
2024-03-11,1034.750000,1035.949951,1021.000000,1028.000000,1024.837402,7502450
2024-03-12,1027.800049,1037.000000,1011.299988,1016.500000,1013.372803,8763820
2024-03-13,1019.000000,1021.000000,963.549988,973.200012,970.206055,16564155
2024-03-14,964.950012,982.000000,955.400024,967.750000,964.772766,22931801
2024-03-15,968.400024,979.750000,940.000000,945.849976,942.940125,23390913
2024-03-18,945.849976,974.799988,936.650024,972.450012,969.458313,12121719
2024-03-19,968.549988,970.599976,951.599976,957.750000,954.803528,9483750
2024-03-20,960.900024,965.150024,921.200012,940.450012,937.556763,13900321
2024-03-21,951.000000,969.250000,946.000000,964.900024,961.931580,11074207
2024-03-22,964.900024,986.200012,950.349976,979.799988,976.785706,13638296
2024-03-26,977.000000,995.000000,976.000000,986.200012,983.166016,9461531
2024-03-27,991.599976,995.000000,976.700012,978.650024,975.639282,6640537
2024-03-28,982.500000,999.900024,979.000000,992.799988,989.745728,9862996
2024-04-01,1000.000000,1009.849976,987.450012,992.250000,989.197388,8629407
2024-04-02,999.000000,1008.000000,993.400024,1004.650024,1001.559265,7995931
2024-04-03,1004.000000,1014.450012,992.549988,1009.150024,1006.045471,8040366
2024-04-04,1016.000000,1017.000000,998.150024,1011.599976,1008.487854,9138276
2024-04-05,1011.599976,1012.500000,1004.400024,1007.099976,1004.001709,4519120
2024-04-08,1010.049988,1016.400024,1004.000000,1013.200012,1010.082947,5188052
2024-04-09,1021.000000,1029.500000,1005.000000,1008.500000,1005.397400,8539041
2024-04-10,1012.250000,1021.000000,1010.000000,1013.500000,1010.382019,4554077
2024-04-12,1014.000000,1029.000000,1013.500000,1018.500000,1015.366638,11575194
2024-04-15,998.099976,1006.950012,978.500000,998.799988,995.727234,12632409
2024-04-16,990.000000,1004.900024,982.099976,992.799988,989.745728,9574762
2024-04-18,996.349976,1003.099976,966.250000,971.349976,968.361694,13540490
2024-04-19,964.000000,967.950012,944.000000,963.200012,960.236816,15381310
2024-04-22,978.750000,978.750000,966.000000,973.549988,970.554932,7187959
2024-04-23,976.000000,994.500000,974.049988,986.750000,983.714355,7994116
2024-04-24,992.400024,995.900024,988.000000,991.650024,988.599304,4671450
2024-04-25,992.500000,1003.299988,989.500000,1001.250000,998.169739,8366455
2024-04-26,1007.799988,1008.950012,996.599976,999.500000,996.425110,7937500
2024-04-29,1003.049988,1005.750000,999.000000,1000.599976,997.521667,4764750
2024-04-30,1005.000000,1019.450012,997.500000,1007.900024,1004.799316,9047011
2024-05-02,1020.000000,1030.000000,1011.549988,1027.800049,1024.638062,12695047
2024-05-03,1038.000000,1040.199951,996.000000,1013.400024,1010.282349,11871773
2024-05-06,1015.000000,1019.799988,1005.000000,1016.200012,1013.073730,5724760
2024-05-07,1016.200012,1017.950012,982.049988,988.549988,985.508789,8877426
2024-05-08,986.950012,1015.000000,977.000000,1012.099976,1008.986328,7519352
2024-05-09,1011.000000,1043.199951,1007.299988,1030.300049,1027.130371,19189798
2024-05-10,1037.000000,1050.349976,1030.400024,1046.650024,1043.430054,13383183
2024-05-13,1005.000000,1008.700012,947.200012,959.750000,956.797363,58974762
2024-05-14,965.099976,968.000000,953.250000,964.650024,961.682312,16325689
2024-05-15,970.950012,972.950012,945.099976,947.299988,944.385681,19668239
2024-05-16,953.200012,954.400024,919.000000,936.400024,933.519226,31240770
2024-05-17,944.000000,953.400024,941.000000,945.700012,942.790649,13205512
2024-05-21,954.000000,956.650024,948.700012,951.299988,948.373352,10055258
2024-05-22,952.000000,954.900024,942.549988,947.500000,944.585083,9495279
2024-05-23,950.000000,963.450012,945.049988,962.349976,959.389343,11211074
2024-05-24,962.500000,970.950012,958.000000,960.549988,957.594910,9590588
2024-05-27,964.900024,966.450012,952.000000,958.500000,955.551208,6916555
2024-05-28,959.000000,961.900024,946.000000,947.549988,944.634888,6618946
2024-05-29,946.950012,950.500000,938.799988,943.599976,940.697083,8184019
2024-05-30,943.500000,951.450012,921.000000,923.950012,921.107544,10170912
2024-05-31,931.650024,937.250000,920.099976,923.000000,920.160461,14289102
2024-06-03,963.000000,963.000000,934.000000,950.450012,947.526001,12314329
2024-06-04,948.000000,948.000000,855.400024,903.900024,901.119263,26554598
2024-06-05,924.950012,933.750000,890.000000,929.950012,927.089111,13752553
2024-06-06,940.000000,946.000000,931.200012,938.250000,935.363525,11792640
2024-06-07,940.000000,973.000000,935.250000,970.500000,967.514343,15577866
2024-06-10,977.000000,984.900024,969.099976,975.150024,972.150024,9258931
2024-06-11,973.799988,992.549988,966.650024,987.099976,987.099976,14828702
2024-06-12,994.500000,1010.250000,987.000000,988.700012,988.700012,17527993
2024-06-13,1002.000000,1002.000000,980.750000,985.849976,985.849976,12157226
2024-06-14,990.000000,997.250000,981.400024,993.400024,993.400024,11591421
2024-06-18,1000.000000,1003.549988,984.000000,985.900024,985.900024,9845075
2024-06-19,990.000000,994.900024,975.150024,977.349976,977.349976,7605719
2024-06-20,980.000000,988.400024,976.349976,978.250000,978.250000,7299571
2024-06-21,979.000000,980.900024,958.099976,961.799988,961.799988,14303735
2024-06-24,960.900024,963.500000,950.049988,958.049988,958.049988,6655577
2024-06-25,960.000000,962.849976,949.299988,955.000000,955.000000,7304128
2024-06-26,956.000000,962.500000,950.099976,951.849976,951.849976,6908988
2024-06-27,952.500000,974.849976,948.049988,972.099976,972.099976,19385412
2024-06-28,975.000000,998.500000,972.549988,989.750000,989.750000,23025267
