Date,Open,High,Low,Close,Adj Close,Volume,Daily_Return,Year,Month,Year_Month,Day_Range,Intraday_Return,MA_20,MA_50,MA_200,Rolling_Volatility,Running_Peak,Drawdown
2010-06-01,148.032211,150.070343,142.580673,143.45134,133.503540,24048880,NA,2010,06,2010-06,7.489670000000018,-3.0945096131814194,NA,NA,NA,NA,143.45134,0
2010-06-02,145.440002,148.378494,143.678894,147.646347,137.407623,28703946,2.924341452648685,2010,06,2010-06,4.699599999999975,1.5170138680278615,NA,NA,NA,NA,147.646347,0
2010-06-03,149.397568,152.761475,149.397568,151.821564,141.293304,24720427,2.8278498485302883,2010,06,2010-06,3.3639069999999833,1.622513694466558,NA,NA,NA,NA,151.821564,0
2010-06-04,151.910599,153.523315,149.516281,152.682327,142.094376,17680584,0.5669570101385542,2010,06,2010-06,4.007034000000004,0.5080145856050479,NA,NA,NA,NA,152.682327,0
2010-06-07,149.595444,149.595444,144.925522,145.85556,135.741013,27858317,-4.4712227892623035,2010,06,2010-06,4.6699219999999855,-2.499998596213926,NA,NA,NA,NA,152.682327,-4.4712227892623035
2010-06-08,145.83577,149.694382,144.648499,145.598312,135.501617,26978136,-0.17637174750143508,2010,06,2010-06,5.0458830000000034,-0.16282562227360525,NA,NA,NA,NA,152.682327,-4.639708562995634
2010-06-09,145.440002,147.359421,143.105057,144.064758,134.074387,33286679,-1.0532773209623343,2010,06,2010-06,4.25436400000001,-0.9455747944777813,NA,NA,NA,NA,152.682327,-5.644116885905188
2010-06-10,146.162262,150.87175,144.450623,150.208862,139.792450,24950044,4.2648209633614895,2010,06,2010-06,6.421126999999984,2.7685668958790552,NA,NA,NA,NA,152.682327,-1.6200074026904085
2010-06-11,152.266785,152.939575,149.921936,151.356552,140.860535,26420786,0.7640627754705863,2010,06,2010-06,3.0176390000000026,-0.5977882832424716,NA,NA,NA,NA,152.682327,-0.8683225007436475
2010-06-14,151.969971,152.919785,149.22937,150.436417,140.004227,17644648,-0.6079254500987759,2010,06,2010-06,3.6904150000000016,-1.0091164655154017,NA,NA,NA,NA,152.682327,-1.4709691973714685
2010-06-15,150.584824,152.167847,148.289444,150.327591,139.902924,16351196,-0.07234019672244216,2010,06,2010-06,3.8784029999999916,-0.1708226587295312,NA,NA,NA,NA,152.682327,-1.5422452920828056
2010-06-16,151.376343,155.927521,151.376343,154.413757,143.705734,26018942,2.718174337005102,2010,06,2010-06,4.5511780000000215,2.006531496140062,NA,NA,NA,NA,154.413757,0
2010-06-17,155.136017,159.390381,153.355118,158.737381,147.729538,23857959,2.8000251298852827,2010,06,2010-06,6.035262999999986,2.3214235286187535,NA,NA,NA,NA,158.737381,0
2010-06-18,159.291443,160.676575,156.916916,158.658234,147.655869,20921856,-0.04986034133951478,2010,06,2010-06,3.7596590000000276,-0.39751601722886876,NA,NA,NA,NA,158.737381,-0.04986034133951478
2010-06-21,160.082947,162.922501,159.311234,159.746552,148.668716,19993034,0.6859511621691284,2010,06,2010-06,3.611266999999998,-0.2101379355541111,NA,NA,NA,NA,159.746552,0
2010-06-22,160.181885,160.181885,156.639877,157.837036,146.891632,15775037,-1.1953409798791754,2010,06,2010-06,3.5420079999999814,-1.463866528977345,NA,NA,NA,NA,159.746552,-1.1953409798791754
2010-06-23,156.343063,159.667404,155.937408,156.531052,145.676224,17385856,-0.8274255732982868,2010,06,2010-06,3.729996,0.12024134387081027,NA,NA,NA,NA,159.746552,-2.012875996221828
2010-06-24,156.778397,157.866714,154.690781,155.373459,144.598907,15245467,-0.7395293043836386,2010,06,2010-06,3.1759330000000148,-0.8961298411540817,NA,NA,NA,NA,159.746552,-2.7375194927525017
2010-06-25,155.373459,156.125397,151.52475,152.148056,141.597168,17019276,-2.075903452725475,2010,06,2010-06,4.600646999999981,-2.075903452725475,NA,NA,NA,NA,159.746552,-4.756594683808895
2010-06-28,152.365723,157.085098,152.365723,156.174866,145.344742,12556784,2.64663913944455,2010,06,2010-06,4.719374999999985,2.4999999507763344,152.15350115,NA,NA,2.142544028373424,159.746552,-2.2358454409707695
2010-06-29,156.125397,156.125397,151.673157,152.553711,141.974686,14291135,-2.3186541424661864,2010,06,2010-06,4.452239999999989,-2.2877033901153183,152.60861970000002,NA,NA,2.1766290463760716,159.746552,-4.502658060500746
2010-06-30,150.436417,154.710571,150.14949,154.047684,143.365036,17480177,0.9793095102091689,2010,06,2010-06,4.5610810000000015,2.4005271276834503,152.92868655,NA,NA,2.0966205603865755,159.746552,-3.5674435088902605
2010-07-01,153.909164,154.364288,150.614502,150.931107,140.464615,12274979,-2.0231248656747134,2010,07,2010-07,3.7497860000000003,-1.9349445624953214,152.88416370000002,NA,NA,2.0609613800187776,159.746552,-5.5183945378677155
2010-07-02,152.365723,153.523315,150.980576,151.653366,141.136765,12038767,0.47853554800999915,2010,07,2010-07,2.542738999999983,-0.4675310076138301,152.83271565,NA,NA,2.059754755121796,159.746552,-5.066266469400857
2010-07-05,151.36644,154.295029,150.208862,151.020157,140.547470,16098868,-0.41753705618376696,2010,07,2010-07,4.086166999999989,-0.2287713181336627,153.09094550000003,NA,NA,1.778244848029106,159.746552,-5.462649985709861
2010-07-06,151.36644,152.721909,150.584824,151.95018,141.412994,14020533,0.6158270647275099,2010,07,2010-07,2.1370850000000132,0.3856469109004462,153.4085389,NA,NA,1.7785006674744201,159.746552,-4.880463398045686
2010-07-07,151.673157,152.345932,148.091568,148.596161,138.291565,12754144,-2.207314923878336,2010,07,2010-07,4.25436400000001,-2.02870175636946,153.63510905,NA,NA,1.8399393445680094,159.746552,-6.980051124984539
2010-07-08,150.386948,151.594009,149.328308,149.625122,139.249176,11395778,0.6924546321220302,2010,07,2010-07,2.265701000000007,-0.5065772064208558,153.60592205,NA,NA,1.5760717063855945,159.746552,-6.335930180201951
2010-07-09,150.584824,152.860413,150.189072,152.504242,141.928665,15919247,1.92422232410945,2010,07,2010-07,2.671340999999984,1.2746423902584019,153.66330655000002,NA,NA,1.626514571193416,159.746552,-4.533625239059934
2010-07-12,153.75087,156.956482,152.820847,156.352951,145.510468,22252204,2.5236734070649556,2010,07,2010-07,4.135635000000008,1.6924008299920505,153.95913325,NA,NA,1.7084827969576206,159.746552,-2.1243657265291196
2010-07-13,156.521149,159.232071,155.83847,158.678024,147.674316,14691923,1.4870669118359037,2010,07,2010-07,3.3936009999999897,1.3780086676976702,154.3766549,NA,NA,1.7305103396410533,159.746552,-0.668889554498813
2010-07-14,159.687195,161.230637,157.312668,158.302048,147.324387,13678058,-0.2369427035466361,2010,07,2010-07,3.9179689999999994,-0.8674126939232598,154.57106945,NA,NA,1.635354055477941,159.746552,-0.9042473730512787
2010-07-15,158.302048,160.676575,156.521149,160.181885,149.073868,15651496,1.1875001137066656,2010,07,2010-07,4.155426000000006,1.1875001137066656,154.64329465,NA,NA,1.5337509006737648,160.181885,0
2010-07-16,160.280823,165.395966,160.073059,164.713287,153.291031,26426881,2.8289103977019714,2010,07,2010-07,5.3229069999999865,2.765436261829034,154.9460473,NA,NA,1.6536428062819801,164.713287,0
2010-07-19,163.644745,165.010101,162.487167,163.30835,151.983536,9332836,-0.852959117985435,2010,07,2010-07,2.5229339999999922,-0.205564193338448,155.1241372,NA,NA,1.6656213975265055,164.713287,-0.852959117985435
2010-07-20,164.040497,164.832016,160.082947,160.884354,149.727631,8860549,-1.484306221941492,2010,07,2010-07,4.74906900000002,-1.9240023394954637,155.2765031,NA,NA,1.6788640472201628,164.713287,-2.3246048146680516
2010-07-21,161.863846,163.427078,161.547241,162.328857,151.071960,9242644,0.8978517575425622,2010,07,2010-07,1.8798369999999807,0.2872852780231134,155.56639335000003,NA,NA,1.6725271492773328,164.713287,-1.4476245623099058
2010-07-22,162.061722,166.217148,161.270218,165.62352,154.138138,13248283,2.029622496510287,2010,07,2010-07,4.946930000000009,2.197803377653861,156.07889640000002,NA,NA,1.7053645258209589,165.62352,0
2010-07-23,166.63269,167.592407,164.515411,165.900543,154.395981,13194906,0.16726066442736248,2010,07,2010-07,3.0769960000000083,-0.4393777715525073,156.76652075,NA,NA,1.609622770516806,165.900543,0
2010-07-26,166.415039,166.454605,161.883636,162.497055,151.228500,8951373,-2.0515231225011785,2010,07,2010-07,4.570968999999991,-2.3543449098972467,157.0826302,NA,NA,1.614361096994154,165.900543,-2.0515231225011785
2010-07-27,162.457474,167.790283,162.457474,167.117493,155.528519,14545160,2.84339799265901,2010,07,2010-07,5.3328089999999975,2.868454670174181,157.8108193,NA,NA,1.6012358550046975,167.117493,0
2010-07-28,166.612915,169.877884,166.612915,169.145737,157.416107,14313133,1.2136634912300899,2010,07,2010-07,3.264969000000008,1.5201834743723261,158.56572195,NA,NA,1.6060164140961146,169.145737,0
2010-07-29,169.402985,172.005066,167.28569,171.500488,159.607574,18101253,1.3921432734660013,2010,07,2010-07,4.719376000000011,1.2381735776379554,159.594191,NA,NA,1.5041013144132585,171.500488,0
2010-07-30,168.987442,170.333008,166.86026,167.473679,155.860001,10827028,-2.3479869048535806,2010,07,2010-07,3.4727479999999957,-0.8957843151445438,160.38520665000001,NA,NA,1.6471997816271784,171.500488,-2.3479869048535806
2010-08-02,168.977539,170.74855,166.850357,167.671555,156.044174,11074418,0.11815349204814922,2010,08,2010-08,3.898192999999992,-0.7728743167457275,161.21777655,NA,NA,1.6356340571914207,171.500488,-2.232607641326349
2010-08-03,169.165527,169.383194,166.039063,166.573334,155.022079,14728713,-0.654983488403876,2010,08,2010-08,3.3441310000000044,-1.5323411607377955,161.94893425,NA,NA,1.6569571101920275,171.500488,-2.872967918318694
2010-08-04,166.810791,167.800171,165.227768,167.097702,155.510132,7603626,0.31479708510847826,2010,08,2010-08,2.5724030000000084,0.17199786553377322,162.8740113,NA,NA,1.533572026323537,171.500488,-2.567214852473185
2010-08-05,167.404419,171.510376,166.791,170.372589,158.557892,14736203,1.9598635772980328,2010,08,2010-08,4.719376000000011,1.7730535536221508,163.91138465,NA,NA,1.5635047791671688,171.500488,-0.6576651840197593
2010-08-06,170.174713,178.445984,169.828415,176.843185,164.579773,34896871,3.7979090638811623,2010,08,2010-08,8.617569000000003,3.9186033473727724,165.1283318,NA,NA,1.693764762458749,176.843185,0
2010-08-09,177.832565,182.393646,177.100418,181.928635,169.312576,21464474,2.8756833349275,2010,08,2010-08,5.293227999999999,2.3033295392213606,166.40711600000003,157.80894048,NA,1.7147912777087881,181.928635,0
2010-08-10,183.036743,191.34761,175.556976,189.428192,179.215973,81052897,4.12225211275838,2010,08,2010-08,15.790634000000011,3.4918939745338426,167.9446244,158.72847751999998,NA,1.866934461219613,189.428192,0
2010-08-11,190.407684,202.725571,190.269165,199.203339,188.464127,82490235,5.160344348321713,2010,08,2010-08,12.456406000000015,4.61938027669094,169.98968895000002,159.75961736,NA,2.0718650121947757,199.203339,0
2010-08-12,199.262711,204.447098,196.007629,202.765137,191.833908,34680035,1.7880212339211894,2010,08,2010-08,8.439469000000003,1.7576926372340755,172.11885155000002,160.77848882,NA,2.076388804332044,202.765137,0
2010-08-13,203.220261,204.803284,199.361649,200.529129,189.718430,19571364,-1.1027576205075127,2010,08,2010-08,5.441634999999991,-1.324243944357488,173.90964365000002,161.73542486,NA,2.1006177143277776,202.765137,-1.1027576205075127
2010-08-16,201.211807,202.359497,196.43306,198.144699,187.462555,13504956,-1.1890691451614537,2010,08,2010-08,5.926436999999993,-1.524318103261202,175.6514611,162.78120764,NA,2.1175766346753653,202.765137,-2.2787142150575947
2010-08-17,198.837265,201.597656,197.481812,199.193451,188.454788,20910035,0.5292859235159288,2010,08,2010-08,4.11584400000001,0.1791344293535762,177.56691595,163.85311042,NA,2.0400682119808105,202.765137,-1.7614892051191224
2010-08-18,200.647858,209.4534,200.449966,207.435059,196.252075,33446080,4.137489439851104,2010,08,2010-08,9.003433999999999,3.382643137909791,179.82222605,165.12051644,NA,2.149424468149142,207.435059,0
2010-08-19,205.792664,207.771439,204.199753,205.881714,194.782471,15331571,-0.7488343616977531,2010,08,2010-08,3.5716859999999997,0.043271707683411924,181.83513575,166.23397347999997,NA,2.18621034160733,207.435059,-0.7488343616977531
2010-08-20,203.556656,205.396912,200.420288,200.914978,190.083481,20173575,-2.4124221153511467,2010,08,2010-08,4.976623999999987,-1.297760560578286,183.58585750000003,167.225142,NA,2.317315074673483,207.435059,-3.1431914312999543
2010-08-23,201.805435,203.061951,199.064835,200.914978,190.083481,12888823,0,2010,08,2010-08,3.9971160000000054,-0.44124530144591884,185.50675365,168.23471322,NA,2.219044713170419,207.435059,-3.1431914312999543
2010-08-24,201.023819,201.835114,199.282501,200.202621,189.409531,9869360,-0.3545564432732324,2010,08,2010-08,2.552613000000008,-0.40850780971383777,187.16101005000002,169.23221382,NA,2.201184458286989,207.435059,-3.4866034868291007
2010-08-25,199.361649,200.539017,194.533432,196.353912,185.768295,15772252,-1.922406899957611,2010,08,2010-08,6.005584999999996,-1.5086838492191603,188.52141880000002,170.07101692,NA,2.289825848033485,207.435059,-5.3419836807817465
2010-08-26,195.898788,201.429474,195.334839,197.363083,186.723099,30891404,0.5139551281259834,2010,08,2010-08,6.094635000000011,0.7474752727923936,189.81454855,170.84353095999998,NA,2.285747694707417,207.435059,-4.855483951726794
2010-08-27,197.283936,200.232315,195.324951,196.057098,185.487518,12903049,-0.6617169635518881,2010,08,2010-08,4.907364000000001,-0.6218641136600269,191.24371950000003,171.59150824,NA,2.1955874286892616,207.435059,-5.485071354307566
2010-08-30,198.669067,199.836548,193.959595,195.86911,185.309662,13117949,-0.09588431223234267,2010,08,2010-08,5.876952999999986,-1.4093573007014757,192.65359725000002,172.3139594,NA,2.1996732174061884,207.435059,-5.575696343596378
2010-08-31,194.909409,200.825943,194.187149,199.925598,189.147430,32532480,2.0710197743789216,2010,08,2010-08,6.63879399999999,2.573600230864174,194.32121045000002,173.15573064,NA,2.1890169942037145,207.435059,-3.6201503430526603
2010-09-01,200.845734,201.736176,198.500885,200.004745,189.222321,14422741,0.03958822721640981,2010,09,2010-09,3.2352909999999895,-0.41872385499608333,195.96656260000003,174.0252045,NA,2.194007624892435,207.435059,-3.5819952691796337
2010-09-02,202.03299,204.199753,200.647858,201.231583,190.383026,13703574,0.6134044469794886,2010,09,2010-09,3.5518949999999734,-0.3966713555048667,197.5095123,174.94236698,NA,2.1812148557361106,207.435059,-2.9905629404718876
2010-09-03,201.854904,202.873978,199.905807,200.598373,189.783951,5986873,-0.31466730547957333,2010,09,2010-09,2.968170999999984,-0.622492183791579,198.69727170000002,175.91137332,NA,2.0810324175952606,207.435059,-3.295819922128007
2010-09-06,201.755966,205.792664,201.755966,204.803284,193.762161,10815687,2.0961840004554677,2010,09,2010-09,4.036698000000001,1.510397962655533,199.84100415,176.88394168,NA,2.04417557491724,207.435059,-1.2687223715640108
2010-09-07,204.407516,209.849152,204.407516,205.624466,194.539063,11105372,0.40096134395970995,2010,09,2010-09,5.441636000000017,0.595354820514538,200.65081785,177.94535678,NA,1.8699221225784601,207.435059,-0.8728481138764412
2010-09-08,204.803284,206.524811,203.052063,204.387741,193.369034,7991987,-0.6014483704482942,2010,09,2010-09,3.4727479999999957,-0.20289860195795753,200.91003795,178.95215792,NA,1.5119416729203181,207.435059,-1.4690467535673368
2010-09-09,204.605408,206.465454,199.589203,200.81604,189.989883,11910673,-1.7475123422397523,2010,09,2010-09,6.876250999999996,-1.8520370683457323,200.8125831,179.94985658000002,NA,1.5157109789098329,207.435059,-3.190887322475228
2010-09-13,202.072571,204.704346,201.300842,203.220261,192.264481,12417880,1.1972255801877214,2010,09,2010-09,3.403503999999998,0.5679593199217439,200.9471397,180.98119448,NA,1.5178820447252996,207.435059,-2.0318638615471465
2010-09-14,204.803284,211.333237,202.824509,208.8004,197.543793,28712790,2.74585760914853,2010,09,2010-09,8.50872799999999,1.9516855012930385,201.47992475,182.13679934,NA,1.5979735566732483,208.8004,0
2010-09-15,210.739609,213.509888,201.657028,202.745346,191.815170,32875429,-2.8999245212173848,2010,09,2010-09,11.852859999999993,-3.793431637239106,201.6575195,183.15270266,NA,1.746265424932154,208.8004,-2.8999245212173848
2010-09-16,202.923447,205.99054,201.835114,203.576447,192.601456,18527507,0.40992358956539976,2010,09,2010-09,4.155426000000006,0.32179622890005,201.46458890000002,184.25230838,NA,1.4700590873388424,208.8004,-2.5018884063440465
2010-09-17,205.594788,207.355896,203.714951,204.902222,193.855759,14344420,0.6512418403686911,2010,09,2010-09,3.640944999999988,-0.3368597067742784,201.41561430000002,185.35785038000003,NA,1.470047284168837,208.8004,-1.8669399100768016
2010-09-20,205.782776,209.96788,205.199036,209.245636,197.965027,13433877,2.119749584755599,2010,09,2010-09,4.768844000000001,1.682774461162861,201.8321472,186.49267826,NA,1.4295596039655132,209.245636,0
2010-09-21,209.354462,214.697159,208.048477,213.826492,202.298935,24206907,2.1892241518480278,2010,09,2010-09,6.648682000000008,2.1361044600042915,202.4777229,187.64214908000002,NA,1.4947172368026957,213.826492,0
2010-09-22,217.447662,219.446213,209.601807,211.907089,200.483002,15792487,-0.897645086933376,2010,09,2010-09,9.844405999999992,-2.5480030224468426,203.06294630000002,188.70673038,NA,1.5124922954084024,213.826492,-0.897645086933376
2010-09-23,212.520508,213.707764,210.244919,212.579865,201.119537,11276250,0.31748631118234977,2010,09,2010-09,3.4628449999999873,0.02793001040633954,203.87424395,189.79228672000002,NA,1.4197143003513768,213.826492,-0.5830086760250407
2010-09-24,211.135361,213.183395,210.175659,212.302841,200.857407,8037616,-0.13031525822072162,2010,09,2010-09,3.007735999999994,0.5529533255208785,204.62123185000002,190.83470584,NA,1.4244694620775153,213.826492,-0.7125641849841511
2010-09-27,215.785477,216.675934,211.788361,214.439911,202.879288,11043551,1.0066139435223074,2010,09,2010-09,4.887573000000003,-0.6235665248222386,205.54037250000002,191.82923832,NA,1.4093238441317575,214.439911,0
2010-09-28,213.5,214.697159,211.036423,213.806702,202.280182,8215034,-0.29528505073852307,2010,09,2010-09,3.660735999999986,0.14365433255269386,206.43725210000002,192.83920536000002,NA,1.4141496190977743,214.439911,-0.29528505073852307
2010-09-29,213.875961,219.61441,213.816605,218.941635,207.138321,20404829,2.4016707390210756,2010,09,2010-09,5.7978049999999826,2.3685102226145003,207.38805395,194.00035098,NA,1.4358813017614223,218.941635,0
2010-09-30,219.634201,220.633484,214.944504,217.289352,205.575119,15719417,-0.7546682475445946,2010,09,2010-09,5.688980000000015,-1.0676156032729995,208.2522843,195.09956087999998,NA,1.4590661354891867,218.941635,-0.7546682475445946
2010-10-01,218.654709,228.548584,217.863205,220.465286,208.579819,34713076,1.461615109423302,2010,10,2010-10,10.685379000000012,0.8280530560171905,209.21396945,196.1963962,NA,1.477035121517718,220.465286,0
2010-10-04,222.790344,226.965561,217.665314,225.392441,213.241348,17769624,2.2348892605251236,2010,10,2010-10,9.300247000000013,1.1679577100522751,210.45367285000003,197.38623416,NA,1.5154691189545588,225.392441,0
2010-10-05,226.559921,226.599487,223.245468,224.462418,212.361450,10861094,-0.4126238643468869,2010,10,2010-10,3.3540190000000223,-0.9258049661837537,211.43662955,198.62554142000002,NA,1.4882840553254277,225.392441,-0.4126238643468869
2010-10-06,226.362045,227.737289,224.591034,225.323181,213.175827,14441525,0.3834775583679186,2010,10,2010-10,3.1462549999999965,-0.4589391300118311,212.42156530000003,199.78965518,NA,1.488331784043551,225.392441,-0.030728625899209137
2010-10-07,225.580429,227.163437,221.157867,223.344406,211.303711,9498570,-0.8781941526025292,2010,10,2010-10,6.005569999999977,-0.9912309369710514,213.36939855,200.87362856,NA,1.5000478775645754,225.392441,-0.9086529215059163
2010-10-08,224.472305,225.511169,216.280182,218.249054,206.483063,13647423,-2.2813877863589704,2010,10,2010-10,9.230986999999999,-2.7723914538143157,214.24104925,201.80859988,NA,1.545373149633683,225.392441,-3.169310811093257
2010-10-11,221.227112,229.290634,218.852585,227.875809,215.590851,13036338,4.410903425954828,2010,10,2010-10,10.438049000000007,3.0053716924171567,215.47382665,203.01664248,NA,1.7789402591626189,227.875809,0
2010-10-12,227.727402,230.507568,226.658859,228.865189,216.526871,14779922,0.434175090520461,2010,10,2010-10,3.8487089999999853,0.4996267423276425,216.4770661,204.24051516,NA,1.7049970801764678,228.865189,0
2010-10-13,228.865189,233.990219,227.331635,232.77327,220.224274,13505826,1.707590838552564,2010,10,2010-10,6.6585839999999905,1.707590838552564,217.9784623,205.56451388000002,NA,1.527198780417317,232.77327,0
2010-10-14,233.099777,236.463684,231.823456,234.138626,221.516037,13352852,0.586560475779711,2010,10,2010-10,4.640228000000008,0.4456670930234305,219.50657125000004,206.90533236,NA,1.5259193049736381,234.138626,0
2010-10-15,234.287033,235.434723,227.697708,228.756363,216.423935,9338355,-2.2987505701002937,2010,10,2010-10,7.737014999999985,-2.3606385420400176,220.6992783,208.07300784,NA,1.668128761278763,234.138626,-2.2987505701002937
2010-10-18,226.569809,233.050308,224.046875,231.308975,218.838913,15690758,1.115864916946599,2010,10,2010-10,9.003433000000001,2.091702341506591,221.80244525000003,209.16232363999998,NA,1.6336388992095487,234.138626,-1.208536604293554
2010-10-19,233.495529,235.078552,231.516754,232.337936,219.812408,10234859,0.4448426612067299,2010,10,2010-10,3.5617980000000102,-0.49576666626451393,222.72801745,210.17050966,NA,1.5854055906449402,234.138626,-0.7690700294790209
2010-10-20,231.496964,232.901901,228.152832,229.072968,216.723450,7828280,-1.4052668523318594,2010,10,2010-10,4.74906900000002,-1.0470962375126391,223.58631140000003,210.96340518,NA,1.6115895047543844,234.138626,-2.163529395615393
2010-10-21,230.527359,233.188812,229.735855,230.942902,218.492584,10193262,0.8163049600859063,2010,10,2010-10,3.4529570000000263,0.18025756326823392,224.50446325000001,211.59819643999998,NA,1.6140631973901718,234.138626,-1.3648854332988118
2010-10-22,232.189529,232.516037,226.599487,227.331635,215.076004,10673084,-1.5637055604332877,2010,10,2010-10,5.916550000000001,-2.092210626776364,225.25590295,212.08952639999998,NA,1.670951938250624,234.138626,-2.907248204318062
2010-10-25,228.607956,235.454514,228.607956,234.613541,221.965332,9469365,3.2032083876051796,2010,10,2010-10,6.8465579999999875,2.6270236194229373,226.26458445000003,212.77121464,NA,1.7843287579638865,234.613541,0
2010-10-26,234.643219,237.453079,233.208603,236.414215,223.668930,14224144,0.7675064245332774,2010,10,2010-10,4.244475999999992,0.7547612104656752,227.39496010000002,213.53660496,NA,1.7762847257475103,236.414215,0
2010-10-27,235.474304,237.848831,234.188095,236.671463,223.912308,8511909,0.10881240791717017,2010,10,2010-10,3.660735999999986,0.5084032438630753,228.2814515,214.2861652,NA,1.7215068845516461,236.671463,0
2010-10-28,237.453079,239.431854,234.534378,235.988785,223.266449,16175042,-0.2884496471803115,2010,10,2010-10,4.897475999999983,-0.6166666720712412,229.21642315,214.85723972,NA,1.7080950563694892,236.671463,-0.2884496471803115
2010-10-29,235.988785,236.800079,225.798096,229.340103,216.976181,10778624,-2.8173720204542807,2010,10,2010-10,11.001983000000024,-2.8173720204542807,229.66016400000004,215.3264075,NA,1.8350014410297308,236.671463,-3.097694967981835
2010-11-01,233.416382,234.455231,230.190964,231.635483,219.147827,7876703,1.0008628974933331,2010,11,2010-11,4.26426699999999,-0.762970869799535,229.9723161,215.9408176,NA,1.7834762188679676,236.671463,-2.12783575010055
2010-11-02,232.545715,232.70401,226.579712,228.400177,216.086929,11642340,-1.3967229709793556,2010,11,2010-11,6.12429800000001,-1.78267658038764,230.16920405000002,216.49052157999998,NA,1.8131932597959373,236.671463,-3.4948387503735403
2010-11-03,229.923843,235.850266,229.874374,234.59375,221.946609,8046298,2.711719877520054,2010,11,2010-11,5.975892000000016,2.0310668693894414,230.63273250000003,217.17834416000002,NA,1.9046164121199232,236.671463,-0.8778891099346391
2010-11-04,236.443909,245.368179,233.099777,244.190811,231.026306,18715401,4.090927827361128,2010,11,2010-11,12.268402000000009,3.2764227392298806,231.67505275000002,218.13508214,NA,2.070822812229247,244.190811,0
2010-11-08,247.346954,253.263489,245.872772,251.156097,237.616058,14387391,2.852394802030447,2010,11,2010-11,7.390716999999995,1.5399999629669898,233.3204049,219.21094241999998,NA,2.029941762572561,251.156097,0
2010-11-09,253.471268,256.053558,249.652237,251.284714,237.737747,19715842,0.051209985159157714,2010,11,2010-11,6.401320999999996,-0.8626437297027294,234.49085015,220.31549474,NA,1.838223747723728,251.284714,0
2010-11-10,266.343201,266.738953,256.686768,257.735535,243.840790,28740933,2.5671362564457536,2010,11,2010-11,10.052185000000009,-3.231794905100654,235.93436745,221.55282324,NA,1.894834342093818,257.735535,0
2010-11-11,261.000519,261.831604,250.255753,252.481873,238.870361,19481339,-2.0383925716723614,2010,11,2010-11,11.575851000000029,-3.2638425519759178,236.91979759999998,222.60394874000002,NA,1.9647644250862484,257.735535,-2.0383925716723614
2010-11-12,250.315125,255.440155,245.684784,246.604919,233.310272,15998145,-2.327673638574446,2010,11,2010-11,9.755370999999997,-1.4822140691658163,237.54311225,223.53595222,NA,2.0580354836356842,257.735535,-4.31861908370533
2010-11-15,246.753326,248.890396,242.202133,247.782288,234.424149,14427209,0.47743127135270114,2010,11,2010-11,6.688263000000006,0.4170002555507629,238.49440850000002,224.46696631999998,NA,1.9665611849391862,257.735535,-3.861806250348844
2010-11-16,250.315125,250.414063,234.959824,238.5513,225.690826,18540530,-3.725443038931014,2010,11,2010-11,15.454239000000001,-4.699606146452396,238.85652475,225.22602486,NA,2.164233637237287,257.735535,-7.443379897149234
2010-11-18,241.014877,244.774551,232.783173,243.537811,230.408478,25559314,2.090330675204875,2010,11,2010-11,11.991377999999997,1.0467959618940834,239.41651850000002,226.00071540000002,NA,2.205849949941935,257.735535,-5.508640475206502
2010-11-19,245.368179,246.357574,232.901901,235.276428,222.592484,16342448,-3.3922383411748718,2010,11,2010-11,13.45567299999999,-4.112901290268771,239.72669150000002,226.59375464000001,NA,2.326201230816886,257.735535,-8.714012602103942
2010-11-22,238.64035,244.121552,235.682068,242.93428,229.837479,10901483,3.254831801509665,2010,11,2010-11,8.439484000000022,1.7993310854597675,240.3262604,227.36468542,NA,2.4242841752165103,257.735535,-5.742807253955115
2010-11-23,241.014877,243.270676,233.732986,240.12442,227.179138,17503687,-1.1566338023600518,2010,11,2010-11,9.537689999999998,-0.36946142540405347,240.96589965000004,228.15085302,NA,2.4096432249016195,257.735535,-6.8330178064115374
2010-11-24,240.638901,249.464249,238.46225,241.183075,228.180710,20702923,0.4408776916566903,2010,11,2010-11,11.001998999999984,0.22613716973383208,241.29437635,228.91010930000002,NA,2.3117568170875415,257.735535,-6.422265365930245
2010-11-25,243.488342,247.327164,237.462967,238.600769,225.737610,18600774,-1.0706829241645537,2010,11,2010-11,9.864197000000019,-2.0073129414959734,241.40370405000004,229.50611668000002,NA,2.322995048277749,257.735535,-7.424186191477249
2010-11-26,239.827606,240.995087,225.184662,230.814285,218.370911,23512958,-3.263394343879923,2010,11,2010-11,15.81042500000001,-3.7582499989596654,241.11084515000002,230.06749546,NA,2.4396110554060013,257.735535,-10.445300063105389
2010-11-29,230.70546,236.295486,226.569809,234.682785,222.030838,11346172,1.6760227816922089,2010,11,2010-11,9.725677000000019,1.723983905712508,241.04554515,230.68962222000002,NA,2.470842576853855,257.735535,-8.944342890086936
2010-11-30,232.516037,246.209167,230.200867,244.368896,231.194778,18689167,4.127320629845095,2010,11,2010-11,16.00830000000002,5.097652253551868,241.79698480000002,231.4789557,NA,2.5408707087452638,257.735535,-5.186183969548483
2010-12-01,243.389404,257.834473,242.647369,254.618958,240.892242,30293120,4.194503542709456,2010,12,2010-12,15.187104000000005,4.613822054472009,242.94615855,232.38642214,NA,2.680540900388079,257.735535,-1.209215097173168
2010-12-02,257.003387,262.880341,256.40976,261.228058,247.145050,28966482,2.5956826042780303,2010,12,2010-12,6.4705809999999815,1.643819192157184,244.58755260000004,233.33445346,NA,2.6798739883346148,261.228058,0
2010-12-03,260.40686,266.48172,257.824585,260.149628,246.124756,28659135,-0.4128308452991558,2010,12,2010-12,8.657134999999982,-0.0987808078481449,245.86534650000004,234.29930424000003,NA,2.6477867967130697,261.228058,-0.4128308452991558
2010-12-06,262.187775,273.466797,261.80191,268.688049,254.202866,44883612,3.2821192425460515,2010,12,2010-12,11.664886999999965,2.47924374048332,247.09020840000002,235.42146792,NA,2.5965651266057117,268.688049,0
2010-12-07,267.15451,267.589844,259.654938,264.245697,249.999954,24262518,-1.6533493084390856,2010,12,2010-12,7.934906000000012,-1.088812986911585,247.7446884,236.46032504,NA,2.5781389581739798,268.688049,-1.6533493084390856
2010-12-08,263.572906,266.521301,256.44931,264.384216,250.131042,37380826,0.052420531941518744,2010,12,2010-12,10.071990999999969,0.307812366723305,248.3996635,237.45921114,NA,2.5781331739827587,268.688049,-1.6017954709999023
2010-12-09,264.572205,265.155945,249.127853,252.06633,238.477249,27527774,-4.659085245845382,2010,12,2010-12,16.028091999999987,-4.726828730931884,248.11620324999998,238.2244037,NA,2.742708962165288,268.688049,-6.1862517003873085
2010-12-10,250.710876,250.908752,239.827606,246.872055,233.562988,22295766,-2.0606778382499575,2010,12,2010-12,11.08114599999999,-1.5311744991868736,247.83571235,238.7830121,NA,2.7435528213784837,268.688049,-8.119450820829025
2010-12-13,248.534225,256.014008,247.980164,252.729233,239.104385,16594175,2.372556099960364,2010,12,2010-12,8.033843999999988,1.6878995236973906,248.14192805000002,239.49180972,NA,2.741880500211903,268.688049,-5.9395332466015205
2010-12-14,254.668427,260.208984,250.968109,258.418213,244.486679,19158776,2.251017791835734,2010,12,2010-12,9.240874999999988,1.472418879785193,248.6737243,240.25086825999998,NA,2.7811389215991977,268.688049,-3.8222154048987864
2010-12-15,257.794891,264.166534,255.281845,261.772217,247.659866,18236064,1.2978976833958804,2010,12,2010-12,8.884689000000009,1.5428257653096797,249.83477015,240.97846377999997,NA,2.6259899717212236,268.688049,-2.5739261666974875
2010-12-16,261.000519,270.775665,255.509399,266.541077,252.171616,19317192,1.8217594115421196,2010,12,2010-12,15.266266000000002,2.1228149358584134,250.98493345000003,241.82003696,NA,2.6180953141572054,268.688049,-0.7990574973433244
2010-12-20,263.572906,269.885223,261.693085,267.332581,252.920471,14196879,0.2969538537581702,2010,12,2010-12,8.192138,1.4264269636272917,252.5877411,242.66022496000002,NA,2.4554623347171853,268.688049,-0.504476475617259
2010-12-21,267.332581,269.885223,263.731232,267.134705,252.733292,10812054,-0.0740186621697293,2010,12,2010-12,6.153991000000019,-0.0740186621697293,253.79776235,243.53603094,NA,2.3827287740094434,268.688049,-0.5781217310487753
2010-12-22,268.341766,271.369293,266.541077,270.132568,255.569519,12828124,1.1222289518690562,2010,12,2010-12,4.8282160000000545,0.6673586548580682,255.29816975,244.57370122,NA,2.3534999956432094,270.132568,0
2010-12-23,269.311371,271.982727,264.32486,267.678864,253.248093,10304407,-0.9083332743499541,2010,12,2010-12,7.65786700000001,-0.6061782664201105,256.6229592,245.36976232,NA,2.3780191337938805,270.132568,-0.9083332743499541
2010-12-24,265.551697,266.936829,257.656372,258.457794,244.524109,16127932,-3.444825587723653,2010,12,2010-12,9.280457000000013,-2.6713830414723394,257.61581045,245.96161442000002,NA,2.518268964627696,270.132568,-4.321868365016992
2010-12-27,258.032349,261.376465,255.826004,257.458496,243.578690,8742582,-0.38663875619086707,2010,12,2010-12,5.550460999999984,-0.22239575860311434,258.94802100000004,246.45531893999998,NA,2.3742015352677495,270.132568,-4.691797103117151
2010-12-28,258.329163,258.665558,249.968842,251.086838,237.550537,18243573,-2.4748291856719398,2010,12,2010-12,8.69671599999998,-2.8035259031129964,259.76822365,246.79428317999998,NA,2.4529649456926306,270.132568,-7.050512324748636
2010-12-29,251.304504,253.263489,247.742706,252.06633,238.477249,15456785,0.3901008940978393,2010,12,2010-12,5.5207829999999944,0.30314856593258077,260.15309535,247.26048252,NA,2.288251887870298,270.132568,-6.6879155422681205
2010-12-30,252.096024,258.230225,251.937714,257.270508,243.400848,14592932,2.0646065660574395,2010,12,2010-12,6.292511000000019,2.052584534217012,260.28567284999997,247.77971318,NA,2.1360943495150226,270.132568,-4.761388119628725
2010-12-31,258.428101,260.387085,256.44931,258.893097,244.935959,8846131,0.6306937443447677,2010,12,2010-12,3.937774999999988,0.1799324447305307,260.1689248,248.3108164,NA,2.0577405133985787,270.132568,-4.160724152298431
2011-01-03,262.722046,264.166534,257.478302,258.91290299999997,244.954681,8480698,0.007650261914847433,2011,01,2011-01,6.688232000000028,-1.4498756606059646,260.10708855,248.90761510000002,NA,2.0557123352112514,270.132568,-4.153392196678788
2011-01-04,259.991333,261.317108,254.282562,256.924225,243.073212,11792059,-0.7680876375635838,2011,01,2011-01,7.034546000000006,-1.1796962477976214,259.51889735,249.42724156,NA,1.9092777999058892,270.132568,-4.889578142240151
2011-01-05,257.240845,259.199829,252.491776,253.837341,240.152756,7965283,-1.2014764275342154,2011,01,2011-01,6.708053000000035,-1.323080710607979,258.99847955,249.95735568,NA,1.8938616220075,270.132568,-6.032307440989486
2011-01-06,255.10376,257.418915,247.020462,249.523605,236.071594,11030563,-1.699409544319173,2011,01,2011-01,10.398453000000018,-2.1874060186333555,258.255449,250.25555696,NA,1.9226679329996144,270.132568,-7.629203376913808
2011-01-07,249.325729,249.988617,229.537979,235.513885,222.817139,21823221,-5.6145870447808,2011,01,2011-01,20.450637999999998,-5.5396785784591085,257.42782675,250.23755036,NA,2.045395157637474,270.132568,-12.815442157274425
2011-01-10,235.67218,238.818436,229.023499,232.842529,220.289810,24076605,-1.1342668819717252,2011,01,2011-01,9.794937000000004,-1.2006724764883085,256.72635045000004,250.16097168,NA,2.014124507022216,270.132568,-13.804347723077944
2011-01-11,234.267242,237.235413,225.689255,229.152115,216.798325,21430559,-1.584939837172102,2011,01,2011-01,11.546157999999991,-2.1834580696519237,255.54749455,250.02423828,NA,1.9333627930509212,270.132568,-15.170496953925225
2011-01-12,233.495529,242.024048,232.70401,241.014877,228.021576,24175519,5.176806681448261,2011,01,2011-01,9.320037999999983,3.220339178314634,254.67732775,250.25773376,NA,2.2369728834177955,270.132568,-10.77903757239667
2011-01-13,241.608505,246.743423,239.827606,244.715179,231.522400,28974199,1.5353002462167484,2011,01,2011-01,6.915817000000004,1.2858297351742638,253.82447585,250.51932767999998,NA,2.2466419116322967,270.132568,-9.409227916568721
2011-01-14,242.400024,242.400024,231.912506,233.970428,221.356903,17378776,-4.390717013920909,2011,01,2011-01,10.487517999999994,-3.477555761298111,252.19594340000003,250.6307327,NA,2.3625427601829574,270.132568,-13.386812359478254
2011-01-17,234.969711,235.078552,228.647522,233.26796,220.692307,12138596,-0.30023794289080424,2011,01,2011-01,6.431029999999993,-0.7242427088825937,250.49271235,250.60421689999998,NA,2.3540638768590454,270.132568,-13.646858012322308
2011-01-18,234.484909,239.154831,233.891281,237.364029,224.567520,14289937,1.755950109907936,2011,01,2011-01,5.263550000000009,1.227848739724227,249.00417855,250.46768125999998,NA,2.4125786748614972,270.132568,-12.130539920680725
2011-01-19,238.996521,239.016312,234.148529,236.018463,223.294510,12275924,-0.5668786486599412,2011,01,2011-01,4.867783000000003,-1.2460675107484114,247.2984733,250.16492858,NA,2.3798878289460452,270.132568,-12.628653128563155
2011-01-20,234.465134,237.848831,229.963409,236.404327,223.659576,11811864,0.1634889046794606,2011,01,2011-01,7.885421999999977,0.8270709452263332,245.73474645000002,249.86732084,NA,2.3857233106102638,270.132568,-12.485810670559353
2011-01-21,235.474304,238.244583,231.981766,234.959824,222.292969,10804575,-0.6110306940363226,2011,01,2011-01,6.2628170000000125,-0.21848668464478901,244.55984795,249.41180662,NA,2.2895956686292913,270.132568,-13.020549228999295
2011-01-24,234.959824,237.017746,232.525925,235.137909,222.461441,6420389,0.07579380890241476,2011,01,2011-01,4.491820999999987,0.07579380890241476,243.44381860000004,249.06492734,NA,2.292606694393838,270.132568,-12.954624190297553
2011-01-25,237.215622,237.215622,229.518188,230.725235,218.286667,12718970,-1.8766323213327587,2011,01,2011-01,7.697433999999987,-2.7360706454653303,242.42573845,248.74733366,NA,2.2682611500461554,270.132568,-14.588145846967995
2011-01-27,233.881393,237.354141,231.71463,236.631882,223.874847,21052972,2.560035099758374,2011,01,2011-01,5.639510999999999,1.1760187352740743,241.65401605000002,248.52432553999998,NA,2.3580318581054054,270.132568,-12.401572401295946
2011-01-28,235.078552,235.454514,222.018631,227.618561,215.347458,15697246,-3.809005330904646,2011,01,2011-01,13.43588299999999,-3.1734035013113413,240.1714187,248.30567076,NA,2.4145740526881245,270.132568,-15.73820117831923
2011-01-31,220.633484,229.340103,220.059647,226.975464,214.739044,12785820,-0.2825327588289303,2011,01,2011-01,9.280455999999987,2.874441306470045,238.57553705,247.97442382,NA,2.399007358555823,270.132568,-15.976268363169007
2011-02-01,227.846115,227.846115,210.343857,211.541016,200.136658,25801333,-6.800051304223779,2011,02,2011-02,17.502257999999983,-7.156189167412394,236.20694269999998,247.49971558000001,NA,2.7598547236571105,270.132568,-21.68992522219682
2011-02-02,215.152283,223.383987,213.173508,220.485077,208.598541,22464911,4.2280505072359,2011,02,2011-02,10.210478999999992,2.478613717522104,234.3849853,247.05073152,NA,2.9950512197600334,270.132568,-18.378935708337103
2011-02-03,217.625748,230.428421,216.478058,228.90477,216.564316,14176336,3.8187133181807242,2011,02,2011-02,13.950362999999982,5.182760819275864,233.13835675,246.82633851999998,NA,3.158384085331358,270.132568,-15.26206125579052
2011-02-04,227.608673,235.464401,225.580429,227.727402,215.450424,24900735,-0.5143483903808562,2011,02,2011-02,9.883972,0.05216365371103493,232.0485466,246.55722505999998,NA,3.1451509428896256,270.132568,-15.697909479763277
2011-02-07,225.798096,229.508301,219.802399,226.836945,214.607971,17675020,-0.39101881994860954,2011,02,2011-02,9.70590199999998,0.46007872449021847,231.6146996,246.32194858,NA,2.8971925044180056,270.132568,-16.027546519307514
2011-02-08,227.559204,229.102646,218.506302,220.089325,208.224121,15107437,-2.974656531368814,2011,02,2011-02,10.596343999999988,-3.2826090391843663,230.97703940000002,246.10744938,NA,2.9587601724119152,270.132568,-18.525438591321574
2011-02-09,217.665314,221.187546,208.266144,212.44136,200.988464,24693875,-3.474936823946368,2011,02,2011-02,12.921402,-2.3999937812783494,230.14150165,245.66262088,NA,3.0332422022349195,270.132568,-21.356628127860535
2011-02-10,212.91626,221.009445,212.44136,218.160019,206.398849,15376154,2.6918764782902924,2011,02,2011-02,8.568084999999996,2.46282693487102,228.99875875000004,245.13844334,NA,2.8403976837762945,270.132568,-19.239645698700052
2011-02-11,219.327499,231.516754,217.417969,226.1147,213.924683,18418788,3.646259766781554,2011,02,2011-02,14.098784999999992,3.0945508570268294,228.0687348,244.56835818,NA,2.9552701809672537,270.132568,-16.294913392301513
2011-02-14,236.16687,241.766815,235.840378,239.283447,226.383484,22358249,5.823923433549432,2011,02,2011-02,5.926437000000021,1.3196503811055322,228.33438575,244.12946596,NA,3.099786068356542,270.132568,-11.419993238282915
2011-02-15,240.203583,246.931412,237.819153,244.843811,231.644073,20341477,2.3237562270657164,2011,02,2011-02,9.112258999999995,1.931789668599564,228.91317830000003,243.82334962000002,NA,3.134698220713014,270.132568,-9.36160981522228
2011-02-16,244.180908,246.298203,240.886261,245.061462,231.849991,8898446,0.08889381320731764,2011,02,2011-02,5.4119420000000105,0.36061541715620854,229.29804995,243.35081788,NA,3.1157545175451404,270.132568,-9.281037893957306
2011-02-17,243.775269,248.227509,242.43959,247.069931,233.750183,8783062,0.819577661705124,2011,02,2011-02,5.787918999999988,1.3515160965733517,229.85062335000003,243.00730256,NA,3.1130765183706504,270.132568,-8.537525545605444
2011-02-18,247.149078,248.910187,237.670746,238.5513,225.690826,13037718,-3.4478622977395004,2011,02,2011-02,11.239441,-3.478782146215413,229.957972,242.49064424,NA,3.222707769851825,270.132568,-11.691025718898135
2011-02-21,238.442459,239.174606,224.670181,229.884262,217.491013,22259966,-3.6331967170164203,2011,02,2011-02,14.504424999999998,-3.5892084974681486,229.7041939,242.04700288,NA,3.326716327984712,270.132568,-14.899464473310003
2011-02-22,227.559204,228.350708,222.157135,224.957108,212.829483,12652636,-2.1433194065281427,2011,02,2011-02,6.1935729999999865,-1.1434808850886948,229.19515385,241.60870394000003,NA,3.358927342917471,270.132568,-16.723440766312926
2011-02-23,224.591034,230.131607,223.621429,226.352142,214.149307,10373475,0.6201333278164215,2011,02,2011-02,6.510177999999996,0.7841399403326041,228.97649919999998,241.08116212000002,NA,3.338390139733388,270.132568,-16.20701506824605
2011-02-24,225.382553,225.95639,205.525528,208.642105,197.394043,27479492,-7.824108419526245,2011,02,2011-02,20.43086199999999,-7.427570491669785,227.57701035,240.08563996,NA,3.700221522779798,270.132568,-22.763069057263767
2011-02-25,214.103531,222.612259,212.233582,219.782608,207.933960,23675008,5.339527704630868,2011,02,2011-02,10.378676999999982,2.6524910511634703,227.18521270000002,239.24584778,NA,3.8404750635105,270.132568,-18.638981731369757
2011-02-28,220.633484,222.889282,208.760834,214.251938,202.701431,32936017,-2.5164275054921608,2011,02,2011-02,14.12844800000002,-2.8923742146047124,226.54903640000003,238.200065,NA,3.8782317968479463,270.132568,-20.68637277383007
2011-03-01,217.467438,226.767685,217.101364,225.946503,213.765533,16617058,5.45832402225459,2011,03,2011-03,9.66632100000001,3.8990044109500293,227.26931075000002,237.37234344,NA,3.749433818638018,270.132568,-16.35717800602258
2011-03-03,225.145096,234.425552,221.622879,232.802948,220.252350,24321630,3.0345435352898464,2011,03,2011-03,12.802672999999999,3.4012963800019835,227.88520430000003,236.68570830000002,NA,3.6943426886320077,270.132568,-13.819000158470343
2011-03-04,236.206451,236.364746,230.70546,232.654541,220.111923,16747431,-0.06374790408581585,2011,03,2011-03,5.659286000000009,-1.5037311576219368,228.07269285,235.93614775999998,NA,3.602645091167223,270.132568,-13.873938739589518
2011-03-07,228.548584,228.548584,221.820755,223.195999,211.163330,15032881,-4.065487808381095,2011,03,2011-03,6.727829000000014,-2.341990007691321,227.84612270000002,235.04649045999997,NA,3.722278932021623,270.132568,-17.375383259970338
2011-03-08,222.810135,230.507568,222.612259,229.963409,217.565903,11187862,3.0320480789622093,2011,03,2011-03,7.8953089999999975,3.2104796310096084,228.00244590000003,234.47660276,NA,3.7832170075757228,270.132568,-14.870165155354382
2011-03-09,231.773987,232.802948,228.152832,230.190964,217.781174,8613937,0.09895269903569541,2011,03,2011-03,4.650115999999997,-0.6830028772814773,228.50752785,233.93125211999998,NA,3.711930090019272,270.132568,-14.785926886090975
2011-03-10,230.745026,232.486343,227.75708,230.527359,218.099457,9448044,0.14613736097824492,2011,03,2011-03,4.729263000000003,-0.09433226092596503,229.4118278,233.52006254,NA,3.6053852409634657,270.132568,-14.661397288460238
2011-03-11,228.74646,231.912506,223.997406,230.05246,217.650146,10636263,-0.20600548327974968,2011,03,2011-03,7.915099999999995,0.5709377972450297,230.00644985,233.07978513999998,NA,3.5695071986051845,270.132568,-14.83719948940033
2011-03-14,228.548584,233.436157,225.619995,232.664444,220.121307,7874601,1.1353862505969319,2011,03,2011-03,7.81616200000002,1.8008687378260009,230.33393705000003,232.58766386,NA,3.4898725776454604,270.132568,-13.870272761779686
2011-03-15,225.639786,229.528076,223.334518,225.995972,213.812332,9013856,-2.866132824317586,2011,03,2011-03,6.193557999999996,0.15785602633039553,229.66956330000002,231.92972136,212.054996975,3.2880973118035874,270.132568,-16.33886514564952
2011-03-16,227.954956,232.387405,226.945786,230.824173,218.380249,9036527,2.13641020115173,2011,03,2011-03,5.441619000000003,1.2586771748011445,228.9685814,231.36794676000002,212.49186114,3.280687294170677,270.132568,-14.551520126221876
2011-03-17,227.163437,230.012878,224.106232,225.570526,213.409836,9032721,-2.276038480597091,2011,03,2011-03,5.906645999999995,-0.701218039767547,227.99403460000002,230.74087278,212.881482035,3.310585751684544,270.132568,-16.496360409234327
2011-03-18,228.152832,228.152832,220.237732,221.118286,209.197586,12633716,-1.973768505553775,2011,03,2011-03,7.915099999999995,-3.0832604348299206,226.69645235000002,230.08649168,213.227965645,3.3170718113941984,270.132568,-18.144528948467993
2011-03-21,223.423553,224.274429,220.673065,221.860321,209.899643,9665340,0.3355828291831039,2011,03,2011-03,3.6013639999999896,-0.6996719813152373,225.86190340000002,229.53322599999998,213.57385561499999,3.247302218971873,270.132568,-17.8698360428721
2011-03-22,223.621429,226.312576,223.621429,224.808701,212.689087,10590215,1.3289352448020728,2011,03,2011-03,2.691147000000001,0.5309294396826375,225.60812535,229.31912232,213.96862131999998,3.168772569814879,270.132568,-16.7783793474321
2011-03-23,223.908356,226.510452,222.820038,224.96701,212.838852,8258485,0.07041942740462445,2011,03,2011-03,3.6904139999999757,0.4728068299514423,225.60862045,229.16161194,214.36546481000002,3.1307331987478952,270.132568,-16.719775158691714
2011-03-24,226.787476,229.91394,226.60939,229.003708,216.657944,5973436,1.7943510917445191,2011,03,2011-03,3.304550000000006,0.9772285661841357,225.74119875000002,229.1586438,214.79015956,3.1529733799372477,270.132568,-15.22543553504441
2011-03-25,231.694839,235.850266,229.795212,234.257355,221.628357,8578910,2.2941318487297164,2011,03,2011-03,6.055054000000013,1.105987518349508,227.02196125,229.02349336,215.210402025,2.5717806156605447,270.132568,-13.28059525203196
2011-03-28,235.870056,242.973862,235.355576,242.202133,229.144806,10631114,3.3914743039765023,2011,03,2011-03,7.6182859999999835,2.684561621505698,228.14293750000002,228.97323244,215.66462993000002,2.415440593747682,270.132568,-10.339528923443245
2011-03-29,243.666428,246.55545,239.926544,245.259354,232.037231,10904318,1.262260146982272,2011,03,2011-03,6.628906000000001,0.6537322408649605,229.69330829999998,229.19901096,216.138744615,2.3114333229621007,270.132568,-9.207780529447302
2011-03-30,245.664993,249.068497,245.091156,247.149078,233.825073,8188538,0.7705002762096491,2011,03,2011-03,3.9773409999999956,0.6041092716860937,230.75343705,229.47663332,216.62285205,2.023650512635975,270.132568,-8.508226227649821
2011-03-31,248.316559,249.503815,241.608505,247.020462,233.703384,12968559,-0.05203984616928,2011,03,2011-03,7.895309999999995,-0.5219535117672129,231.46431275,229.66976198,217.085885575,1.9333795181575162,270.132568,-8.555838405978498
2011-04-01,245.566055,247.327164,244.250168,245.724365,232.477158,6426352,-0.5246921609271393,2011,04,2011-04,3.0769960000000083,0.06446737925565493,232.11780395,229.86388002,217.520820495,1.9408608328435883,270.132568,-9.035638753487875
2011-04-04,245.368179,248.929977,244.774551,248.17804,234.798553,6545193,0.998547702015632,2011,04,2011-04,4.155426000000006,1.1451611253959757,233.36690600000003,230.09935428,217.968419525,1.6512355459064867,270.132568,-8.12731621460763
2011-04-05,249.028915,254.252884,246.169586,253.352539,239.694077,9861795,2.0849947078315214,2011,04,2011-04,8.083297999999985,1.7361935661166075,234.5363625,230.46720858,218.43644946,1.5885443939636776,270.132568,-6.211775619739411
2011-04-06,254.737686,257.972992,252.956787,256.983582,243.129410,12918993,1.4331977940035585,2011,04,2011-04,5.016204999999985,0.8816504676893454,235.87599340000003,230.90412204,218.93218219,1.5989100169042845,270.132568,-4.867604856886408
2011-04-07,255.212585,257.636597,252.590714,255.440155,241.669174,7981152,-0.6005936208018178,2011,04,2011-04,5.0458830000000034,0.08916880019847542,237.1216332,231.39842044,219.42672770500002,1.6177927304801587,270.132568,-5.4389639534319265
2011-04-08,254.074799,254.806946,246.575241,247.999954,234.630066,6889310,-2.91269827956376,2011,04,2011-04,8.231705000000005,-2.3909671576676166,238.0190079,231.62578188,219.88986018,1.7867185087600144,270.132568,-8.193241623497983
2011-04-11,244.972427,247.327164,239.580261,241.321579,228.311737,6465806,-2.6928936446496228,2011,04,2011-04,7.746903000000003,-1.4903097645352537,238.45186465,231.89984224,220.335727795,1.9040443927336252,270.132568,-10.66549998517764
2011-04-13,239.392273,247.871338,238.422684,247.1194,233.796997,10990760,2.4025290336758482,2011,04,2011-04,9.448654000000005,3.2278096962636824,239.50803605000002,232.30272096000002,220.790450465,1.820111524242143,270.132568,-8.519212685232377
2011-04-15,247.149078,251.106628,243.09259,244.546982,231.363266,7786713,-1.040961575659377,2011,04,2011-04,8.014038,-1.052844712615108,240.1941765,232.96284028000002,221.25041682,1.8050149236263213,270.132568,-9.471492530289787
2011-04-18,244.863586,249.879791,237.650955,238.610657,225.746964,8936854,-2.4274783321595073,2011,04,2011-04,12.228836000000001,-2.553637763027776,240.84618305000004,233.32535188000003,221.673231685,1.8166905670611635,270.132568,-11.669052433544405
2011-04-19,237.235413,240.21347,235.147797,237.710312,224.895157,8257848,-0.3773280755016804,2011,04,2011-04,5.065673000000004,0.2001804848587228,241.67578435000001,233.50146272,222.10712771,1.7453326970943568,270.132568,-12.002349898069308
2011-04-20,240.361877,248.445175,240.243149,247.693237,234.339890,9279930,4.1996179787101635,2011,04,2011-04,8.202026000000018,3.050134277325525,242.96743015,233.90077942,222.58732706499998,1.9431712171095084,270.132568,-8.306784763546164
2011-04-21,248.296768,248.929977,243.983032,246.110214,232.842224,6037869,-0.6391062667568905,2011,04,2011-04,4.9469449999999995,-0.8806212088914394,244.03250580000002,234.2862448,223.06277735,1.9525302966408224,270.132568,-8.892801848313226
2011-04-25,244.606354,248.732101,244.606354,245.872772,232.617569,3600964,-0.09647791375290735,2011,04,2011-04,4.12574699999999,0.5177371639331934,245.07779390000002,234.80191374000003,223.53239031,1.9546910889990088,270.132568,-8.9807001723687
2011-04-26,245.566055,250.710876,242.301071,249.582977,236.127747,5786749,1.508993846622432,2011,04,2011-04,8.409805000000006,1.6357806456596755,246.10675735,235.54474608,224.03732438999998,1.9454842867384419,270.132568,-7.607224538730921
2011-04-27,249.127853,251.858566,246.575241,247.248016,233.918655,6580068,-0.9355449750885826,2011,04,2011-04,5.283324999999991,-0.754567173988362,246.75629040000004,236.12650602000002,224.52543886,1.9181244200308627,270.132568,-8.471600506903702
2011-04-28,248.138474,248.979446,243.00354,243.844528,230.698685,6905431,-1.3765481539799331,2011,04,2011-04,5.975906000000009,-1.7304636120233436,246.83841015000002,236.48110258,224.98214029,1.8050166869598139,270.132568,-9.731533000493297
2011-04-29,243.191528,256.577942,240.223358,244.744873,231.550491,6356607,0.3692291179894821,2011,04,2011-04,16.354584000000017,0.638733188106786,246.8126861,236.59033110000001,225.4240999,1.7843570704524754,270.132568,-9.398235535968391
2011-05-02,245.664993,246.159698,241.163284,242.469269,229.397552,5867512,-0.9297861777884987,2011,05,2011-05,4.996413999999987,-1.3008463114644961,246.57869565000001,236.54284026000002,225.843056125,1.786447085697702,270.132568,-10.24063821878745
2011-05-03,241.816284,242.766083,227.163437,230.151398,217.743744,10442426,-5.080178222502909,2011,05,2011-05,15.602646000000021,-4.823862895850304,245.73524245000004,236.24463898000002,226.202302875,2.107240868318992,270.132568,-14.80057376865421
2011-05-04,230.131607,232.684235,225.422119,229.39946,217.032364,8152829,-0.3267145046844319,2011,05,2011-05,7.262115999999992,-0.31814273994966613,244.9189972,235.89122956,226.54839075,2.106752295912889,270.132568,-15.07893265205993
2011-05-05,229.537979,232.466568,223.79953,225.016479,212.885651,5394325,-1.9106326579844612,2011,05,2011-05,8.667037999999991,-1.9698265270515443,243.76091915,235.62053314000002,226.84990671,2.111206605892952,270.132568,-16.70146229831865
2011-05-06,227.519623,239.036102,226.757797,237.443192,224.642426,11239677,5.5225790818636025,2011,05,2011-05,12.278304999999989,4.361632139307833,242.96545180000004,235.77171174,227.22058092,2.4436931203678465,270.132568,-12.101234679707328
2011-05-09,237.255203,237.927979,231.299088,232.872208,220.317886,6402004,-1.9250853062992894,2011,05,2011-05,6.628890999999982,-1.84737571382154,241.75988310000002,235.93001374,227.58052019,2.4340140880426415,270.132568,-13.793360895306778
2011-05-10,232.70401,238.135757,231.71463,234.732254,222.077652,7554666,0.7987410846381511,2011,05,2011-05,6.421127000000013,0.8715982161201264,240.72448805000005,236.09761598,227.94253717499998,2.449924694020563,270.132568,-13.104793051091857
2011-05-11,234.682785,240.421234,233.742874,239.758347,226.832779,8956174,2.141202546455322,2011,05,2011-05,6.678359999999998,2.1627329844411003,240.3124077,236.71994082,228.31321131,2.4370130667383805,270.132568,-11.244190667154212
2011-05-12,237.037537,241.410629,234.000107,234.880676,222.218079,9508238,-2.034411340014783,2011,05,2011-05,7.410521999999986,-0.9099238151466248,239.99036255000001,237.02190217999998,228.658111975,2.4049566438792134,270.132568,-13.049848917143525
2011-05-13,236.186661,244.22049,234.910355,239.639618,226.720459,10128121,2.0261104834354353,2011,05,2011-05,9.310135000000002,1.4619610546084254,239.61637345,237.52965577999998,229.04382479,2.385672133516342,270.132568,-11.28814279069082
2011-05-16,237.453079,241.371048,234.5047,240.569656,227.600342,12026138,0.38809859895536813,2011,05,2011-05,6.866347999999988,1.3125022480757162,239.41750715000003,237.82211884,229.411085605,2.378236855023898,270.132568,-10.943853315754206
2011-05-17,239.62973,241.014877,233.218491,235.276428,222.592484,7890571,-2.200289133721835,2011,05,2011-05,7.7963860000000125,-1.8166785899228721,239.25079570000003,237.87158844,229.74173906,2.3668248632452262,270.132568,-12.903346034159044
2011-05-18,235.128021,235.266525,226.124588,227.391006,215.132202,12912545,-3.351556323355948,2011,05,2011-05,9.141937000000013,-3.2905542125921206,238.73483040000002,237.76631774,230.02119165,2.4796285047786526,270.132568,-15.822439447582637
2011-05-19,228.370499,230.675766,225.986069,227.727402,215.450424,10150008,0.1479372495497943,2011,05,2011-05,4.689697000000024,-0.28160248491640033,237.73653865,237.8569458,230.32246026500002,2.2574586535389796,270.132568,-15.697909479763277
2011-05-20,227.796646,233.87149,227.796646,231.249619,218.782761,7206966,1.5466812377721602,2011,05,2011-05,6.074843999999985,1.515813801753686,236.9935089,237.88267,230.64035058499996,2.2975808601566383,270.132568,-14.394024862637073
2011-05-23,228.350708,228.350708,222.236298,223.492813,211.444138,9471877,-3.3543000129223928,2011,05,2011-05,6.114409999999992,-2.127383375575076,235.87451095,237.74870697999998,230.92494797999998,2.3967886364529676,270.132568,-17.26550609773198
2011-05-24,223.423553,225.966278,220.029953,221.988953,210.021332,10603819,-0.6728896467914622,2011,05,2011-05,5.936324999999982,-0.6420988211569569,234.49480975,237.57793886,231.199404235,2.3522292125220434,270.132568,-17.822217941525654
2011-05-25,221.721817,225.966278,221.642654,224.353577,212.258499,9051142,1.0651989515892677,2011,05,2011-05,4.323623999999995,1.1869648353098308,233.35008780000004,237.4639612,231.46930917499998,2.3777280191292918,270.132568,-16.94686106859947
2011-05-26,225.817871,231.259506,225.649673,230.012878,217.612686,14230926,2.52249198594235,2011,05,2011-05,5.6098329999999805,1.8576948677370198,232.65850530000003,237.41092988,231.73515764,2.4569597777214667,270.132568,-14.851852294981327
2011-05-27,232.506134,232.506134,214.103531,215.458984,203.843430,36507473,-6.327425719180825,2011,05,2011-05,18.402603,-7.331914090490196,231.19421085000005,237.20019012,231.902809385,2.7988088375061517,270.132568,-20.239538092274756
2011-05-30,216.666046,218.001709,212.292938,213.183395,201.690521,14337441,-1.0561587907608423,2011,05,2011-05,5.708771000000013,-1.6073819891465617,229.72991715000003,236.84737456,232.0215854,2.799740487236421,270.132568,-21.08193522226465
2011-05-31,213.93533300000001,217.685104,212.856903,216.735291,205.050919,21812058,1.666122260601019,2011,05,2011-05,4.828201000000007,1.3087870810007691,229.05911180000004,236.67066986,232.10924516,2.633533240855487,270.132568,-19.76706377736727
2011-06-01,216.87381,217.071686,212.837112,213.687988,202.167892,12190917,-1.4060022186234542,2011,06,2011-06,4.234574000000009,-1.468974976738778,228.27353820000002,236.5220639,232.16385941500002,2.6458565583058826,270.132568,-20.895140640724225
2011-06-02,211.728989,211.728989,206.227997,207.415268,196.233353,13160850,-2.935457467080458,2011,06,2011-06,5.500992000000025,-2.037378547157761,227.39347765000002,236.23316284,232.19829011,2.6878594626917907,270.132568,-23.21723014160958
2011-06-03,207.375687,209.354462,200.697327,202.587051,191.665405,18193522,-2.327802117248184,2011,06,2011-06,8.657135000000011,-2.3091598003964644,225.6506706,235.78872984,232.22050187000002,2.3313210928197674,270.132568,-25.004581084054994
2011-06-06,200.153152,204.170074,199.905807,202.567261,191.646698,10494787,-0.009768640148673876,2011,06,2011-06,4.26426699999999,1.2061308932072157,224.13542325000003,235.34073486,232.23737092,2.320448129875611,270.132568,-25.011907116656886
2011-06-07,201.241486,204.565826,200.97435,203.259842,192.301941,10702375,0.34190174492214215,2011,06,2011-06,3.591476,1.0029522441510805,222.56180265000003,234.82585754,232.21649483500002,2.307455106234439,270.132568,-24.755521518604894
2011-06-08,202.408966,206.514923,202.03299,203.526962,192.554642,10460791,0.13141799057386142,2011,06,2011-06,4.481932999999998,0.5523450972028606,220.7502334,234.21124968,232.20472107499998,2.2196917436918646,270.132568,-24.656636736966863
2011-06-09,203.616013,204.001877,198.550354,202.062668,191.169327,15309118,-0.7194594689621493,2011,06,2011-06,5.451523000000009,-0.7628795874713484,219.10933300000002,233.40846038,232.210459525,2.200344851461022,270.132568,-25.198701698197308
2011-06-10,202.507904,202.695877,200.054214,201.755966,190.879120,10366693,-0.1517855836685287,2011,06,2011-06,2.641662999999994,-0.37131291428506197,217.2151504,232.53839262000002,232.214664465,2.108955328245857,270.132568,-25.312239285416332
2011-06-13,201.04361,201.587769,198.688858,199.91571,189.138092,9117445,-0.9121197437105828,2011,06,2011-06,2.8989109999999982,-0.5610225562503633,215.18245310000003,231.59372525999999,232.21322991,2.089210527165303,270.132568,-25.99348109702937
2011-06-14,199.559525,199.836548,194.147568,194.711517,184.214462,18158005,-2.6031936159494435,2011,06,2011-06,5.688979999999987,-2.429354349285017,213.15420755,230.54754636,232.205017935,2.1042948623297866,270.132568,-27.920014072497917
2011-06-15,194.711517,197.501602,192.772324,196.719986,186.114639,17065451,1.031510118633619,2011,06,2011-06,4.729277999999994,1.031510118633619,211.62065655,229.56745878,232.20180245,2.065648183554764,270.132568,-27.176501724146046
2011-06-16,195.404099,197.679688,193.949692,194.642273,184.148941,8892139,-1.0561778913506108,2011,06,2011-06,3.729996,-0.38987206711565114,209.96640010000002,228.49674344,232.194728325,2.0571279763285992,270.132568,-27.94564741264371
2011-06-17,196.284653,196.413269,193.168076,194.108002,183.643478,7010420,-0.27448867697922424,2011,06,2011-06,3.2451930000000004,-1.1089257192206425,208.10931925,227.31185270000003,232.185922785,1.9887563955759717,270.132568,-28.143428451766688
2011-06-20,194.216827,194.70163,183.145584,184.224014,174.292343,12139966,-5.09200439866461,2011,06,2011-06,11.55604599999998,-5.145183944334537,206.14587930000002,225.85666134,232.10741486499998,2.1362976064656585,270.132568,-31.80236823573231
2011-06-21,185.609161,187.934219,184.026138,185.252975,175.265839,15616489,0.5585379330622886,2011,06,2011-06,3.90808100000001,-0.19190108833044514,204.30908040000003,224.45291774,232.033656015,2.1619717645633414,270.132568,-31.421458592878736
2011-06-22,186.994293,187.103134,183.501755,185.193619,175.209686,10873971,-0.032040511090296805,2011,06,2011-06,3.6013790000000085,-0.9629566609286769,202.35108250000002,223.19679104,231.953466195,2.123655369413485,270.132568,-31.44343150804385
2011-06-23,185.015518,188.369553,183.284088,186.994293,176.913284,14139804,0.9723196780338238,2011,06,2011-06,5.085464999999999,1.0695183957488439,200.20015325000003,222.11024532,231.88544579499998,2.0165010360332047,270.132568,-30.776842502011824
2011-06-24,187.637405,192.416138,187.637405,191.23877,180.928925,12766323,2.2698430694887515,2011,06,2011-06,4.778732999999988,1.9193214700448384,198.98914255,220.99263272,231.81762322499998,1.7175217599593402,270.132568,-29.205585459062455
2011-06-27,189.368835,194.79068,188.033157,193.474792,183.044418,10943666,1.1692304860567864,2011,06,2011-06,6.75752300000002,2.1682326978459883,198.0037124,219.97118891999997,231.75687485499998,1.7567055102586644,270.132568,-28.377835581824396
2011-06-28,194.711517,195.997726,191.505905,194.850037,184.345535,8802407,0.7108135306846477,2011,06,2011-06,4.491820999999987,0.07114114364380396,196.9094497,219.09597652,231.70918633500003,1.707905898372427,270.132568,-27.868735546170797
2011-06-29,196.076874,200.400497,195.572296,197.313614,186.676270,15611249,1.2643451538066761,2011,06,2011-06,4.828201000000007,0.6307424097346623,196.090731,218.28804256,231.69167420499997,1.7388264048005377,270.132568,-26.956747399669332
2011-06-30,197.481812,198.649292,194.187149,196.729874,186.124039,12195990,-0.29584375257553486,2011,06,2011-06,4.4621429999999975,-0.38076316617957484,195.5564613,217.26877530000002,231.65922227,1.6317920863387898,270.132568,-27.17284129916538
2011-07-01,199.856339,199.856339,195.107285,196.828812,186.217606,9831675,0.050291294346075766,2011,07,2011-07,4.749054000000001,-1.5148516254968487,195.26854935,216.28314726,231.59936433,1.5574641827907978,270.132568,-27.13621557841926
2011-07-04,199.658463,202.794815,198.570129,200.182831,189.390823,10758485,1.7040284732298208,2011,07,2011-07,4.224685999999991,0.26263249356977236,195.14932785000002,215.36934843999998,231.586551755,1.6107949537479147,270.132568,-25.894595945202724
2011-07-05,201.835114,203.497284,199.658463,201.033707,190.195816,11706177,0.42504943893015457,2011,07,2011-07,3.838820999999996,-0.39706024591935557,195.0380211,214.39836304,231.57383805499998,1.6119574314671739,270.132568,-25.57961134105089
2011-07-06,201.657028,205.387024,200.16305500000001,204.902222,193.855759,12015444,1.9243116279997772,2011,07,2011-07,5.2239689999999825,1.6092640222784587,195.1067841,213.55144715999998,231.57383805499998,1.6709130272696846,270.132568,-24.147531148484102
2011-07-07,204.427307,209.38414,203.220261,208.849869,197.590576,13654837,1.926600386012416,2011,07,2011-07,6.1638790000000085,2.163391018989454,195.44614415,212.85155397999998,231.57185922,1.711287209509409,270.132568,-22.686157190790848
2011-07-08,209.156586,212.579865,206.979935,208.562958,197.319168,9533475,-0.13737667223530958,2011,07,2011-07,5.5999300000000005,-0.283819893675256,195.78649375,212.12791568,231.54554154999997,1.711143443118,270.132568,-22.79236837521938
2011-07-11,208.562958,210.343857,206.940353,208.335388,197.103851,5947490,-0.10911333545624831,2011,07,2011-07,3.4035040000000265,-0.10911333545624831,196.20747765000002,211.44523806,231.527683045,1.6934945780189707,270.132568,-22.876612197311953
2011-07-12,205.00116,206.287354,198.866959,202.804718,191.871353,10584332,-2.6546954183318996,2011,07,2011-07,7.420394999999985,-1.0714290592306845,196.6121377,210.89830446,231.47880731,1.698046973690025,270.132568,-24.92400323977225
2011-07-13,203.418137,207.474625,202.824509,206.920563,195.765320,7318116,2.029462154820273,2011,07,2011-07,4.650115999999997,1.721786489471185,197.12216655000003,210.44872652,231.45189592,1.7374238784633556,270.132568,-23.400364298169336
2011-07-14,205.792664,214.004593,204.872543,211.353027,199.958817,11520113,2.142108998611226,2011,07,2011-07,9.132049999999992,2.70192478775628,197.95770425,210.17545748,231.4364615,1.7562488078916527,270.132568,-21.759516608897005
2011-07-15,210.047028,210.145981,203.675385,204.417419,193.397079,8878692,-3.281527640481819,2011,07,2011-07,6.4705960000000005,-2.680165986447576,198.4731751,209.51494202,231.38951508499997,1.9387487311335585,270.132568,-24.326999697422636
2011-07-18,204.803284,207.068985,200.25209,200.806152,189.980545,8426639,-1.7666141259713282,2011,07,2011-07,6.816894999999988,-1.9516933136677599,199.30228200000002,208.8736209,231.29883766999998,1.559554292979607,270.132568,-25.663849610314294
2011-07-19,198.075439,198.303009,193.524261,194.70163,187.908478,15781460,-3.0400074595324167,2011,07,2011-07,4.778748000000007,-1.703294975405807,199.77471475000002,208.07300842,231.18589906,1.7424423183943623,270.132568,-27.923674127289978
2011-07-20,195.898788,197.0168,190.773758,191.713684,185.024780,9583774,-1.5346281384495826,2011,07,2011-07,6.243042000000003,-2.1363603331736774,200.100718,207.11211516,231.04214105,1.7876654824920322,270.132568,-29.029777705293203
2011-07-21,192.515076,194.899506,190.506622,193.326385,186.581192,6784341,0.8412028637454941,2011,07,2011-07,4.392884000000009,0.42142621599151764,200.4173226,206.28102933999998,230.88181077000002,1.784877696568214,270.132568,-28.432774162943588
2011-07-22,195.305161,198.866959,193.999161,197.274033,190.391129,10848728,2.0419602839002113,2011,07,2011-07,4.867798000000022,1.0081003440559386,200.71908575,205.43371764,230.74586884500002,1.7715246048165787,270.132568,-26.97139983506172
2011-07-25,196.690292,200.232315,195.324951,199.143982,192.195847,6866089,0.9478941407356898,2011,07,2011-07,4.907364000000001,1.247489123662491,201.00254525,204.60520416,230.61497285000002,1.7656385421189453,270.132568,-26.279166013036974
2011-07-26,199.440796,200.469757,191.080475,192.544769,185.826859,9788931,-3.313789818664966,2011,07,2011-07,9.38928199999998,-3.457681245917211,200.88728185,203.75057098000002,230.46097466499998,1.9219142617551466,270.132568,-28.722119503931857
2011-07-27,192.930634,193.494583,187.647293,189.507339,182.895401,8775628,-1.5775188366711748,2011,07,2011-07,5.847290000000015,-1.7743657028567044,200.4969681,202.99289764000002,230.31726609,1.9253139830617767,270.132568,-29.846541495137302
2011-07-28,188.35965,191.149734,187.083344,188.122208,181.558594,8238114,-0.7309115347770259,2011,07,2011-07,4.066389999999984,-0.12605778360704498,200.06658480000002,202.20079376,230.118498085,1.929099350918412,270.132568,-30.359301215394357
2011-07-29,187.766022,189.151169,186.004913,187.607712,181.062073,6880178,-0.2734903047704013,2011,07,2011-07,3.1462560000000224,-0.08431237894574993,199.6055298,201.32795561999998,229.9122107,1.9281966976757368,270.132568,-30.549761774744617
2011-08-01,188.973068,191.337708,188.112305,190.259277,183.621109,5798914,1.4133560778141172,2011,08,2011-08,3.225403,0.6806308505294443,199.1093521,200.6632849,229.699640735,1.913959419062265,270.132568,-29.568182611731586
2011-08-02,188.982971,190.536301,187.983688,189.250107,182.647141,8020515,-0.5304182880921928,2011,08,2011-08,2.552613000000008,0.14135453506021028,198.52017210000002,200.00850798,229.47519814,1.9084973976170942,270.132568,-29.941765851794656
2011-08-03,186.994293,186.994293,182.304596,183.660065,177.252136,9026071,-2.9537853841213475,2011,08,2011-08,4.689696999999995,-1.7830640424945996,197.45806425,199.19463774,229.24971665,1.9230546927388188,270.132568,-32.01113573243786
2011-08-04,182.581635,183.7491,180.137848,180.850204,174.540329,18964954,-1.5299248641777472,2011,08,2011-08,3.6112520000000075,-0.9483051238970528,196.05808100000002,198.21138426000002,228.99742279499998,1.8445597550807693,270.132568,-33.05131427173935
2011-08-05,173.934372,176.50679,172.153488,176.031876,169.890106,12329189,-2.664264619795497,2011,08,2011-08,4.353301999999985,1.2059169075563827,194.43152690000002,197.42284210000003,228.71589249500002,1.8899128806330694,270.132568,-34.835004419015476
2011-08-08,172.361252,172.54924,163.001648,163.783264,158.068863,15712513,-6.9581784153683675,2011,08,2011-08,9.547592000000009,-4.976749646724546,192.2039207,196.43483948000002,228.389443975,2.3236872179413948,270.132568,-39.369301075907295
2011-08-09,156.916916,162.457474,155.145905,157.12468,151.642593,25192785,-4.065484981420318,2011,08,2011-08,7.3115689999999915,0.13240382572904114,189.9199188,195.24262726,228.02035286499998,2.3915619071392418,270.132568,-41.83423303479645
2011-08-10,163.150055,168.077209,161.468094,167.048233,161.219894,15591080,6.315718829148927,2011,08,2011-08,6.609115000000003,2.3893206778263125,187.92630230000003,194.30983216,227.71893585499998,2.8484035942075048,270.132568,-38.16064673845621
2011-08-11,164.040497,170.758438,161.66597,167.998047,162.136581,19839717,0.5685866787947427,2011,08,2011-08,9.092468000000025,2.4125445072261797,185.75855330000002,193.52148774,227.385858385,2.7771333013069452,270.132568,-37.809036413558246
2011-08-12,168.383911,168.383911,156.936691,158.302048,152.778870,26623265,-5.771495069820663,2011,08,2011-08,11.447220000000016,-5.987426554072614,183.45278475000003,192.63578768,226.99529755,2.9313896496428162,270.132568,-41.39838481082369
2011-08-16,160.696365,162.239822,157.322556,158.608765,153.074890,11608592,0.19375428421494073,2011,08,2011-08,4.917266000000012,-1.2990959689722792,181.3429154,191.75661776,226.60498406,2.945212532407345,270.132568,-41.284841670775506
2011-08-17,158.104172,158.331726,152.781265,154.116943,148.739807,12842158,-2.8320137288755847,2011,08,2011-08,5.550461000000013,-2.5218999281056376,179.31368105,190.77375978,226.19562484999997,2.938476737014287,270.132568,-42.94766301559018
2011-08-18,155.670273,155.789001,147.99263,148.813828,143.621689,12730058,-3.4409682003619753,2011,08,2011-08,7.796371000000022,-4.404466484105162,177.16868825,189.67949710000002,225.792993475,2.9831895245254776,270.132568,-44.910815788787076
2011-08-19,145.885239,146.389816,138.939728,140.958084,136.040054,28247800,-5.2789072800411985,2011,08,2011-08,7.450087999999994,-3.377418465208806,174.55027320000002,188.45740542,225.33960648000001,3.0735840539674806,270.132568,-47.818922744628104
2011-08-22,141.571503,146.84494,138.514297,145.83577,140.747543,22426448,3.4603804631737067,2011,08,2011-08,8.33064300000001,3.0120941783036583,171.97836005000002,187.33900150000002,224.926784445,3.1748447894843053,270.132568,-46.01325894180964
2011-08-23,145.440002,147.794754,141.482452,143.975723,138.952377,18259149,-1.2754394892281975,2011,08,2011-08,6.312302000000017,-1.0067924779043973,169.2199471,186.22020176,224.47369430999998,3.124957197901402,270.132568,-46.70182715621317
2011-08-24,143.856995,145.796188,137.534805,138.662704,133.824753,18160077,-3.6902186627671925,2011,08,2011-08,8.261382999999995,-3.6107323109314358,166.52584385000003,185.0992255,223.946053775,3.1371716559704885,270.132568,-48.668646277408506
2011-08-25,140.700836,142.828033,139.543259,141.334045,136.402878,17495480,1.9265028900633676,2011,08,2011-08,3.2847739999999988,0.4500392591839281,164.11717915000003,183.99150668,223.39694351499998,3.2337379270027897,270.132568,-47.67974626443413
2011-08-26,141.502243,144.915634,137.247879,138.217484,133.395050,15389329,-2.205102811569562,2011,08,2011-08,7.667755,-2.3213476552452814,161.62194295,182.8630109,222.83160736499997,3.23434472367213,270.132568,-48.833461650577426
2011-08-29,140.888824,145.717041,140.493073,144.579239,139.534851,17960125,4.60271364800707,2011,08,2011-08,5.223967999999985,2.619380938263777,159.47051930000003,181.87243564,222.26582588500003,3.502701246784302,270.132568,-46.47841240675578
2011-08-30,147.517731,148.091568,143.827301,146.884521,141.759720,16232188,1.5944765071007223,2011,08,2011-08,4.26426699999999,-0.4292433158424808,157.3017815,181.12564578,221.737839125,3.5101370997482917,270.132568,-45.62502326635416
2011-09-02,149.991196,151.039948,146.82515,149.348099,144.137314,19816233,1.6772209782404395,2011,09,2011-09,4.214798000000002,-0.4287564984814253,155.30668110000002,180.40754826,221.251555025,3.5674291724745593,270.132568,-44.7130347496641
2011-09-05,148.012421,150.189072,146.686646,149.041382,143.841309,10451048,-0.20537054174354902,2011,09,2011-09,3.502426000000014,0.6951855749998236,153.57574695,179.68450352,220.75785049499999,3.5457931769134907,270.132568,-44.82657788971228
2011-09-06,148.051987,153.078079,148.051987,151.534637,146.247574,19074648,1.6728608971164836,2011,09,2011-09,5.0260920000000056,2.3523156092461,152.10996860000003,178.9753104,220.32276718,3.5916251712621943,270.132568,-43.903603285628265
2011-09-07,152.613068,154.473114,149.22937,152.187637,146.877792,14902265,0.4309245812889574,2011,09,2011-09,5.243744000000021,-0.2787644633420273,150.91775665000003,178.19428774,219.86601630999996,3.5745627583005737,270.132568,-43.66187012296866
2011-09-08,153.18692,156.916916,152.167847,156.451889,150.993271,13366123,2.801970044386719,2011,09,2011-09,4.7490689999999915,2.1313627821487686,150.5511879,177.45382968,219.471893615,3.327760107689699,270.132568,-42.08329260024656
2011-09-09,156.600311,156.600311,150.485886,151.356552,146.075699,10160626,-3.2568075927801683,2011,09,2011-09,6.114425000000011,-3.348498458601408,150.26278150000002,176.58395998,219.01400497499998,3.2826203796574807,270.132568,-43.96952832433001
2011-09-12,144.401154,147.616669,141.977158,144.796906,139.744919,11310876,-4.3339029023335485,2011,09,2011-09,5.639510999999999,0.2740642917576794,149.15021515,175.53362582000003,218.537367405,3.035515065696344,270.132568,-46.39783456247304
2011-09-13,145.736832,146.627274,136.090302,138.118546,133.299561,16215981,-4.612225623108271,2011,09,2011-09,10.536971999999992,-5.227426653544922,147.65624010000002,174.36139925999998,218.02204476,3.14356467252675,270.132568,-48.87008737132354
2011-09-14,139.503677,142.125565,138.514297,140.987762,136.068695,11644242,2.07735751866371,2011,09,2011-09,3.6112679999999955,1.063832174115377,146.7905258,173.24457826000003,217.533979725,2.993291434379803,270.132568,-47.80793628704555
2011-09-15,141.482452,150.7827,140.047852,149.595444,144.376053,13412005,6.1052689097937325,2011,09,2011-09,10.734848,5.734274381956563,146.33985975000002,172.23283052,217.12788551999998,3.3407106674333042,270.132568,-44.621470447798806
2011-09-16,152.217316,161.764908,150.7827,160.132416,154.545380,33598796,7.0436449922900195,2011,09,2011-09,10.982207999999986,5.199868325099094,146.6406334,171.4148047,216.755133675,3.6525739886426827,270.132568,-40.72080342419134
2011-09-19,158.302048,162.952179,156.125397,159.984009,154.402176,16555452,-0.09267767495621883,2011,09,2011-09,6.826782000000009,1.0625010991645367,147.19914245,170.51644044,216.33320924,3.54954902074555,270.132568,-40.77574200531052
2011-09-20,159.736664,165.029892,159.736664,164.436249,158.699051,14652145,2.782928136273931,2011,09,2011-09,5.293227999999999,2.9420828520620748,148.37305070000002,169.62816804000002,215.88229569499998,3.3182786716644546,270.132568,-39.127573466076846
2011-09-21,163.248993,165.12883,161.764908,163.100586,157.409973,11410808,-0.8122679811311014,2011,09,2011-09,3.3639220000000023,-0.09090837087124952,149.23629150000002,168.7189206,215.391658335,3.27697757126496,270.132568,-39.622020696149455
2011-09-22,158.994629,159.835602,151.969971,153.00882,147.670319,11588731,-6.1874492590725625,2011,09,2011-09,7.865631000000008,-3.764786922456367,149.68794635,167.61238924,214.855954295,3.59453348136005,270.132568,-43.35787752922854
2011-09-23,148.902863,150.189072,144.450623,145.291595,140.222351,21565164,-5.043647157072374,2011,09,2011-09,5.738449000000003,-2.4252508831881867,150.01939090000002,166.46212678,214.238972025,3.686479644933045,270.132568,-46.21470632893106
2011-09-26,145.934708,146.924088,140.740417,145.192657,140.126892,9238603,-0.06809616206636314,2011,09,2011-09,6.183671000000004,-0.5084815053044157,150.2123215,165.22756866,213.643706825,3.6670429417160895,270.132568,-46.25133204967718
2011-09-27,149.743851,155.333893,149.001801,154.097153,148.720688,11703282,6.132883152623893,2011,09,2011-09,6.332091999999989,2.9071657840561245,151.00630495000001,164.08245118,213.09227151,3.8488470929409164,270.132568,-42.95498904819207
2011-09-28,155.234955,158.005234,151.574219,154.393967,149.007156,13007360,0.1926148499317258,2011,09,2011-09,6.431015000000002,-0.5417516950354447,151.49704135000002,163.08198214,212.603909695,3.732977359236116,270.132568,-42.84511188595371
2011-09-29,151.871033,161.121811,149.595444,159.192505,153.638260,20271766,3.107982839769903,2011,09,2011-09,11.526367000000022,4.820848225875964,152.11244055000003,162.24970919999998,212.165511945,3.773692320039505,270.132568,-41.06874777127946
2011-09-30,158.598862,161.17128,153.602463,154.393967,149.007156,12077181,-3.0142989457952227,2011,09,2011-09,7.568816999999996,-2.6512769051268434,152.36473395000002,161.44355594,211.673835615,3.8399764111984847,270.132568,-42.84511188595371
2011-10-03,152.365723,155.729645,150.733231,151.969971,146.667725,7956053,-1.5700069420458744,2011,10,2011-10,4.996414000000016,-0.2597382089671283,152.51116340000002,160.64868168,211.141594405,3.8603035763817055,270.132568,-43.74244759706279
2011-10-04,150.584824,150.980576,143.213882,145.143188,140.079132,17778524,-4.49219207918384,2011,10,2011-10,7.766694000000001,-3.6136682671289564,152.19159095,159.68501774,210.55844925999997,3.978147579571018,270.132568,-46.26964491005023
2011-10-05,146.627274,150.238541,145.093719,145.83577,140.747543,8976242,0.477171550069568,2011,10,2011-10,5.144822000000005,-0.5398068029280851,151.8739976,158.65625248,209.954922725,3.978510571761488,270.132568,-46.01325894180964
2011-10-07,151.425812,158.648331,151.425812,157.461075,151.967239,15888950,7.971504521833015,2011,10,2011-10,7.2225190000000055,3.9856236663271023,151.92445690000002,157.82259434,209.40556519499998,4.331814505260568,270.132568,-41.709703437165714
2011-10-10,157.312668,170.619934,157.21373,168.937973,163.043701,20441091,7.288720720343111,2011,10,2011-10,13.406204000000002,7.389935691638004,152.80352795000002,157.35045842,208.914581535,4.536094026513091,270.132568,-37.461086513640964
2011-10-11,170.867279,176.061569,169.531601,174.874298,168.772934,23070737,3.513908030611928,2011,10,2011-10,6.529967999999997,2.3451061101055015,154.30739755000002,157.0577976,208.438290185,4.420447375970916,270.132568,-35.26352661038634
2011-10-12,174.132263,187.983688,168.839035,178.831848,172.592377,27429984,2.2630827087008507,2011,10,2011-10,19.144653000000005,2.6988594296279333,156.34306265,156.8719904,207.994055105,4.220568409494012,270.132568,-33.79848667488327
2011-10-13,181.45372,184.224014,172.895523,173.983856,167.913544,18865685,-2.710922050081373,2011,10,2011-10,11.328491000000014,-4.116677244203095,157.99286735,156.59951328,207.571685415,4.313932804442489,270.132568,-35.593158097101416
2011-10-14,172.153488,179.326538,171.906128,178.139282,171.923996,15041251,2.388397461428838,2011,10,2011-10,7.420410000000004,3.477010004002939,159.42005925,156.35711338000002,207.17508934499998,4.166513864103598,270.132568,-34.054866720106105
2011-10-17,181.057968,189.170959,181.057968,186.103851,179.610672,24399749,4.4709785009686875,2011,10,2011-10,8.112991000000022,2.786888119720864,160.71863100000002,156.29418826,206.85017441,4.005357151425189,270.132568,-31.1064739887269
2011-10-18,182.245239,182.69046,175.913162,179.326538,173.069809,15186937,-3.641683373870642,2011,10,2011-10,6.777298000000002,-1.6015238675178771,161.68575745,156.20751772,206.48647545,4.125206128929698,270.132568,-33.61535807115268
2011-10-19,181.948425,186.252258,181.948425,184.966049,178.512573,12285365,3.1448279004862063,2011,10,2011-10,4.303833000000026,1.6585051505667125,162.71224745,156.28983462,206.12495315500001,4.135823130904329,270.132568,-31.52767533013642
2011-10-20,180.513809,182.542053,178.831848,181.156906,174.836319,13764843,-2.0593741503339382,2011,10,2011-10,3.710205000000002,0.3562591712858838,163.61506345,156.39233522,205.73627219999997,4.168627584536455,270.132568,-32.93777668452032
2011-10-21,182.838867,183.630386,175.27005,176.259445,170.109726,12452690,-2.703435992663726,2011,10,2011-10,8.36033599999999,-3.598481060375415,164.7775947,156.64185884,205.32300490999998,3.9360057860460484,270.132568,-34.750760967111525
2011-10-24,180.711685,185.460754,180.711685,184.174545,177.748672,13060616,4.490596234431576,2011,10,2011-10,4.74906900000002,1.9162346917411601,166.72174220000002,157.18285614,204.95925651,3.7669832782611614,270.132568,-31.820681096105375
2011-10-25,186.004913,191.34761,182.838867,189.764587,183.143661,16613851,3.0351870829923926,2011,10,2011-10,8.50874300000001,2.021276717567142,168.95033870000003,157.63718322,204.63889274000002,3.773344253461653,270.132568,-29.751311215462177
2011-10-28,195.651443,205.792664,195.156754,204.605408,197.466690,18062425,7.820648327814718,2011,10,2011-10,10.635909999999996,4.576488096742538,171.47575145000002,158.36933044,204.41430175499997,3.9011352220784086,270.132568,-24.257408310722454
2011-10-31,203.319199,203.319199,195.651443,196.344009,189.493561,13437473,-4.037722697925957,2011,10,2011-10,7.667755999999997,-3.4306597873228872,173.57325355,159.13016965999998,204.21845237499997,4.085980334690604,270.132568,-27.31568412735779
2011-11-01,193.029572,200.301559,189.764587,191.397079,184.719208,20701234,-2.5195217441037423,2011,11,2011-11,10.536971999999992,-0.8457217114898907,175.18348225000003,159.78593594,204.01122512499998,4.147298142534386,270.132568,-29.14698127032206
2011-11-02,188.280502,194.810455,186.103851,190.061401,183.430130,23264805,-0.6978570451433073,2011,11,2011-11,8.706603999999999,0.9458754258048327,176.96685395000003,160.5048251,203.815771555,4.060558320925165,270.132568,-29.641434053223826
2011-11-03,188.973068,190.209808,183.432495,186.697479,180.183578,22020039,-1.7699132923891274,2011,11,2011-11,6.777313000000021,-1.2041869373682523,178.70322935000002,161.26249812,203.544184565,4.067772265488149,270.132568,-30.886719664250183
2011-11-04,191.446548,191.644424,183.778793,186.103851,179.610672,18172797,-0.3179625151767558,2011,11,2011-11,7.865630999999979,-2.7906990519359036,180.7512625,162.16541346,203.251127925,3.8672609601463313,270.132568,-31.1064739887269
2011-11-08,187.488998,188.676254,183.284088,187.686874,181.138458,12369112,0.8506127044087859,2011,11,2011-11,5.392166000000003,0.10554005947590563,182.8438177,163.00243554,203.01971015499998,3.8638757707766134,270.132568,-30.520456903959836
2011-11-09,189.368835,189.912994,181.849487,182.789398,176.411865,14049057,-2.609386525346457,2011,11,2011-11,8.063506999999987,-3.474403272323022,184.11023385000001,163.77870904,202.767317345,3.6249365591374043,270.132568,-32.33344673938019
2011-11-11,182.096832,186.15332,178.584503,179.524414,173.260803,18714170,-1.7861998757717874,2011,11,2011-11,7.568816999999996,-1.412664883703193,184.6395559,164.59594324000003,202.47811926999998,3.3270115770636592,270.132568,-33.54210662966043
2011-11-14,182.096832,183.531448,174.28067,175.913162,169.775543,15936797,-2.0115659589341464,2011,11,2011-11,9.250778000000025,-3.39581415672295,184.69149910000002,165.28752558,202.17759276500001,3.280082722192885,270.132568,-34.87895098972294
2011-11-15,171.906128,182.542053,170.07576,179.326538,173.069809,22496796,1.9403755587089042,2011,11,2011-11,12.466293000000007,4.316547691656463,184.7162336,166.10970666,201.89220382,3.2695550280618977,270.132568,-33.61535807115268
2011-11-16,180.068588,181.849487,175.863693,180.365402,174.072418,16710245,0.5793141447921052,2011,11,2011-11,5.9857939999999985,0.16483385764094705,185.0353109,166.82542991999998,201.61923170999998,3.2047265699251617,270.132568,-33.23078245048928
2011-11-17,180.068588,181.057968,171.955597,173.291275,167.245132,12718626,-3.9221086314547042,2011,11,2011-11,9.102370999999977,-3.7637397367718526,184.79291055000002,167.353565,201.30999853999998,3.2903696832702556,270.132568,-35.8495436951534
2011-11-18,170.174713,170.174713,165.178299,168.492752,162.614014,13024356,-2.7690505479863408,2011,11,2011-11,4.996413999999987,-0.9883730492908199,183.9123556,167.73645806000002,200.99883612499997,3.1581007945797035,270.132568,-37.625902256998494
2011-11-21,167.453888,167.453888,158.450455,159.835602,154.258926,13593370,-5.137995490749656,2011,11,2011-11,9.003433000000001,-4.5494829000327615,182.93780880000003,167.95234246,200.61485472500001,3.25397962445916,270.132568,-40.83068058642969
2011-11-22,161.270218,173.340744,161.270218,170.619934,164.666992,23977749,6.747140102115677,2011,11,2011-11,12.070526000000001,5.797546574904488,182.22050305,168.3340484,200.32986159,3.5536476732115303,270.132568,-36.83844370812778
2011-11-23,168.195923,169.333725,163.793152,166.563446,160.752029,14250198,-2.377499454430689,2011,11,2011-11,5.540572999999995,-0.9705806008151544,181.49083005,168.62156458,200.02780149999998,3.5624313984718894,270.132568,-38.34010936437697
2011-11-24,165.12883,173.093399,162.408005,171.213562,165.239899,19639212,2.79179862789342,2011,11,2011-11,10.685394000000002,3.6848392857867416,181.23853590000002,168.91679804,199.82616423,3.5840119089071614,270.132568,-36.618689383651066
2011-11-25,167.750702,177.891937,167.750702,170.026291,164.094055,20140276,-0.6934444830953344,2011,11,2011-11,10.141235000000023,1.356530239736342,180.5311232,169.29019282000002,199.57387029999998,3.4193529692342635,270.132568,-37.05820358543366
2011-11-28,172.648178,181.008499,172.005066,179.920181,173.642731,15485331,5.8190353631839375,2011,11,2011-11,9.003433000000001,4.212035762115029,180.0389029,169.99265832,199.32894735499997,3.615213198769628,270.132568,-33.3955981938468
2011-11-29,178.930786,179.870712,173.835434,175.566864,169.441330,13421718,-2.4195823813672153,2011,11,2011-11,6.035278000000005,-1.8800129788732955,178.5869757,170.74162467999997,199.068144665,3.108345777908409,270.132568,-35.00714656516351
2011-11-30,172.648178,174.528015,167.750702,170.966217,165.001190,15219712,-2.620452911888891,2011,11,2011-11,6.777313000000021,-0.9742130032788421,177.31808610000002,171.34119378,198.788791025,3.0441503397079495,270.132568,-36.71025368551636
2011-12-01,179.079193,183.481979,178.980255,181.057968,174.740829,16657469,5.902774932430065,2011,12,2011-12,4.501723999999996,1.1049720332389394,176.80113055,171.97044426,198.59363424,3.339582241574139,270.132568,-32.97440240526644
2011-12-02,180.068588,190.704498,179.821243,189.863525,183.239182,15915130,4.863391043911429,2011,12,2011-12,10.883254999999991,5.43955895294742,176.79123675,172.56506644,198.480745065,3.5245472371228903,270.132568,-29.714685494716054
2011-12-05,188.824661,192.534866,187.192169,189.566711,182.952713,11551076,-0.15633018506319837,2011,12,2011-12,5.342696999999987,0.3929836262224277,176.93469835000002,173.15672048,198.337778525,3.498999640138596,270.132568,-29.824562656954416
2011-12-07,188.973068,193.672668,187.983688,189.368835,182.761749,12558395,-0.10438330599089622,2011,12,2011-12,5.688979999999987,0.2094303723745322,177.09794755000001,173.6553722,198.1540492,3.497874536991135,270.132568,-29.897814098446656
2011-12-08,188.231033,189.467773,183.877731,186.549072,180.040375,12275776,-1.4890322370098514,2011,12,2011-12,5.590041999999983,-0.8935620089807408,177.04105745,174.12434192,197.890377325,3.5121046507123808,270.132568,-30.941658245369364
2011-12-09,181.750549,183.729324,178.188751,181.057968,174.740829,15030855,-2.943517188871359,2011,12,2011-12,5.540572999999995,-0.3810612973719371,176.95448595,174.68532488,197.57144810999998,3.5260741991603193,270.132568,-32.97440240526644
2011-12-12,185.064987,185.807037,174.330139,175.467926,169.345825,14557815,-3.0874321974054095,2011,12,2011-12,11.476898000000006,-5.185778874531246,176.75166155000002,175.2888515,197.22348043,3.57267057811179,270.132568,-35.04377228590963
2011-12-13,172.648178,180.414871,172.400833,177.00148,170.825882,14435173,0.8739796696519802,2011,12,2011-12,8.014038,2.5214873683752312,176.80607745000003,175.92502796,196.87313817499998,3.547651267256568,270.132568,-34.47606806151563
2011-12-14,174.97323600000001,179.771774,174.330139,175.220581,169.107117,14651520,-1.0061492141195525,2011,12,2011-12,5.441634999999991,0.14136161944218467,176.6007796,176.34749652,196.55648458,3.52788459071158,270.132568,-35.13533658777493
2011-12-15,173.142868,174.132263,165.722458,170.81781,164.857925,18271794,-2.5127019753461504,2011,12,2011-12,8.409805000000006,-1.3428551963226023,176.1234,176.67597338,196.26115232,3.566053555193978,270.132568,-36.76519226663554
2011-12-16,173.53862,177.842468,168.492752,170.570465,164.619247,16090287,-0.14480047484509706,2011,12,2011-12,9.349716,-1.7103714435438035,175.9873595,176.90353258,195.98921910500002,3.457598935077625,270.132568,-36.856756568500835
2011-12-19,170.174713,178.386627,167.453888,177.891937,171.685257,20733578,4.292344515798793,2011,12,2011-12,10.932738999999998,4.534882923528136,176.45731875,177.37349198,195.74691808,3.522380026047812,270.132568,-34.146431021971395
2011-12-20,178.089813,178.831848,172.005066,173.04393,167.006409,14724475,-2.7252539276133825,2011,12,2011-12,6.826782000000009,-2.833336121252485,177.11773515000002,177.79497116,195.568927205,3.3629661490412532,270.132568,-35.94110799701871
2011-12-21,177.842468,179.96965,172.846054,175.121643,169.011627,21303228,1.200685282633154,2011,12,2011-12,7.123595999999992,-1.52990735598653,177.3428206,178.39454025999999,195.34562237999998,3.0284455300341873,270.132568,-35.171962308521046
2011-12-22,173.142868,182.492584,171.658783,181.651611,175.313766,12456091,3.7288183734091604,2011,12,2011-12,10.833800999999994,4.91429020339435,178.09722885000002,179.11085708,195.18262074499998,3.065345443274182,270.132568,-32.75464252796056
2011-12-23,182.937805,185.361816,180.761154,182.987274,176.602829,10706784,0.7352882766341174,2011,12,2011-12,4.600662,0.027041430829464797,178.68591445,179.62138105999998,194.96782459999997,3.017785760408715,270.132568,-32.260195297887954
2011-12-26,184.026138,186.64801,183.135681,184.768173,178.321594,7173974,0.9732365322847405,2011,12,2011-12,3.512328999999994,0.4032226117791958,179.42300855000002,179.93798506,194.727650725,3.009710625118205,270.132568,-31.60092677162866
2011-12-27,184.026138,184.42189,178.930786,180.167526,173.881470,6266197,-2.4899564277230697,2011,12,2011-12,5.491103999999979,-2.0967738832839027,179.43537580000003,180.04384962,194.46521565,2.796832159494795,270.132568,-33.304033891981504
2011-12-28,179.079193,181.552673,176.952011,178.287689,172.067215,8871334,-1.043382812505295,2011,12,2011-12,4.600662,-0.4419854628225867,179.57141705,180.03296644000002,194.2406741,2.749572676309199,270.132568,-33.99992813898693
2011-12-29,176.50679,180.563278,176.209976,177.248825,171.064590,10089218,-0.5826896999040632,2011,12,2011-12,4.353301999999985,0.42040025768981215,179.88554745000002,180.09826582000002,193.97710117999998,2.679847472083448,270.132568,-34.38450375965033
2011-12-30,178.584503,181.849487,174.923767,176.803604,170.634918,9387655,-0.25118417569199886,2011,12,2011-12,6.9257200000000125,-0.9972304259793499,179.67282925,180.07155225999998,193.71016437999998,2.321679871714668,270.132568,-34.54931950300787
2012-01-02,179.029724,183.086212,176.902542,181.997894,175.647980,10175802,2.937886944883768,2012,01,2012-01,6.183669999999978,1.657920223347948,179.27954770000002,179.98943312,193.467517055,2.137966198365182,270.132568,-32.62645250534915
2012-01-03,184.273483,192.732742,184.224014,191.891769,185.196640,15868503,5.436257960215742,2012,01,2012-01,8.50872799999999,4.13422803757392,179.3958006,180.24073774000001,193.2767136,2.4808089544437273,270.132568,-28.963852666591457
2012-01-04,191.792831,200.351028,190.951843,199.064835,192.119461,22752471,3.7380790418373686,2012,01,2012-01,9.399185000000017,3.791593232178726,179.88060060000004,180.52271346,193.10871555499997,2.61037486142448,270.132568,-26.308465330992597
2012-01-05,198.81749,203.566544,198.075439,199.955276,192.978836,21640778,0.44731205287966097,2012,01,2012-01,5.491105000000005,0.5722766140946682,180.55091080000003,180.89868085999998,192.978512075,2.576924836375762,270.132568,-25.978834214466133
2012-01-06,197.877563,202.824509,196.393478,201.439362,194.411118,13553191,0.7422089727704864,2012,01,2012-01,6.431031000000019,1.8000014483703637,181.5699805,181.4022792,192.83158801999997,2.4557669389549344,270.132568,-25.429442480256586
2012-01-09,199.707932,200.548904,196.096664,198.471191,191.546509,11603434,-1.4734811362240037,2012,01,2012-01,4.452239999999989,-0.6192748518371294,182.72014375,181.68821212,192.69609134499999,2.3538991300211087,270.132568,-26.528225578487074
2012-01-10,198.866959,204.259109,198.866959,202.923447,195.843414,11914873,2.2432757004012767,2012,01,2012-01,5.392149999999987,2.039799884504696,184.01624210000003,181.95138932,192.60511715,2.3807064880889297,270.132568,-24.880051116235634
2012-01-11,204.011765,205.100098,199.608994,202.725571,195.652435,15624783,-0.09751263490019856,2012,01,2012-01,5.491104000000007,-0.6304508958098543,185.39149160000002,181.91379258,192.50944339999998,2.3547149875786726,270.132568,-24.953302557727874
2012-01-12,200.845734,207.276749,200.400497,204.011765,196.893784,12188062,0.6344507965401142,2012,01,2012-01,6.876251999999994,1.5763496375780648,187.05118935000002,182.0671477,192.40545871999998,2.226317092007844,270.132568,-24.47716818802833
2012-01-13,207.919846,210.937485,204.308578,206.584183,199.376450,19211059,1.2609164966540038,2012,01,2012-01,6.628906999999998,-0.6423932230115306,188.85187525,182.37088978,192.313544585,2.2132463024103006,270.132568,-23.52488834297092
2012-01-16,203.813889,212.322632,201.785645,211.481644,204.103043,21707417,2.3706853684921234,2012,01,2012-01,10.53698700000001,3.7621356609313317,190.53136060000003,182.79929464,192.225934265,2.100990806920047,270.132568,-21.71190406037972
2012-01-17,215.686539,219.050461,213.856171,215.092911,207.588303,24063235,1.7076030485180065,2012,01,2012-01,5.194290000000024,-0.2752271897691417,192.63380965000002,183.36720327999998,192.13011204499998,1.9261545126538255,270.132568,-20.37505414748806
2012-01-18,215.043442,217.615845,210.393326,211.580582,204.198502,24532641,-1.6329357316662074,2012,01,2012-01,7.2225190000000055,-1.6103071862103129,194.4567566,183.8767379,191.97700429,2.021080960796754,270.132568,-21.6752783396336
2012-01-19,214.697159,217.912674,214.103531,216.131775,208.590912,14566560,2.15104474946572,2012,01,2012-01,3.809143000000006,0.6682044637581839,196.18076480000002,184.44563591999997,191.831366395,1.9367298819719547,270.132568,-19.99047852682465
2012-01-20,217.566376,218.951523,213.312012,216.774872,209.211563,10653576,0.29754856730343476,2012,01,2012-01,5.639510999999999,-0.36379886200798023,197.87014470000003,185.12534540000001,191.679495365,1.9410431704233158,270.132568,-19.75241134197488
2012-01-23,218.555771,220.880829,215.290787,216.774872,209.211563,9225387,0,2012,01,2012-01,5.590042000000011,-0.8148487646203609,199.47047965000002,185.87035456,191.52826741500002,1.9504550657334867,270.132568,-19.75241134197488
2012-01-24,218.654709,222.117569,214.202469,219.594635,211.932938,13943106,1.3007794556557382,2012,01,2012-01,7.915099999999995,0.42986771439713845,201.4418351,186.74398402,191.397618765,1.789436045111078,270.132568,-18.708567195052165
2012-01-25,220.633484,231.863037,220.33667,228.499115,220.526764,22641750,4.0549624538868985,2012,01,2012-01,11.526366999999993,3.565021436184174,203.95240640000003,187.72743556,191.29922414,1.8439374731606397,270.132568,-15.412230116584832
2012-01-27,232.110382,238.838226,230.131607,237.304672,229.025085,26387260,3.8536503740944563,2012,01,2012-01,8.70661899999999,2.237853367541321,206.95519875,188.86622096,191.218984805,1.8766103638273492,270.132568,-12.152513206034447
2012-01-30,235.67218,236.16687,228.944336,231.417816,223.343628,17473960,-2.4807164352836772,2012,01,2012-01,7.222533999999996,-1.8052041611360363,209.68590935000003,190.02875178,191.091155975,2.0439963127905707,270.132568,-14.331760248916009
2012-01-31,232.605072,242.944183,232.605072,241.163284,232.749069,13113944,4.211200402997502,2012,01,2012-01,10.339111000000003,3.6792886442304216,212.64417885000003,191.48216241999998,191.01977162,2.1138872272407503,270.132568,-10.724098991277494
2012-02-01,241.262222,249.127853,240.817001,245.763931,237.189194,20475253,1.907689646488646,2012,02,2012-02,8.310851999999983,1.865898839313519,215.33778695,193.200729,191.008591505,1.8989712930185865,270.132568,-9.020991870924641
2012-02-02,249.820419,250.018311,242.35055500000001,243.834625,235.327194,17569303,-0.7850240644140841,2012,02,2012-02,7.667755999999997,-2.396038732126215,217.57627645000002,194.66502282000002,191.021156735,1.8574274729574196,270.132568,-9.73519897830313
2012-02-03,244.626144,247.346954,238.096176,245.021896,236.473038,14121308,0.4869164910438826,2012,02,2012-02,9.250777999999997,0.1617782930020707,219.82960745,196.23419182,191.01066921499998,1.8567881921634235,270.132568,-9.29568477652054
2012-02-06,247.841644,250.315125,243.043121,249.078384,240.388016,11866463,1.6555614278652067,2012,02,2012-02,7.272003999999981,0.4990041140947231,222.21155855,197.79148826,191.033326225,1.8603675349928503,270.132568,-7.794019120271345
2012-02-07,252.046555,252.046555,245.467117,247.693237,239.051193,12778968,-0.5561088753490505,2012,02,2012-02,6.57943800000001,-1.7271880585711643,224.67266085,199.34482717999998,191.078739125,1.8044794644140258,270.132568,-8.306784763546164
2012-02-08,249.226791,250.710876,242.944183,247.940582,239.289917,10246037,0.09985940794984068,2012,02,2012-02,7.766693000000004,-0.5160797500297571,226.92351760000003,200.70523519999998,191.129890475,1.7984706894434221,270.132568,-8.215220461680868
2012-02-09,246.55545,256.103027,245.961807,254.569489,245.687531,16813705,2.67358693221104,2012,02,2012-02,10.141220000000004,3.250400264930261,229.5157135,202.2852877,191.164271735,1.814354497287536,270.132568,-5.761274590185656
2012-02-10,253.975861,259.120667,252.788589,254.618958,245.735275,15829072,0.01943241517053435,2012,02,2012-02,6.332078000000024,0.25321185937429824,232.04607315000004,203.95834252,191.206815455,1.8288946967258353,270.132568,-5.742961729812601
2012-02-13,254.569489,258.032349,251.057159,255.558868,246.642410,10942166,0.36914376187180753,2012,02,2012-02,6.975189999999998,0.3886479105907249,234.49480739999998,205.44836052,191.25524593499998,1.8363860680005129,270.132568,-5.395017752913081
2012-02-14,256.696686,269.806061,256.201965,265.106476,255.856888,21793874,3.7359720970434087,2012,02,2012-02,13.604096000000027,3.2761583840626542,237.176049,206.95321954,191.33286343,1.9105629047436856,270.132568,-1.860602013749044
2012-02-15,275.742401,289.593811,275.049805,284.795288,274.858765,37216737,7.426756334688724,2012,02,2012-02,14.544006000000024,3.2830957325275687,240.66116785,208.85779108,191.52059978999998,2.370497902108547,284.795288,0
2012-02-16,279.996765,281.282959,271.389069,272.972107,263.448090,22926916,-4.151466508813879,2012,02,2012-02,9.893889999999999,-2.5088354145805893,243.73074409999998,210.52985651999998,191.66623768499997,2.598255180525033,284.795288,-4.151466508813879
2012-02-17,278.413727,280.491455,268.272522,271.042786,261.586060,17046866,-0.7067832025782824,2012,02,2012-02,12.218932999999993,-2.647477579293357,246.47629465,212.2197308,191.79772724999998,2.628183273254299,284.795288,-4.828907843447202
2012-02-21,272.279541,273.071045,266.689484,268.420929,259.055695,18509808,-0.9673221850663746,2012,02,2012-02,6.381561000000033,-1.4171509125615847,249.0585975,213.96699002000003,191.92748554999997,2.6652561653970284,284.795288,-5.7495189316475015
2012-02-22,269.113495,273.071045,263.078217,265.601166,256.334290,19514897,-1.0505004250246162,2012,02,2012-02,9.992828000000031,-1.3051478522100954,251.4999122,215.76965482,192.10473439,2.6983742619235422,284.795288,-6.73962063585829
2012-02-23,265.155945,270.84491,262.880341,265.601166,256.334290,17424076,0,2012,02,2012-02,7.96456900000004,0.16790911476640802,253.80023875,217.54164853999998,192.28574292000002,2.707795296994365,284.795288,-6.73962063585829
2012-02-24,267.134705,268.86615,260.40686,262.632996,253.469711,9397628,-1.1175289795226224,2012,02,2012-02,8.45929000000001,-1.6851831363506309,255.50693280000002,219.28989684,192.47382550499998,2.6459427949906225,284.795288,-7.781832401665309
2012-02-27,265.057007,265.057007,252.640182,257.191376,248.217941,13464090,-2.0719483396518847,2012,02,2012-02,12.416824999999989,-2.9675242654498124,256.50126800000004,221.01736816000002,192.572566425,2.609413619158728,284.795288,-9.692545194076398
2012-02-28,259.664825,272.526886,259.219604,270.449158,261.013214,14977178,5.154831474598129,2012,02,2012-02,13.307281999999987,4.153174385479437,258.4528351,223.01494202,192.760451175,2.7167419916029356,284.795288,-5.037348089832165
2012-02-29,273.071045,275.841339,264.463379,268.074646,258.721497,13142282,-0.877988313056622,2012,02,2012-02,11.37796000000003,-1.8297066245159948,259.79840320000005,224.8185962,192.927163135,2.6186329662555385,284.795288,-5.87110907537208
2012-03-01,267.035767,270.993317,262.583527,264.364441,255.140732,10340977,-1.384019360040477,2012,03,2012-03,8.409789999999987,-1.0003626218356065,260.7284287,226.64500642,193.05019360499998,2.6330245649549986,284.795288,-7.173871149160314
2012-03-02,266.640015,269.113495,261.841492,264.809662,255.570389,11080128,0.16841183266398663,2012,03,2012-03,7.272002999999984,-0.6864509814852817,261.77718055,228.43876680000002,193.19983853499997,2.619078722537254,284.795288,-7.017540964371581
2012-03-05,264.166534,272.675293,263.4245,271.240662,261.777069,13871949,2.4285367653994374,2012,03,2012-03,9.250792999999987,2.6779046887142686,263.08811885,230.23054782,193.357843755,2.6564196216656923,284.795288,-4.759427761318874
2012-03-06,271.191193,276.039215,261.198395,264.166534,254.949753,11683494,-2.608063240901533,2012,03,2012-03,14.840820000000008,-2.590297613388937,263.84252635,231.85413302,193.47582814499998,2.7323817079844894,284.795288,-7.243362116300187
2012-03-07,262.187775,266.936829,259.615356,265.106476,255.856888,8605146,0.35581418500194034,2012,03,2012-03,7.321472999999969,1.1132101792312776,264.7131883,233.46089908,193.624978385,2.7244272154375793,284.795288,-6.913320841179099
2012-03-09,269.36084,278.957886,269.36084,277.671692,267.983673,12104133,4.739686555223955,2012,03,2012-03,9.597045999999978,3.085397268585891,266.19974379999996,235.4109824,193.87638181499997,2.8921625098034167,284.795288,-2.501304024384006
2012-03-12,279.996765,283.855377,274.109894,281.184021,271.373505,12373643,1.2649215246615653,2012,03,2012-03,9.745482999999979,0.42402489900195484,267.5304704,237.46890904,194.14366491,2.856109354162219,284.795288,-1.2680220327240999
2012-03-13,283.113312,284.547943,279.353638,279.996765,270.227631,9553515,-0.42223451950706364,2012,03,2012-03,5.194304999999986,-1.1008125961947086,268.79936075,239.52386783999998,194.38740063999998,2.8620182276460637,284.795288,-1.684902525494047
2012-03-14,283.459625,288.901245,282.816498,286.922455,276.911682,10136227,2.4734892919209375,2012,03,2012-03,6.084746999999993,1.2216307701670024,270.3675401,241.72624486,194.70454884999998,2.894893062596093,286.922455,0
2012-03-15,286.872986,291.028442,281.678711,287.367706,277.341431,9871044,0.1551816500385042,2012,03,2012-03,9.349730999999963,0.1724526268220921,271.4806016,243.8336411,195.03144261499997,2.8012215712236443,287.367706,0
2012-03-16,285.438385,294.689178,279.650482,283.657501,273.760651,16463280,-1.2911001906386703,2012,03,2012-03,15.038696000000016,-0.6239118820686845,271.42371225,245.66895573999997,195.32796223499997,2.288189556745138,287.367706,-1.2911001906386703
2012-03-19,284.498474,289.395935,278.364258,280.441986,270.657288,9453260,-1.1335906819541637,2012,03,2012-03,11.031677000000002,-1.4258382278704251,271.7972062,247.29649876,195.580107775,2.090676706412518,287.367706,-2.4100550811370614
2012-03-20,280.689331,282.915436,266.788422,268.519867,259.151184,18382920,-4.251189049845058,2012,03,2012-03,16.127013999999974,-4.33556343472136,271.67106025000004,248.66779058,195.84541219,2.306681542972785,287.367706,-6.558788133277586
2012-03-21,268.965088,274.505646,261.297333,273.169983,263.639038,23277086,1.73175864115858,2012,03,2012-03,13.208313000000032,1.5633608923995452,271.90851295000004,250.102403,196.14534512999998,2.3273108977672665,287.367706,-4.940611872372324
2012-03-22,271.438538,279.403137,265.155945,267.233643,257.909851,14674460,-2.1731304204093425,2012,03,2012-03,14.247192000000041,-1.5491149602345786,271.99013679999996,251.47765203999998,196.39783689,2.3700021110407814,287.367706,-7.006376353228788
2012-03-23,269.113495,272.675293,264.809662,269.806061,260.392487,12244453,0.9626100857368576,2012,03,2012-03,7.865631000000008,0.2573508994783035,272.20038155000003,252.81530432,196.67842725499997,2.3785407161776746,287.367706,-6.111210352912794
2012-03-26,269.806061,269.806061,263.473969,265.551697,256.286591,10809962,-1.5768229906443836,2012,03,2012-03,6.332091999999989,-1.5768229906443836,272.3463166,254.07182684,196.96910939999998,2.393140098437638,287.367706,-7.591670373705808
2012-03-27,270.003937,272.576355,262.979279,269.904999,260.487976,11072644,1.6393425646231081,2012,03,2012-03,9.597075999999959,-0.03664316939201979,272.98199775,255.38969151999999,197.30569914,2.3609821368044552,287.367706,-6.076781292884741
2012-03-28,269.014557,269.756592,265.650635,268.272522,258.912476,7597363,-0.6048339252879101,2012,03,2012-03,4.105956999999989,-0.27583451552773924,272.87316595000004,256.6234583,197.634225445,2.0664039344004532,287.367706,-6.644860783347735
2012-03-29,265.996918,271.092255,264.364441,269.064026,259.676331,9912451,0.29503729793095684,2012,03,2012-03,6.7278140000000235,1.1530614802085861,272.92263495000003,257.77510594,197.96324636499997,2.057402065820307,287.367706,-6.369428303123241
2012-03-30,272.081665,273.664673,270.003937,272.32901,262.827423,6411121,1.2134598773899152,2012,03,2012-03,3.660735999999986,0.09090836753001924,273.3208634,258.91982792,198.307256605,2.044824491244853,287.367706,-5.233258882610844
2012-04-02,276.929657,277.028595,272.774231,273.862549,264.307465,8010959,0.5631199555273303,2012,04,2012-04,4.25436400000001,-1.1075404610781787,273.77350775,260.16546726,198.66625600999998,2.046728829512588,287.367706,-4.699608452175902
2012-04-03,275.544495,279.007355,272.378479,278.26532,268.556641,8305886,1.6076572047096418,2012,04,2012-04,6.628875999999991,0.9874358041520629,274.12474065000004,261.40813815999996,199.04880278000002,2.0072863611934975,287.367706,-3.1675048413408096
2012-04-04,277.028595,278.809479,274.357239,275.593964,265.978485,4834356,-0.9600032084486655,2012,04,2012-04,4.4522400000000175,-0.5178638688904904,274.69611215,262.58452,199.42719405,1.920168114434127,287.367706,-4.097099901684836
2012-04-09,274.060425,275.890808,270.795441,272.675293,263.161621,3980653,-1.0590475051188049,2012,04,2012-04,5.09536700000001,-0.5054111698177505,275.07455300000004,263.70252841999996,199.81701292999998,1.9412158018326522,287.367706,-5.112757172512623
2012-04-10,273.169983,281.678711,272.576355,280.7388,270.943756,8246056,2.9571828497127592,2012,04,2012-04,9.102356000000043,2.7707352458267804,275.22790840000005,264.92541172,200.237107,1.7514702862168419,287.367706,-2.3067679010528663
2012-04-11,278.166382,283.410156,277.721161,280.046234,270.275421,9951166,-0.2466940800487853,2012,04,2012-04,5.688994999999977,0.6758012907541171,275.17101905,265.9563541,200.66412680499997,1.7296529232415447,287.367706,-2.5477713212492885
2012-04-12,282.22287,284.646881,280.986145,283.162781,273.283203,5723171,1.1128687415235758,2012,04,2012-04,3.660735999999986,0.33303856629336775,275.32931985,266.87351628,201.1094007,1.744209138279976,287.367706,-1.4632559303653985
2012-04-13,284.943695,291.473663,283.954315,286.229889,276.243317,7798081,1.0831607138369004,2012,04,2012-04,7.5193479999999795,0.4513853166675694,275.29469155000004,267.96975774,201.61943007499997,1.6695138700366703,287.367706,-0.39594462990910473
2012-04-16,286.67511,298.696198,283.805908,297.508911,287.128784,12367613,3.940546544389708,2012,04,2012-04,14.890289999999993,3.779121598662679,275.80175180000003,269.09667028,202.18070975499998,1.8881372039295876,297.508911,0
2012-04-17,300.773895,301.713806,293.501892,298.152008,287.749451,14091462,0.21616058417827075,2012,04,2012-04,8.211913999999979,-0.8717136173004504,276.52647715,270.14443181999997,202.74550169999998,1.8556890818283975,298.152008,0
2012-04-18,300.279205,307.94696,299.784515,306.462891,295.770355,17069529,2.7874650436699353,2012,04,2012-04,8.162444999999991,2.0593120992178005,277.8275224,271.39699714,203.34284469,1.9064875268311037,306.462891,0
2012-04-19,308.045898,316.900909,306.314484,315.862061,304.841644,15746331,3.0669847071304854,2012,04,2012-04,10.58642500000002,2.5373371470766863,280.19463210000004,272.81380044,203.965961145,1.6376202052737174,315.862061,0
2012-04-20,314.328522,317.34613,309.183685,313.289642,302.358948,9064027,-0.8144121493590737,2012,04,2012-04,8.162444999999991,-0.33050771001939366,282.20061505,274.0980256,204.56503539499997,1.6624328795366012,315.862061,-0.8144121493590737
2012-04-23,313.141235,316.505157,305.374542,306.462891,295.770355,7917321,-2.1790541673892947,2012,04,2012-04,11.130614999999977,-2.1326938944977916,284.16207745,275.27341868,205.123099665,1.6629722525421113,315.862061,-2.9757198348680345
2012-04-24,306.215546,310.915131,305.770294,308.540588,297.775604,6222982,0.6779603864012366,2012,04,2012-04,5.144836999999995,0.7592828092405198,286.0988038,276.4854188,205.679234535,1.6618262393036407,315.862061,-2.3179336501574874
2012-04-25,309.529968,312.102386,305.96817,310.618317,299.780853,8708476,0.6734054062281026,2012,04,2012-04,6.134216000000038,0.3516134502362607,288.35213480000004,277.60639535999996,206.24867675,1.574438232917367,315.862061,-1.6601373344423256
2012-04-26,312.547607,312.547607,307.056519,308.787933,298.014313,6841205,-0.589271108567619,2012,04,2012-04,5.4910880000000475,-1.2029124254341252,290.2962815,278.68977486,206.80847235500002,1.590578909926923,315.862061,-2.2396257333355316
2012-04-27,309.480499,310.370972,304.434631,309.332092,298.539520,5664196,0.1762241790711359,2012,04,2012-04,5.93634099999997,-0.047953586891437756,292.34926,279.76523934,207.35421866000002,1.5665971557502858,315.862061,-2.067348316327232
2012-04-30,306.710236,314.130646,306.660767,313.190704,302.263458,4698115,1.2474011264243459,2012,04,2012-04,7.469878999999992,2.112895899568208,294.5555939,280.7269239,207.91500364499998,1.567277638713182,315.862061,-0.8457353160878667
2012-05-02,309.628906,309.628906,300.427612,301.268585,290.757324,10281065,-3.8066643893747276,2012,05,2012-05,9.201293999999962,-2.7001099826254595,296.00257265,281.05638984,208.39683546,1.8665708967753962,315.862061,-4.620205400356712
2012-05-03,300.922302,301.763275,296.222717,297.756256,287.367554,10155565,-1.1658464157489123,2012,05,2012-05,5.540558000000033,-1.0521141101731948,297.19725800000003,281.55207282,208.841367395,1.9042599286685888,315.862061,-5.7321873170453275
2012-05-04,295.332275,300.477081,292.166229,298.59726,288.179138,11727629,0.28244713017885276,2012,05,2012-05,8.310852000000011,1.105529356722026,298.213855,282.1031623,209.29153890499998,1.8843077578846434,315.862061,-5.465930585439946
2012-05-07,294.738647,306.710236,288.456024,305.127197,294.481262,13212481,2.1868710382674035,2012,05,2012-05,18.254211999999995,3.5246650229754253,299.69051665,282.83728766,209.77549795,1.8987310649505995,315.862061,-3.3985924001173284
2012-05-08,304.731445,306.265015,291.869415,293.254547,283.022858,10848195,-3.8910494104529203,2012,05,2012-05,14.395600000000002,-3.7662335765841313,300.71947935000003,283.39035528,210.22774709499998,2.1163920772873808,315.862061,-7.157400901021785
2012-05-09,288.851776,294.144989,286.328827,289.742218,279.633087,11324380,-1.1977065781012501,2012,05,2012-05,7.81616200000002,0.30826952575150773,301.16965025,283.87317631999997,210.64185537,2.053692322140073,315.862061,-8.269382817710419
2012-05-10,290.929504,293.996582,284.053253,286.130951,276.147827,6723272,-1.2463723874716794,2012,05,2012-05,9.943329000000006,-1.6493868562743046,301.4738861,284.34313542,211.01574498999997,2.0766112885578054,315.862061,-9.41268790112783
2012-05-11,284.993164,298.696198,284.993164,294.342865,284.073212,8032875,2.869984519780258,2012,05,2012-05,13.703034000000002,3.2806755322734826,302.0328903,285.0861652,211.46537221999998,2.1561163635107174,315.862061,-6.812846067005168
2012-05-14,295.826965,297.459442,282.618622,287.516113,277.484619,7124356,-2.3193196818275172,2012,05,2012-05,14.840820000000008,-2.8093625609822133,302.09720150000004,285.4275043,211.898922025,2.2174469864341932,315.862061,-8.974154069108023
2012-05-15,284.943695,289.395935,281.629242,287.268768,277.245911,9218412,-0.08602822200785515,2012,05,2012-05,7.766693000000032,0.8159762931410122,301.58519435000005,285.81138674,212.36175771499998,2.019144106469539,315.862061,-9.052461985929979
2012-05-16,273.961487,274.109894,264.9086,266.145325,256.859497,23292626,-7.353198590666148,2012,05,2012-05,9.201294000000019,-2.853014883803709,299.9848602,285.84700442,212.73391592,2.57789457182652,315.862061,-15.740015069426136
2012-05-17,265.749573,272.972107,260.852112,268.272522,258.912476,13815822,0.7992614561236298,2012,05,2012-05,12.119995000000017,0.9493708575027447,298.07534175,285.91626162,213.108646605,2.4795271274924144,315.862061,-15.066557486940479
2012-05-18,262.187775,263.86972,253.283279,257.141907,248.170197,12727154,-4.148995550129423,2012,05,2012-05,10.58644099999998,-1.9245245130136157,295.13933405,285.63428652,213.407985975,2.437382232510994,315.862061,-18.59044223737905
2012-05-21,257.438721,261.44574,255.360992,259.071198,250.032181,7933464,0.7502826056275524,2012,05,2012-05,6.0847479999999905,0.6341225568783005,292.42841185000003,285.5323798,213.707622055,2.468372040418612,315.862061,-17.979640486167792
2012-05-22,264.067596,266.788422,260.604767,262.286713,253.135498,8598735,1.241170390542618,2012,05,2012-05,6.183655000000044,-0.6744042158053957,290.21960294999997,285.47598454,214.056331775,2.494598567044714,315.862061,-16.961628069665498
2012-05-23,259.318542,262.632996,256.746155,258.675446,249.650238,7857292,-1.3768394741368382,2012,05,2012-05,5.886841000000004,-0.24799460734279358,287.72634585000003,285.09605962,214.40217231,2.4751483439541824,315.862061,-18.10493315308291
2012-05-24,260.011108,265.205414,254.173737,264.166534,254.949753,8885965,2.122771250580927,2012,05,2012-05,11.03167700000003,1.5981724903845393,285.40375670000003,284.75570988,214.78239394,2.5423338557868482,315.862061,-16.366488218412524
2012-05-25,262.92981,268.915619,259.565887,266.194794,256.907227,5253962,0.7677959691896433,2012,05,2012-05,9.349732000000017,1.2417701895422306,283.27409975,284.47967046,215.17532935,2.565562130591548,315.862061,-15.724353486061748
2012-05-28,267.827271,274.703522,265.205414,273.664673,264.116516,8186826,2.806170206318908,2012,05,2012-05,9.498108000000002,2.179539812433812,281.49072880000006,284.21451482,215.59235633,2.6781629139075,315.862061,-13.359435402404973
2012-05-29,277.919037,280.095703,270.152344,272.8237,263.304871,12691931,-0.30730053345249264,2012,05,2012-05,9.943358999999987,-1.8333889808347419,279.4723786,283.9236347,216.010224295,2.6448108088323394,315.862061,-13.625682319599633
2012-05-30,256.251434,257.042969,238.986633,240.470718,232.080658,40931062,-11.858567272564652,2012,05,2012-05,18.056336000000016,-6.158293732709418,276.43248525,283.05989904,216.29427756,3.5929230391139826,315.862061,-23.868438887948617
2012-05-31,235.375366,236.562622,227.856018,230.527359,222.484238,37837266,-4.134956256919404,2012,05,2012-05,8.706603999999999,-2.059691752109702,273.0710404,282.06160650000004,216.542663335,3.6584338107919923,315.862061,-27.016445637641805
2012-06-01,232.506134,233.495529,220.188263,222.167038,214.415588,24109675,-3.626606853202183,2012,06,2012-06,13.307265999999998,-4.446805691586619,269.2495293,281.13454992,216.773339145,3.6791644968002633,315.862061,-29.66327222185763
2012-06-04,218.011612,227.954956,214.944504,226.421402,218.521515,18637993,1.9149393349701183,2012,06,2012-06,13.010452000000015,3.8574963612488613,265.31423955,280.1995783,217.086529835,3.6656886083388676,315.862061,-28.316366554703126
2012-06-05,225.778305,226.916092,218.704178,219.297806,211.646484,15562153,-3.1461672514508994,2012,06,2012-06,8.211913999999979,-2.8702930514072116,261.6164025,279.24086156,217.39739546500002,3.6429070865882074,315.862061,-30.57165355480916
2012-06-06,220.781891,233.891281,220.781891,231.912506,223.821045,27016727,5.752314731320203,2012,06,2012-06,13.10938999999999,5.041452878941056,258.72491690000004,278.48299046,217.72171683,3.9770217698037635,315.862061,-26.57791655453042
2012-06-07,233.050308,236.364746,229.587448,233.94075,225.778503,13735046,0.8745729305344149,2012,06,2012-06,6.777298000000002,0.3820814517009809,256.11540685,277.85077152,218.051430345,3.999136011404257,315.862061,-25.935786887681957
2012-06-08,231.516754,237.40361,230.428421,236.661575,228.404419,10482024,1.1630402142422775,2012,06,2012-06,6.975189,2.222224055542869,253.23134235000003,277.18590304,218.44322798000002,3.93157298307355,315.862061,-25.074390304823595
2012-06-11,238.442459,241.36116,231.121002,233.000839,224.871429,9973988,-1.5468231376386243,2012,06,2012-06,10.240158000000008,-2.2821522738951456,250.50557865000002,276.48046938,218.81518835,3.921797567863931,315.862061,-26.233356971605392
2012-06-12,230.230545,241.212753,230.082138,240.371765,231.985184,13088053,3.163476162418452,2012,06,2012-06,11.130615000000006,4.404810838631339,248.1607285,275.90662416,219.24646246,4.026252409940446,315.862061,-23.899766803585816
2012-06-13,241.410629,241.410629,233.742874,234.880676,226.685669,9961504,-2.284415143350974,2012,06,2012-06,7.667755,-2.7049152835768497,246.59749605000002,275.15765748,219.67679669999998,3.742014143441824,315.862061,-25.638212054850108
2012-06-14,235.474304,236.90892,223.205887,224.29422,216.468567,12796631,-4.50716345860653,2012,06,2012-06,13.703033000000005,-4.7478997963191745,244.39858095,274.16629090000004,220.09347738,3.8281624252826276,315.862061,-28.989819388280374
2012-06-15,225.679367,238.887695,225.679367,237.749893,229.454758,16572219,5.999117141761384,2012,06,2012-06,13.208327999999995,5.348528826740272,243.42898025,273.35598236000004,220.55304799499999,4.030748169902538,315.862061,-24.72983547080699
2012-06-18,240.421234,245.368179,231.764099,235.424835,227.210831,18359404,-0.977942816571524,2012,06,2012-06,13.60408000000001,-2.0781854068680126,242.2466621,272.55259978000004,221.01029355499998,4.025305218306364,315.862061,-25.465934637841798
2012-06-19,236.463684,240.025482,233.742874,235.622711,227.401825,10551632,0.08405060579101943,2012,06,2012-06,6.28260800000001,-0.3556457320524496,240.91346200000004,271.81154814,221.49509359,4.008786029764262,315.862061,-25.40328830438423
2012-06-20,238.442459,244.774551,237.453079,243.339935,234.849777,13310576,3.275246247378924,2012,06,2012-06,7.321472,2.0539445954967204,240.14668645,271.06357084,222.00512304,4.086746352227368,315.862061,-22.9600623039055
2012-06-21,242.35055500000001,247.149078,240.074951,245.566055,236.998230,11344719,0.914819016451208,2012,06,2012-06,7.074127000000004,1.3267970440587566,239.21666250000004,270.37396726,222.541865895,4.059081256214753,315.862061,-22.255286303599465
2012-06-22,242.251602,248.534225,239.728668,244.477737,235.947876,12999744,-0.4431874755653892,2012,06,2012-06,8.805556999999993,0.9189350995499297,238.13080965,269.60026638,223.041358385,4.051595476663409,315.862061,-22.59984113761608
2012-06-25,245.763931,249.226791,242.400024,243.58728,235.088501,11474845,-0.36422825690668015,2012,06,2012-06,6.82676699999999,-0.8856673927469125,236.62694000000002,268.7474142,223.52487218,3.983291755230046,315.862061,-22.881754387083543
2012-06-26,242.894714,246.159698,241.509567,244.08197,235.565933,4864293,0.20308531709866784,2012,06,2012-06,4.650130999999988,0.4887944988378871,235.18985350000003,267.67887537999997,223.99854153500002,3.9862439065608273,315.862061,-22.72513855343962
2012-06-27,245.368179,246.505981,235.721649,236.661575,228.404419,9351574,-3.0401241845106433,2012,06,2012-06,10.784331999999978,-3.5483835090123885,234.99939635,266.44906672,224.43664249999998,3.03539395584416,315.862061,-25.074390304823595
2012-06-28,236.265808,239.431854,230.280014,237.799362,229.502518,14884028,0.48076541365027387,2012,06,2012-06,9.151839999999993,0.6490799548955511,235.3629965,265.07579614,224.86796612499998,2.878799841477092,315.862061,-24.714173887442588
2012-06-29,240.421234,243.636749,237.947769,239.877075,231.507751,13286035,0.8737252205075254,2012,06,2012-06,5.688980000000015,-0.22633566550948142,236.24849835,263.55609642,225.306413315,2.7367929377212894,315.862061,-24.05638263722974
2012-07-02,237.205734,239.877075,235.02908300000001,235.424835,227.210831,9325132,-1.856050645940213,2012,07,2012-07,4.8479919999999765,-0.7507824410349225,236.69867,261.99880028,225.701278045,2.7581564266412357,315.862061,-25.465934637841798
2012-07-03,237.799362,238.838226,232.605072,235.02908300000001,226.828888,9242399,-0.1681012115820268,2012,07,2012-07,6.233153999999985,-1.1649648580638277,237.48523385000004,260.57012412,226.1196407,2.644281342377092,315.862061,-25.591227304756924
2012-07-04,235.622711,238.689819,233.050308,233.693405,225.539810,10654075,-0.5683032852576808,2012,07,2012-07,5.639510999999999,-0.818811561844731,237.5742788,259.07318046,226.56412319499998,2.327069977207397,315.862061,-26.014094804503912
2012-07-05,233.693405,238.096176,232.060913,237.453079,229.168320,11523077,1.6088062048648697,2012,07,2012-07,6.035263000000015,1.6088062048648697,237.74989525,257.60987570000003,227.06079585999998,2.3462468103425196,315.862061,-24.82380497099333
2012-07-06,238.442459,241.113815,234.880676,238.096176,229.788986,12442040,0.2708311901906362,2012,07,2012-07,6.233138999999994,-0.14522707132457463,237.8216253,256.19604056000003,227.54633793000002,2.3334276617727157,315.862061,-24.620204387256237
2012-07-09,235.67218,240.718063,235.67218,238.294052,229.979965,10330684,0.08310759262256252,2012,07,2012-07,5.0458830000000034,1.1125080609853892,238.08628595,254.77527976000002,227.98983097,2.3027679165623156,315.862061,-24.55755805379868
2012-07-10,239.877075,245.763931,239.283447,243.884094,235.374969,12579287,2.3458588047342497,2012,07,2012-07,6.480484000000018,1.670446831986764,238.2619024,253.38914756000003,228.40858936,2.2529366817977334,315.862061,-22.78778488689719
2012-07-11,241.707443,243.686218,237.255203,238.887695,230.552872,8793244,-2.048677680472264,2012,07,2012-07,6.431015000000002,-1.1665954366163247,238.46225335,252.14152976000003,228.80310778999998,2.2404064991840835,315.862061,-24.369614304517558
2012-07-12,237.947769,238.244583,233.297653,234.287033,226.112747,9513820,-1.925868136489826,2012,07,2012-07,4.946930000000009,-1.5384619975150873,238.96189400000003,250.8721453,229.15236171,2.024472402816341,315.862061,-25.82615580413122
2012-07-13,233.495529,235.968994,231.764099,233.44606,225.301102,8303185,-0.3589498698376617,2012,07,2012-07,4.204895000000022,-0.021186272907185385,238.74670235000002,249.5691213,229.50408908,1.5045124881889043,315.862061,-26.092402721325875
2012-07-16,234.979614,235.771118,226.174057,226.817154,218.903473,8741929,-2.8395878688207463,2012,07,2012-07,9.597060999999997,-3.4736885728308375,238.3163183,248.00292044000003,229.87313074999997,1.6163842529933266,315.862061,-28.191073887787997
2012-07-17,229.439041,229.884262,222.859604,223.502716,215.704681,12015166,-1.4612818922857995,2012,07,2012-07,7.0246580000000165,-2.5873212222849253,237.71031855,246.60788381999998,230.264186355,1.640177785740389,315.862061,-29.24040472211064
2012-07-18,221.375519,221.523941,216.082306,219.248337,215.413071,11897419,-1.9035021480454852,2012,07,2012-07,5.441635000000019,-0.960893060627903,236.50573865,245.1980062,230.634464755,1.4522185414034117,315.862061,-30.587315138173558
2012-07-19,222.117569,224.096344,221.424988,222.414383,218.523712,6677436,1.4440456166379017,2012,07,2012-07,2.6713559999999745,0.13362923128335855,235.34815505,243.92367484,230.97605090500002,1.484017487829246,315.862061,-29.584964305035673
2012-07-20,221.622879,223.05748,219.693573,221.029236,217.162781,3940979,-0.6227776195570901,2012,07,2012-07,3.3639070000000117,-0.2678617851544174,234.17573000000002,242.45740226,231.30922725,1.484304783853114,315.862061,-30.02349338814705
2012-07-23,218.555771,218.654709,212.718384,213.757233,210.017990,5761220,-3.2900638538152407,2012,07,2012-07,5.936325000000011,-2.1955668239938535,232.68422765,240.98222465999999,231.58205089,1.609883103320108,315.862061,-32.32576513834625
2012-07-24,214.202469,215.488663,211.085892,213.559357,209.823593,7368372,-0.09257043479787555,2012,07,2012-07,4.402771000000001,-0.30023556824641556,231.158097,239.50803643999998,231.87787784,1.6030901177733683,315.862061,-32.38841147180382
2012-07-25,211.432175,212.91626,208.859772,210.739609,207.053162,6799635,-1.3203579742937717,2012,07,2012-07,4.056488000000002,-0.32755941710385345,229.86199870000002,238.39992212,232.17172603,1.5118598692160337,315.862061,-33.281126472482555
2012-07-26,209.849152,211.036423,200.895203,202.923447,199.373718,14572162,-3.7089192853157433,2012,07,2012-07,10.141220000000004,-3.300325464264918,228.11820295,237.09294062,232.460627325,1.6435056516071973,315.862061,-35.75567563969007
2012-07-27,208.266144,213.114136,206.979935,210.591202,206.907333,11852257,3.778644170183054,2012,07,2012-07,6.13420099999999,1.1163878849171054,226.65390930000004,236.16192652,232.78440448499998,1.904672678011758,315.862061,-33.32811122257572
2012-07-30,214.103531,220.435608,213.064667,219.347275,215.510254,9094027,4.157853185148725,2012,07,2012-07,7.370941000000016,2.4491627837749173,225.8500313,235.36744806,233.09383548499997,2.158947673073667,315.862061,-30.555991971444772
2012-07-31,219.644104,224.591034,214.845566,223.848999,219.933228,11297966,2.052327296976904,2012,07,2012-07,9.745468000000017,1.9144128721980143,225.2910271,234.59869378,233.36839061499998,2.2238799985102493,315.862061,-29.130773638559905
2012-08-01,222.167038,227.26239,220.83136,224.937317,221.002487,10425962,0.4861839922724047,2012,08,2012-08,6.431030000000021,1.2469352001713307,224.8532227,233.9239312,233.61870571,2.2276837326597256,315.862061,-28.786218804543285
2012-08-02,223.700592,224.591034,219.248337,220.33667,216.482330,5808700,-2.045301802901832,2012,08,2012-08,5.342697000000015,-1.5037608841017294,223.99740225,233.04733392000003,233.82622982,2.2241975030597176,315.862061,-30.24275555524853
2012-08-03,218.654709,219.644104,213.856171,218.60524,214.781189,7327872,-0.7858110953569322,2012,08,2012-08,5.7879330000000095,-0.02262425548767293,223.02285545,232.09554284,234.04933674,2.221223185689614,315.862061,-30.79091572191064
2012-08-06,224.096344,227.509735,223.700592,226.619278,222.655045,7596745,3.665986231620065,2012,08,2012-08,3.809143000000006,1.1258255957982166,222.43911674999998,231.15463494,234.29173672000002,2.399778003520149,315.862061,-28.25372022124556
2012-08-07,228.894867,236.958389,228.647522,236.265808,232.132843,12277598,4.256711999585483,2012,08,2012-08,8.310867000000002,3.220229923286129,222.05820245,230.4234771,234.542546505,2.5413259192638655,315.862061,-25.199687720647145
2012-08-08,237.601486,243.191528,237.156265,238.937164,234.757462,15104047,1.130657043697158,2012,08,2012-08,6.035263000000015,0.5621505245973089,222.06067590000004,230.39280602,234.840599635,2.5141580886511514,315.862061,-24.35395272115317
2012-08-09,239.827606,243.389404,229.191696,236.760513,232.618896,29687040,-0.9109721416129275,2012,08,2012-08,14.197708000000006,-1.278874042548713,222.1843499,230.51746910000003,235.099571955,2.4826298345140296,315.862061,-25.04306713809481
2012-08-10,233.792343,234.385971,228.301239,229.48851,225.474075,11210638,-3.0714593864729514,2012,08,2012-08,6.0847320000000025,-1.840878509866338,221.9864724,230.66389854000002,235.34122997499998,2.5801414279135364,315.862061,-27.345338888294023
2012-08-13,228.647522,229.043274,221.32605,225.827774,221.877380,9158452,-1.5951718018475023,2012,08,2012-08,7.717223999999987,-1.233229197209495,221.9370034,230.65202598,235.58907162,2.5238209601572006,315.862061,-28.50430555507582
2012-08-14,225.085724,233.396591,225.085724,232.506134,228.438934,8542236,2.957280179363588,2012,08,2012-08,8.310867000000002,3.2967039704392818,222.38717430000003,230.91619254,235.830729565,2.5811583244399245,315.862061,-26.389977554157728
2012-08-16,232.555603,237.205734,229.735855,232.95137,228.876373,12083860,0.19149430268364198,2012,08,2012-08,7.46987900000002,0.17018166618845407,223.07232595,230.93696982,236.04666347999998,2.5320991449391923,315.862061,-26.249018554969787
2012-08-17,234.188095,240.718063,234.039688,237.650955,233.493759,12816446,2.01741032903134,2012,08,2012-08,6.678374999999988,1.4786661123828715,223.83415455,231.01117392,236.211891215,2.5485223230685943,315.862061,-24.761158637535765
2012-08-21,238.541397,244.626144,238.541397,243.58728,239.326233,9961580,2.497917586739755,2012,08,2012-08,6.0847470000000214,2.1153070550685187,224.96205675000002,231.14968801999999,236.44810757,2.580353883789357,315.862061,-22.881754387083543
2012-08-22,242.053726,247.248016,241.410629,245.467117,241.173172,8780180,0.771730362931927,2012,08,2012-08,5.837387000000007,1.410179077350782,226.54755095000002,231.39901358,236.71845775999998,2.4196520926934255,315.862061,-22.286609470328248
2012-08-23,244.873489,245.664993,241.014877,242.696838,238.451370,10646487,-1.1285743825312406,2012,08,2012-08,4.650115999999997,-0.8888879759458127,228.004425,231.44551504,236.981634945,2.448913662896085,315.862061,-23.16366288764258
2012-08-24,240.421234,245.8134,238.838226,243.438873,239.180405,8630281,0.3057456397515929,2012,08,2012-08,6.97517400000001,1.255146623197185,229.63938820000004,231.61667898,237.265341915,2.4059762844249097,315.862061,-22.928739137176716
2012-08-27,243.290466,244.08197,237.650955,238.491928,234.320007,6697001,-2.0321097197981195,2012,08,2012-08,6.431015000000002,-1.972349380924778,231.41781225,231.90063314,237.5272823,2.2676132253007912,315.862061,-24.494911720341108
2012-08-28,236.859451,237.848831,232.654541,234.781738,230.674728,7092818,-1.5556878721698335,2012,08,2012-08,5.194289999999995,-0.8771923565760595,232.62733905,231.84127004,237.76275662,2.21629380951009,315.862061,-25.669535221578887
2012-08-29,234.484909,234.484909,229.636917,230.923111,226.883606,6451372,-1.643495372710796,2012,08,2012-08,4.8479919999999765,-1.5189881579969744,233.20613085,231.75123556,238.00342518499997,2.0982661137267336,315.862061,-26.89115297072667
2012-08-30,228.696991,236.661575,227.361328,234.237564,230.140076,8955071,1.4353058841304047,2012,08,2012-08,9.300247000000013,2.422669828655505,233.7255591,231.72353262000001,238.276990935,2.075218146248223,315.862061,-25.841817387495613
2012-08-31,234.089157,235.67218,228.202301,231.813568,227.758469,6881868,-1.0348451198886224,2012,08,2012-08,7.469878999999992,-0.9721035477093869,234.06937165,231.49300528,238.556492965,2.093794222411807,315.862061,-26.609239721259204
2012-09-03,233.693405,236.859451,226.223526,228.449646,224.453415,8998041,-1.4511324893631776,2012,09,2012-09,10.635925000000015,-2.243862637030776,234.47502045000002,231.1506771,238.802108505,2.0647004913735714,315.862061,-27.674236887854658
2012-09-04,228.350708,233.000839,227.70761100000001,232.357727,228.293121,6006269,1.710696894667112,2012,09,2012-09,5.293227999999999,1.7547653060046626,235.1626448,230.90827690000003,239.06207013,2.0773248298935836,315.862061,-26.436962304250898
2012-09-05,229.933731,232.70401,225.184662,226.272995,222.314819,6181538,-2.6186914799695913,2012,09,2012-09,7.519348000000008,-1.5920830684907148,235.14533065,230.56199120000002,239.32697873,2.0200254442280006,315.862061,-28.363351304796296
2012-09-06,224.393158,232.308258,222.661728,230.576828,226.543365,9322795,1.9020533139626306,2012,09,2012-09,9.646529999999984,2.7557301903117772,234.86088165,230.29188836,239.63739911000002,1.818115868477409,315.862061,-27.00078405427741
2012-09-07,236.958389,241.559036,236.018463,240.718063,236.507202,13411363,4.398202147181934,2012,09,2012-09,5.540572999999995,1.5866389098382963,234.94992660000003,230.37301812,240.041811415,2.065132066874831,315.862061,-23.79013097112666
2012-09-10,242.5979,247.198547,240.025482,246.258636,241.950851,8956200,2.301685603045084,2012,09,2012-09,7.17306499999998,1.5089726662926537,235.42483275,230.5422036,240.420004925,2.110305456921743,315.862061,-22.03601938758957
2012-09-11,243.389404,248.237411,243.09259,247.149078,242.825714,8887159,0.36158813126862577,2012,09,2012-09,5.144821000000007,1.5447155620628372,236.30786115,230.68764366,240.82293308500002,1.9631572571430986,315.862061,-21.75411088703052
2012-09-12,248.336349,261.495209,248.28688,260.45636,255.900208,14929009,5.384313835069219,2012,09,2012-09,13.208328999999992,4.880482075541831,238.03929045,231.18827416,241.269147075,2.1980654818584067,315.862061,-17.54110665414799
2012-09-13,261.594147,261.643616,254.866302,256.647217,252.157684,8498861,-1.4624879960696702,2012,09,2012-09,6.777314000000018,-1.891070597997748,239.24634460000001,231.62063684,241.70225170499998,2.185398709879885,315.862061,-18.747058071022963
2012-09-14,262.187775,269.113495,260.307922,267.431519,262.753357,14965006,4.201994522309574,2012,09,2012-09,8.805572999999981,1.999995613830581,240.97035205000003,232.29539912,242.139808395,2.3329216881370796,315.862061,-15.332813901951969
2012-09-17,273.367859,286.229889,271.784821,274.901398,270.092590,22424239,2.7931931987418404,2012,09,2012-09,14.445067999999992,0.5609799943598937,242.83287420000002,233.0443655,242.636481065,2.3619315294881833,315.862061,-12.967895818295194
2012-09-18,272.378479,275.495026,269.657654,270.597565,265.864044,11982766,-1.565591528930674,2012,09,2012-09,5.837372000000016,-0.6538380001747687,244.18338845000002,233.69439328,243.13463780499998,2.3789943372780273,315.862061,-14.330463068814083
2012-09-20,266.145325,275.495026,264.9086,268.717743,264.017059,12655817,-0.6946928735297342,2012,09,2012-09,10.586426000000017,0.9665463783742849,245.34591975000004,234.30286710000001,243.57293668,2.3944681767995735,315.862061,-14.925603236660956
2012-09-21,269.608185,274.258301,268.025177,272.526886,267.759613,14142394,1.4175256748863085,2012,09,2012-09,6.233124000000032,1.0825713618449673,246.83742215,234.87572294,243.986253485,2.37200213781465,315.862061,-13.719651819785977
2012-09-24,271.883789,276.929657,269.410309,270.795441,266.058441,11404905,-0.6353299762137993,2012,09,2012-09,7.519348000000036,-0.4002989674386201,248.20525055000002,235.51387785999998,244.39239713499998,2.3875897799067336,315.862061,-14.267816735356515
2012-09-25,271.290131,272.972107,263.671844,266.046387,261.392487,6942239,-1.7537422278833716,2012,09,2012-09,9.300262999999973,-1.9328915433344653,249.58297350000004,236.14906494,244.775784895,2.3724433579375144,315.862061,-15.771338236154927
2012-09-26,263.86972,265.601166,259.615356,260.307922,255.754379,6749862,-2.1569415261406886,2012,09,2012-09,5.985809999999958,-1.3498320307460643,250.8592827,236.68630217999998,245.144579145,2.4044510395710423,315.862061,-17.588101218651886
2012-09-27,261.44574,264.364441,255.855698,257.042969,252.546539,10587573,-1.2542657076721588,2012,09,2012-09,8.50874300000001,-1.684009462154546,252.1652756,237.29081848,245.52450414999998,2.3873238243024506,315.862061,-18.621765404107826
2012-09-28,261.396271,269.113495,260.357391,264.710724,260.080109,11663992,2.98306350484148,2012,09,2012-09,8.756103999999993,1.2679802153719377,253.6889336,238.11497864,245.97071814,2.4415275871753965,315.862061,-16.194200986993483
2012-10-01,265.155945,273.268921,265.155945,271.784821,267.030518,9521185,2.672387764690634,2012,10,2012-10,8.112976000000003,2.49999146728543,255.68749625,239.16570832000002,246.444634845,2.4482919671050656,315.862061,-13.954585068068672
2012-10-03,272.081665,273.071045,267.332581,270.597565,265.864044,9234921,-0.43683675770842534,2012,10,2012-10,5.738464000000022,-0.5454612312814288,257.7948922,240.12937196,246.921519765,2.4088118869861224,315.862061,-14.330463068814083
2012-10-04,272.32901,276.039215,270.251282,271.389069,266.641663,7662621,0.29250226253884876,2012,10,2012-10,5.7879330000000095,-0.3451490533454281,259.7464593,241.13656862,247.42437606,2.403859779359157,315.862061,-14.079877734983809
2012-10-05,273.565735,279.502075,217.121155,277.572754,272.717224,17278699,2.2785313435007835,2012,10,2012-10,62.38092,1.4647371681983334,262.31144725,242.41287904,247.95938750499997,2.282981998539027,315.862061,-12.12216081880122
2012-10-08,278.463196,280.689331,268.124115,269.558716,264.843353,7672267,-2.887184669429036,2012,10,2012-10,12.565215999999964,-3.1977224020656494,264.26054165,243.53286622,248.4177214,2.435156124182024,315.862061,-14.659356319466294
2012-10-09,272.279541,275.29715,263.276093,266.837891,262.170135,7948882,-1.00936265032513,2012,10,2012-10,12.021056999999985,-1.9985526565875846,265.56653305,244.65483186,248.88669120499998,2.3131548542950675,315.862061,-15.520752902324656
2012-10-10,264.265503,270.102875,263.770782,264.611786,259.982941,7446704,-0.8342537079938239,2012,10,2012-10,6.332092999999986,0.13103602099740244,266.48419055,245.88859864000003,249.33414192,2.2937658198940905,315.862061,-16.225524153722276
2012-10-11,265.848511,271.982727,262.385651,270.894379,266.155640,7936504,2.3742680154088145,2012,10,2012-10,9.597076000000015,1.8980237959655306,267.6714556,247.09466218,249.78035576,2.336451325853711,315.862061,-14.236493568627722
2012-10-12,270.894379,271.438538,267.035767,268.37146,263.676849,7601135,-0.931329402002838,2012,10,2012-10,4.402770999999973,-0.931329402002838,268.0672106,248.07514588,250.20727669,2.04854139015083,315.862061,-15.035234320211686
2012-10-15,267.777802,268.37146,263.375031,266.541077,261.878510,4803032,-0.6820334025086126,2012,10,2012-10,4.996429000000035,-0.46184746859638326,268.5619036,248.92898744000001,250.61614121,2.023091311145235,315.862061,-15.614722402511017
2012-10-16,262.187775,263.127686,258.428101,259.516418,254.976700,9626107,-2.6354883378819642,2012,10,2012-10,4.699584999999956,-1.0188716846161117,268.16614855,249.62056946,251.01288567,1.8858068715049963,315.862061,-17.838686552482162
2012-10-17,262.187775,264.859131,258.230225,262.088837,257.504150,7653892,0.9912355525807331,2012,10,2012-10,6.628905999999972,-0.03773555040847177,267.52552049999997,250.4556128,251.43189141,1.7786308198912921,315.862061,-17.02427440312307
2012-10-18,263.177155,268.915619,263.177155,267.38205,262.704773,6699061,2.019625505835634,2012,10,2012-10,5.738463999999965,1.5977431627756462,267.36474475,251.431149,251.882557535,1.8165011934743909,315.862061,-15.348475485316357
2012-10-19,267.134705,270.498627,263.721313,266.145325,261.489685,3971067,-0.4625310487371828,2012,10,2012-10,6.77731399999999,-0.3703674518816201,267.23612385,252.22166994,252.32926614,1.8128631193207174,315.862061,-15.740015069426136
2012-10-22,264.661255,265.848511,261.792023,264.216003,259.594086,4518858,-0.7249129775245962,2012,10,2012-10,4.056488000000002,-0.16823467416867732,266.8205797,252.78067384000002,252.740356685,1.7857669142570287,315.862061,-16.350826635048136
2012-10-23,263.177155,264.314972,260.307922,261.792023,257.212524,3154106,-0.9174236126795198,2012,10,2012-10,4.0070499999999925,-0.5263116397774174,266.3704088,253.23777102,253.089857955,1.790994601794722,315.862061,-17.11824390330943
2012-10-25,261.792023,262.731934,257.48819,258.47757,253.956039,7612764,-1.2660634048425372,2012,10,2012-10,5.243744000000049,-1.2660634048425372,265.99196795,253.67211215999998,253.38692163,1.7712756485894159,315.862061,-18.16757948654048
2012-10-29,259.318542,261.544678,251.50238,254.02533,249.581680,4740882,-1.7224860168717997,2012,10,2012-10,10.042297999999988,-2.041200740670516,265.67783835,254.16284856,253.65727189999998,1.747606619144076,315.862061,-19.57713148715255
2012-10-30,254.421082,255.014709,242.400024,245.021896,240.735733,9663502,-3.5443056013351106,2012,10,2012-10,12.614685000000009,-3.6943424366067332,265.0767847,254.546731,253.87518457,1.8954545392010325,315.862061,-22.427563720607772
2012-10-31,245.368179,252.590714,245.120834,252.046555,247.637527,9220851,2.866951531548027,2012,10,2012-10,7.469879999999989,2.7217775455716344,264.44357625000004,254.93753942,254.14306139,1.885271103307111,315.862061,-20.20359957063662
2012-11-01,254.272675,266.689484,254.272675,264.611786,259.982941,10581994,4.985281786533437,2012,11,2012-11,12.416809,4.066151032548033,264.0849245,255.57074774,254.451503085,2.1278724355325394,315.862061,-16.225524153722276
2012-11-02,269.113495,269.113495,262.286713,267.184174,262.510345,11189638,0.9721365925854828,2012,11,2012-11,6.82678199999998,-0.7169172248311129,263.91425495000004,256.16141211999997,254.7737961,2.139852101069953,315.862061,-15.411121818773923
2012-11-05,267.134705,271.784821,263.721313,266.936829,262.267303,7893034,-0.09257471963889437,2012,11,2012-11,8.063508000000013,-0.07407349037632828,263.69164295,256.6284031,255.08842141999997,2.1384173525141223,315.862061,-15.48942973559588
2012-11-06,266.145325,269.558716,262.286713,264.117065,259.496887,9670450,-1.0563413113744466,2012,11,2012-11,7.272002999999984,-0.7620874046913989,263.0188585,257.00140206,255.37608583000002,2.0754750286715127,315.862061,-16.38214980177691
2012-11-07,263.968658,270.449158,263.721313,266.491608,261.829895,9780477,0.8990494423372303,2012,11,2012-11,6.727845000000002,0.9557763482663083,262.8655031,257.47729746,255.65113565,1.9911028355131908,315.862061,-15.630383985875405
2012-11-08,264.661255,282.470215,262.484589,280.936676,276.022308,24674466,5.420458868633489,2012,11,2012-11,19.985625999999968,6.149529140561204,263.57044235,258.22725352000003,255.98035447499998,2.3183047977448696,315.862061,-11.057163652205768
2012-11-09,280.986145,281.579773,276.138153,277.622223,272.765808,7264686,-1.1797865081880436,2012,11,2012-11,5.44162,-1.1971842953324272,264.2209642,259.00985942,256.31056268,2.328334609302271,315.862061,-12.106499235436814
2012-11-12,275.989746,280.887207,275.148743,277.77063,272.911621,7007130,0.053456455465369326,2012,11,2012-11,5.738463999999965,0.6452717993370513,264.56477675,259.86963726,256.618756955,2.2749357017561973,315.862061,-12.059514485343652
2012-11-15,270.102875,271.883789,266.936829,269.36084,264.648926,13209072,-3.02760230626254,2012,11,2012-11,4.94695999999999,-0.2747231031879935,264.61424575,260.63839184,256.881686795,2.373516127509025,315.862061,-14.722002652923862
2012-11-16,270.102875,271.389069,260.208984,262.187775,257.601349,7400661,-2.6629947396956473,2012,11,2012-11,11.18008500000002,-2.9304019810970154,264.39658065,261.19739606,257.10875131,2.4456812695940675,315.862061,-16.992951236394294
2012-11-19,262.43512,264.314972,259.219604,261.297333,256.726471,6687932,-0.3396199536763327,2012,11,2012-11,5.095368000000008,-0.4335498236668945,264.4856264,261.78707136,257.31726480000003,2.370883882997818,315.862061,-17.274859736953342
2012-11-20,265.205414,267.480988,258.922791,263.276093,258.670624,6937720,0.7572828919765602,2012,11,2012-11,8.558197000000007,-0.7274817549539225,264.54498920000003,262.4836003,257.49114969,2.3666237858271986,315.862061,-16.648396402377678
2012-11-21,264.067596,265.155945,261.198395,262.682465,258.087402,5341383,-0.22547736607441368,2012,11,2012-11,3.9575499999999693,-0.5245365281395606,264.31000995,263.09009506,257.61803865499996,2.321032718150026,315.862061,-16.836335402750382
2012-11-22,261.44574,265.551697,254.668427,256.004089,251.525818,7592394,-2.542376020416878,2012,11,2012-11,10.883269999999982,-2.0813691590461483,263.80294815,263.68471694,257.74097001999996,2.385554079221236,315.862061,-18.950668469170775
2012-11-23,253.283279,259.071198,253.283279,257.735535,253.226990,8584881,0.6763352908788911,2012,11,2012-11,5.787918999999988,1.7578167882136564,263.47892475,264.22789108,257.82383127500003,2.3888920489873864,315.862061,-18.402503237006346
2012-11-26,259.219604,264.364441,258.97226,260.40686,255.851563,7711505,1.0364597182922284,2012,11,2012-11,5.392180999999994,0.45801165563079504,263.4096666,264.62166701999996,257.89704592,2.3935356346541536,315.862061,-17.55677805192311
2012-11-27,261.544678,265.057007,260.95105,263.820251,259.205261,8565140,1.3107915052621848,2012,11,2012-11,4.105956999999989,0.8700513493147847,263.67680065,264.97289932,257.99697405,2.3911292931039267,315.862061,-16.476119301963273
2012-11-29,265.155945,276.731781,264.760193,275.495026,270.675842,20224810,4.425276284040838,2012,11,2012-11,11.971587999999997,3.8992454044355003,264.75028545,265.53981828,258.1493397,2.5315885872237605,315.862061,-12.77995681792249
2012-11-30,275.049805,280.986145,269.064026,270.548096,265.815430,71756552,-1.795651294263298,2012,11,2012-11,11.92211900000001,-1.6366886717116578,266.02659545,265.741653,258.25668826000003,2.4143458446708284,315.862061,-14.34612465217847
2012-12-03,270.102875,273.862549,268.223053,269.212433,264.503143,9740016,-0.49368782103719216,2012,12,2012-12,5.639496000000008,-0.32966772382560067,266.88488935,265.99295731999996,258.36428423999996,2.359016052779369,315.862061,-14.768987403017043
2012-12-04,270.35022,272.477417,266.442139,268.668274,263.968475,6787421,-0.20212996626347463,2012,12,2012-12,6.035278000000005,-0.6221359834661804,267.08771375000003,266.01769242,258.4679227,2.0934759735215356,315.862061,-14.941264820025344
2012-12-05,269.212433,276.039215,269.212433,272.032196,267.273560,10690761,1.2520726581955866,2012,12,2012-12,6.826782000000037,1.0474118778905073,267.33011485000003,265.96030838,258.555236235,2.100561300632714,315.862061,-13.876267653429888
2012-12-06,274.357239,278.957886,270.943848,277.869568,273.008820,10675043,2.1458386491869574,2012,12,2012-12,8.014037999999971,1.2802027797050481,267.8767518,266.10574844,258.671489285,2.1482548460704907,315.862061,-12.028191318614859
2012-12-07,278.314789,284.449005,276.088684,278.908417,274.029480,12945998,0.37386209921338726,2012,12,2012-12,8.360320999999999,0.2132937319403343,268.6163194,266.30956192,258.78823703,2.127142713737129,315.862061,-11.699298067962648
2012-12-10,280.343048,283.113312,275.049805,276.979126,272.133972,9616075,-0.6917292137511856,2012,12,2012-12,8.063507000000016,-1.19993059360616,269.1406953,266.39860672,258.84760028,2.1330640503062086,315.862061,-12.310099819173907
2012-12-11,278.166382,279.848358,270.300751,275.148743,270.335571,9112658,-0.6608378856679559,2012,12,2012-12,9.547607000000028,-1.084832386395267,268.85129865,266.48567276,258.799367555,1.7511628714831808,315.862061,-12.88958790147322
2012-12-12,276.039215,277.77063,271.982727,273.565735,268.780304,7716295,-0.5753280871793793,2012,12,2012-12,5.787902999999972,-0.8960610904504981,268.64847425000005,266.63605972,258.802335695,1.7365107739081536,315.862061,-13.390758569133748
2012-12-13,279.205231,287.268768,278.364258,284.844757,279.862000,19676825,4.122965911648254,2012,12,2012-12,8.904510000000016,2.0198496925725538,269.00218060000003,267.12679642,258.87134555,1.972769046668778,315.862061,-9.819889068601997
2012-12-14,284.449005,291.077911,281.629242,289.000183,283.944733,12382276,1.4588388579678078,2012,12,2012-12,9.448668999999995,1.599997862534268,269.98414775000003,267.7659407,258.97424182,1.8439990988483561,315.862061,-8.504306568176286
2012-12-17,289.791687,292.660919,288.010803,290.929504,285.840302,8384957,0.667584698380629,2012,12,2012-12,4.650115999999969,0.39263272586559184,271.4212342,268.29031630000003,259.10088350999996,1.7006378109315865,315.862061,-7.893495319148182
2012-12-18,293.650299,297.261566,290.880005,295.183868,290.020233,14616479,1.4623350129521444,2012,12,2012-12,6.381561000000033,0.5222432959279908,273.11556095000003,268.75829724,259.24879702,1.6995938141515934,315.862061,-6.5465896519936795
2012-12-19,296.816345,305.325073,296.321655,304.4841,299.157806,11758081,3.1506572710131957,2012,12,2012-12,9.003417999999954,2.583333138207062,275.17596130000004,269.43602794,259.45805254,1.7911803922769152,315.862061,-3.6021929838544207
2012-12-20,304.533569,305.918701,299.289825,301.664337,296.387360,8167302,-0.926078898701122,2012,12,2012-12,6.628875999999991,-0.9421726509237511,277.1250549,270.0415333,259.68041734499997,1.8178075106054032,315.862061,-4.494912733441575
2012-12-21,297.360504,299.932922,294.441803,296.222717,291.040924,5492708,-1.8038658643298628,2012,12,2012-12,5.491119000000026,-0.38262882416960226,279.1359863,270.41453256,259.80928514,1.7546736881452056,315.862061,-6.217696401341469
2012-12-24,298.201477,307.105988,293.947113,303.692596,298.380096,9931563,2.5217103791536664,2012,12,2012-12,13.158875000000023,1.8414124085642838,281.43383935,271.09721016,259.98737489,1.7987453111398715,315.862061,-3.8527783176846944
2012-12-26,302.159027,305.176666,300.52655,302.851624,297.553864,4879983,-0.2769155425837136,2012,12,2012-12,4.6501160000000255,0.2292160544983602,283.55607755,271.81748482,260.179810805,1.81505572363819,315.862061,-4.119024918285444
2012-12-27,303.742065,310.667786,301.713806,305.918701,300.567291,13238093,1.0127325584359366,2012,12,2012-12,8.953980000000001,0.7166067037833477,285.66100005000004,272.64362312000003,260.385356,1.811630532108314,315.862061,-3.148007066287073
2012-12-28,307.402802,309.084747,304.929321,306.759705,301.393585,7661891,0.2749109476638364,2012,12,2012-12,4.155425999999977,-0.2092033630845081,287.224234,273.36092964,260.562951215,1.5941415199895719,315.862061,-2.881750334681691
2012-12-31,306.215546,310.46991,306.215546,309.332092,303.921021,3575899,0.8385674383146222,2012,12,2012-12,4.25436400000001,1.0177621746219152,289.1634338,274.18014228,260.788779005,1.4958563676032934,315.862061,-2.067348316327232
2013-01-01,312.646545,314.92215,311.162476,313.38858,307.906494,3980484,1.3113699176094544,2013,01,2013-01,3.7596739999999613,0.23733990087751877,291.37224115,275.11709234,261.03018952499997,1.4754663090138083,315.862061,-0.7830889826302985
2013-01-02,315.120026,317.544037,312.89389,314.625336,309.121643,6929285,0.3946397791521356,2013,01,2013-01,4.650147000000004,-0.15698462781923972,293.67009425000003,276.21927070000004,261.214957745,1.4606720205988388,315.862061,-0.3915395841097797
2013-01-03,316.604095,318.335541,313.784363,314.724274,309.218842,6165017,0.03144629140736954,2013,01,2013-01,4.551177999999993,-0.5937450050985578,295.80469815000004,277.27197944,261.38265901,1.466395700276801,315.862061,-0.3602164173810045
2013-01-04,315.120026,315.120026,309.876282,312.052917,306.594208,8965650,-0.8487928071286933,2013,01,2013-01,5.243743999999992,-0.9733145300007104,297.51386560000003,278.16539678000004,261.54293977000003,1.468355574730537,315.862061,-1.2059517334688712
2013-01-07,314.42746,315.218964,309.282623,309.925751,304.504242,4943021,-0.681668359472502,2013,01,2013-01,5.936341000000027,-1.4317162375067385,299.0647323,279.0410053,261.65795625,1.4953265808860658,315.862061,-1.8793995015438059
2013-01-08,310.667786,312.992828,309.826782,310.816193,305.379089,7304340,0.2873081688523544,2013,01,2013-01,3.1660459999999944,0.04777032144556506,300.75658565000003,279.97300909999996,261.775198685,1.4686999236005425,315.862061,-1.5974910009847572
2013-01-09,315.614716,326.844269,315.565247,323.876099,318.210571,16678960,4.201810038899747,2013,01,2013-01,11.279021999999998,2.6175531688452778,303.19295345,281.21469062,261.97629167499997,1.6431917167468433,323.876099,0
2013-01-10,327.982056,333.819458,327.141083,330.158722,324.383270,12753232,1.9398229815038006,2013,01,2013-01,6.678375000000017,0.6636539896560717,306.0226028,282.64831366,262.224875355,1.626036001395972,330.158722,0
2013-01-11,331.296509,332.582703,323.33194,326.893738,321.175446,7367759,-0.9889134475145038,2013,01,2013-01,9.250763000000006,-1.32895182424033,308.12505185,284.10568182,262.51674471,1.4989860499588905,330.158722,-0.9889134475145038
2013-01-14,327.734711,329.416687,323.381409,324.222382,318.550812,7210052,-0.8171939959278153,2013,01,2013-01,6.035278000000005,-1.071698810688387,309.88616179999997,285.68969154,262.77200670499997,1.5246312456920577,330.158722,-1.7980261021243078
2013-01-15,326.399048,330.109253,324.420258,328.031525,322.293304,6790183,1.1748550413154408,2013,01,2013-01,5.688995000000034,0.5001475984697096,311.74126285,287.20939094,263.07599611499995,1.5302414687754975,330.158722,-0.644295261113842
2013-01-16,326.003296,326.399048,315.120026,316.653564,311.114349,12745712,-3.468557176021412,2013,01,2013-01,11.279021999999998,-2.8679869543404743,312.81474765,288.2502265,263.31023363,1.765347310612174,330.158722,-4.090504687621124
2013-01-17,320.660583,327.734711,320.660583,325.459137,319.765900,10058966,2.780822324804145,2013,01,2013-01,7.07412800000003,1.4964589520502507,313.8634995,289.41572576,263.60977083,1.7363463362511296,330.158722,-1.423432030367507
2013-01-18,326.596924,328.872528,322.540436,325.063385,319.377075,5015295,-0.12159806101864515,2013,01,2013-01,6.332091999999989,-0.4695509624579376,315.0334519,290.57825688,263.88556275999997,1.7144604694753862,330.158722,-1.543299225637307
2013-01-21,325.607544,326.497986,318.830231,319.819611,314.225037,3909899,-1.6131543083512696,2013,01,2013-01,7.667755,-1.777579514558179,316.21329660000004,291.6923078,264.143298205,1.7021131739438415,330.158722,-3.1315577360394564
2013-01-22,320.017487,321.105804,311.953979,315.169495,309.656250,6102524,-1.4539808817414968,2013,01,2013-01,9.151824999999974,-1.5149147146449635,316.78714155,292.66586554,264.37382555,1.6728996986853766,330.158722,-4.5400063669982424
2013-01-23,313.635925,315.317902,306.809174,309.727844,304.309814,7285144,-1.7265792173192331,2013,01,2013-01,8.50872800000002,-1.246056554267494,317.13095254999996,293.2416889,264.56081972,1.725187972684056,330.158722,-6.188198777919914
2013-01-24,283.657501,292.858795,278.809479,290.335846,285.257019,36895208,-6.260979881421316,2013,01,2013-01,14.049315999999976,2.354369257451781,316.3518098,293.49596136,264.643186205,2.2232832273979324,330.158722,-12.061736778833305
2013-01-25,291.770477,301.664337,287.070862,297.805725,292.596252,15546885,2.5728407645537477,2013,01,2013-01,14.593475000000012,2.0684916657965937,315.9041108,293.89666325999997,264.74088823,2.3088759385223088,330.158722,-9.799225295038552
2013-01-28,297.805725,306.908112,297.162628,305.275604,299.935455,10711327,2.508306044150089,2013,01,2013-01,9.745484000000033,2.508306044150089,315.7012864,294.61495854000003,264.88929643,2.3747021710724754,330.158722,-7.5367138112438
2013-01-29,302.752686,312.547607,299.784515,301.02124,295.755524,13434477,-1.393614145465751,2013,01,2013-01,12.763092000000029,-0.5719011193182297,315.0829194,295.39162784,265.031026165,2.3707773433313397,330.158722,-8.825295246932786
2013-01-30,299.883453,300.773895,294.985992,296.024841,290.846466,8020234,-1.659816098026836,2013,01,2013-01,5.787902999999972,-1.286703871587071,314.15289465,296.086178,265.10745637,2.3892712427987863,330.158722,-10.338627673752635
2013-01-31,294.194458,296.618469,291.869415,294.837585,289.680023,7071041,-0.40106634159124194,2013,01,2013-01,4.749054000000001,0.2186060894457749,313.1585602,296.71740784,265.181413125,2.388290806588452,330.158722,-10.698229259562018
2013-02-01,294.639679,297.311035,265.40329,278.661072,273.786499,17259036,-5.486584419011573,2013,02,2013-02,31.907744999999977,-5.42310087162429,311.48896795,297.03697998,265.15890457999996,2.6548129035542645,330.158722,-15.597846298908324
2013-02-04,289.940094,293.749237,286.328827,288.901245,283.847534,11186459,3.674777006527854,2013,02,2013-02,7.420410000000004,-0.3582978075463998,310.43774265,297.69492310000004,265.17226136,2.8155982305006937,330.158722,-12.496255361686307
2013-02-05,285.933075,288.258148,281.975525,284.152191,279.181519,6279891,-1.643832999058208,2013,02,2013-02,6.282623000000001,-0.6228324582596672,309.10454255,298.22325622,265.10547776,2.8270330188044266,330.158722,-13.934670791462537
2013-02-06,286.724579,287.16983,281.035614,283.162781,278.209442,6908199,-0.348197209572113,2013,02,2013-02,6.134215999999981,-1.2422367180457208,307.06887665,298.67837464,265.030531625,2.6112912497828833,330.158722,-14.234347866175717
2013-02-07,282.371277,287.713989,282.272339,285.537323,280.542450,5762713,0.8385784288507957,2013,02,2013-02,5.441650000000038,1.1212351460237204,304.8378067,299.11271608,264.925903785,2.5653099325369992,330.158722,-13.515135608018253
2013-02-08,288.901245,292.067291,281.678711,282.371277,277.431793,10002314,-1.1088028586721723,2013,02,2013-02,10.38857999999999,-2.26027686381206,302.61168365000003,299.2502411,264.758449865,2.566180938498789,330.158722,-14.474082256715299
2013-02-11,286.922455,289.198059,285.438385,287.812927,282.778229,5212706,1.9271258953154717,2013,02,2013-02,3.759674000000018,0.3103528442902764,300.7912109,299.59553772,264.63106629,2.6319815851518498,330.158722,-12.825890148678248
2013-02-12,291.12738,296.667938,288.357086,295.381744,290.214661,6687500,2.629769648949793,2013,02,2013-02,8.310852000000011,1.4613410803202398,299.15872185,300.11892394,264.575660555,2.7016530989259153,330.158722,-10.533411866066038
2013-02-13,305.770294,308.688995,299.883453,301.466461,296.192932,9919800,2.0599502588081258,2013,02,2013-02,8.805542000000003,-1.4075379735874531,298.39936670000003,300.77488768,264.54028992,2.6631674152555735,330.158722,-8.690444652254266
2013-02-14,301.763275,302.752686,291.62207,294.046051,288.902344,7547699,-2.461437990609511,2013,02,2013-02,11.130615999999975,-2.557376804715565,296.8287124,301.21516478,264.45742859,2.610636082637319,330.158722,-10.937972736640297
2013-02-15,284.993164,302.653748,284.943695,301.219116,295.949890,12615814,2.439435923592801,2013,02,2013-02,17.710053000000016,5.69345305419326,295.63649895,301.68215574000004,264.419584505,2.69039200844885,330.158722,-8.765361649297887
2013-02-18,301.416992,304.929321,298.399353,302.55481,297.262238,8381949,0.44342936057218546,2013,02,2013-02,6.529967999999997,0.3774896672049536,294.77325890000003,302.1550836,264.385698095,2.678662237603247,330.158722,-8.360800475839023
2013-02-19,302.257965,305.226135,300.03186,303.49472,298.185699,5444056,0.3106577614812991,2013,02,2013-02,5.194275000000005,0.40917201305181805,294.18952015,302.68539548,264.337218175,2.665689563728707,330.158722,-8.076116189957883
2013-02-20,303.98941,305.96817,298.300415,300.724426,295.463867,7103039,-0.9127980875581554,2013,02,2013-02,7.667755,-1.0740453096705003,293.73934925,303.19690914,264.33449738,2.646569426328735,330.158722,-8.915195643385127
2013-02-21,297.904663,298.498322,292.166229,294.392334,289.242523,7695041,-2.105612797811106,2013,02,2013-02,6.332092999999986,-1.1790110851672106,293.94217365,303.61344112,264.31767777,2.275693696871875,330.158722,-10.833088940779218
2013-02-22,291.819946,294.392334,286.774048,289.791687,284.722382,8354663,-1.5627604623699138,2013,02,2013-02,7.618286000000012,-0.6950378230828647,293.54147175,303.71237972,264.27364990499996,2.2259614535476677,330.158722,-12.226554172329267
2013-02-25,293.650299,298.05307,291.968353,295.975372,290.797882,5979261,2.133837952363336,2013,02,2013-02,6.084717000000012,0.791782949963887,293.07646015,303.8518835,264.22789078,2.2042242776871066,330.158722,-10.353611073161357
2013-02-26,291.671539,292.759857,282.56915299999997,286.328827,281.320129,9178538,-3.2592390829058586,2013,02,2013-02,10.19070400000004,-1.8317563716767051,292.3418395,303.75986996,264.19326218,2.2979378332693474,330.158722,-13.275401217478672
2013-02-27,286.971924,287.763458,278.562134,283.21225,278.258026,8834384,-1.088460785682612,2013,02,2013-02,9.201324,-1.3101191041950215,291.70120995,303.5204376,264.16061234,2.282657370812258,330.158722,-14.219364466766995
2013-02-28,290.13797,290.13797,277.572754,284.498474,279.521729,14609922,0.45415549645186754,2013,02,2013-02,12.56521600000002,-1.9437290472529356,291.1842544,303.12072508,264.152449955,2.28662189109672,330.158722,-13.829786995601474
2013-03-01,287.911865,290.088501,278.710541,285.339447,280.348053,15816820,0.2955984220850406,2013,03,2013-03,11.37796000000003,-0.8934741192413069,291.51817315000005,302.79422728000003,264.107432865,1.9115998279744695,330.158722,-13.575069205653154
2013-03-04,285.933075,289.346466,282.71756,286.67511,281.660309,9775545,0.4680961619723091,2013,03,2013-03,6.628906000000029,0.25951352427488283,291.4068664,302.60327514,264.10322785,1.724468526616473,330.158722,-13.170517421617593
2013-03-05,287.466644,299.190887,287.466644,297.311035,292.110168,13305765,3.7100971200464476,2013,03,2013-03,11.724243000000001,3.4245333173333425,292.0648086,302.47564392,264.15343918499997,1.8693379296960584,330.158722,-9.949059289125795
2013-03-06,299.883453,308.144836,299.438232,306.116608,300.761719,14142959,2.9617376966852174,2013,03,2013-03,8.70660399999997,2.0785258198290824,293.21249995000005,302.5409436,264.35329559999997,1.9586134413361562,330.158722,-7.281986631872177
2013-03-07,303.742065,304.830383,299.339294,302.653748,297.359436,9946359,-1.1312225176622817,2013,03,2013-03,5.491088999999988,-0.3583030226649765,294.0683212,302.47564454,264.52520173,1.9852031488032027,330.158722,-8.330833677021564
2013-03-08,302.653748,304.632507,297.459442,300.576019,295.318085,7530733,-0.6865036411179793,2013,03,2013-03,7.173064999999951,-0.6865036411179793,294.9785583,302.35197081999996,264.74237229,1.971514915852945,330.158722,-8.960145841611308
2013-03-11,301.169647,303.643127,296.915283,298.349884,293.130859,5816185,-0.7406229570164077,2013,03,2013-03,6.727844000000005,-0.93627064615845,295.50540615,302.13232666,264.93876572,1.9479682562391607,330.158722,-9.634407901542591
2013-03-12,303.0495,304.681976,298.300415,301.466461,296.192932,7992772,1.0446047299284378,2013,03,2013-03,6.381561000000033,-0.5223697778745855,295.809642,301.89388428,265.13466446,1.8746834789057982,330.158722,-8.690444652254266
2013-03-13,302.752686,302.901093,293.848175,297.805725,292.596252,9409055,-1.21430954138543,2013,03,2013-03,9.052917999999977,-1.633994091137473,295.6266052,301.55749206,265.330315855,1.8388555014749688,330.158722,-9.799225295038552
2013-03-14,295.826965,299.487701,289.890625,297.805725,292.596252,8530551,0,2013,03,2013-03,9.597076000000015,0.6688910187751217,295.8145889,301.21912108,265.49851180999997,1.7487837031769091,330.158722,-9.799225295038552
2013-03-15,297.756256,298.05307,286.922455,288.010803,282.972626,9581779,-3.2890307934812153,2013,03,2013-03,11.130614999999977,-3.2729633059330236,295.15417325,300.7382788,265.607591855,1.8097173919852274,330.158722,-12.76595655104335
2013-03-18,286.823517,286.922455,282.074463,283.805908,278.841278,5963578,-1.4599782217196977,2013,03,2013-03,4.847992000000033,-1.0520786550427779,294.21672815,300.21588194,265.65829803,1.8236287767939325,330.158722,-14.039554587323616
2013-03-19,285.042633,286.872986,275.396088,278.611603,273.737854,9587224,-1.8302314552239647,2013,03,2013-03,11.476898000000006,-2.2561642559623776,292.9725723,299.57179014,265.687237545,1.8483419287909253,330.158722,-15.612829698317043
2013-03-20,278.611603,283.70697,273.565735,282.618622,277.674805,9664586,1.4382096642256545,2013,03,2013-03,10.141234999999995,1.4382096642256545,292.0672821,298.7466406,265.89797706499996,1.8890358627750252,330.158722,-14.399165259671678
2013-03-21,281.134552,281.184021,266.788422,270.696503,265.961212,11868436,-4.218447785086153,2013,03,2013-03,14.395598999999947,-3.7128303603179944,290.88249055,297.55739622,266.09882278500004,2.048114658712708,330.158722,-18.010191776790315
2013-03-22,271.982727,275.346619,262.286713,267.480988,262.801941,12958381,-1.1878672108298283,2013,03,2013-03,13.059905999999955,-1.6551562114457314,289.7669556,296.36914121999996,266.325392535,2.038593916204267,330.158722,-18.984121824896082
2013-03-25,270.548096,272.873169,265.996918,267.87674,263.190796,8422537,0.1479551885010829,2013,03,2013-03,6.876251000000025,-0.987386730675792,288.362024,295.24222838000003,266.532669225,1.9564157737269345,330.158722,-18.864254629626302
2013-03-26,268.618805,274.950867,263.523438,272.873169,268.099823,9475104,1.8651970305447332,2013,03,2013-03,11.427429000000018,1.5837923186353278,287.6892411,294.13906126,266.80054604000003,1.9081408241652558,330.158722,-17.350913116267755
2013-03-28,269.608185,270.102875,263.968658,266.293732,261.635468,14679776,-2.411170370510133,2013,03,2013-03,6.134216999999978,-1.2293591902634613,286.8433152,293.13186462,266.97245217,1.9618798784607476,330.158722,-19.343723410705483
2013-04-01,264.117065,264.611786,259.318542,262.682465,258.087402,5474334,-1.3561216679332122,2013,04,2013-04,5.293244000000016,-0.5431682348885883,285.75251475,291.87633117999997,267.116160745,1.9675314230199867,330.158722,-20.437520654081048
2013-04-02,259.813232,265.89798,255.806229,264.364441,259.739929,10570395,0.6403076809866316,2013,04,2013-04,10.091751000000016,1.7517233302420758,284.70376445,290.6623523,267.25467507499997,1.9752530144049736,330.158722,-19.928075987645727
2013-04-03,263.226624,264.166534,252.986465,254.470551,250.019119,13154097,-3.7425192142236705,2013,04,2013-04,11.180069000000003,-3.3264389699424988,283.0935365,289.3553711,267.362023635,2.1023712818480473,330.158722,-22.924783129006663
2013-04-04,253.332748,260.654236,251.749725,254.96524,250.505142,9469654,0.19439931184807077,2013,04,2013-04,8.904511000000014,0.6444062257596419,280.97624675000003,288.151286,267.43499101,1.8582014334295758,330.158722,-22.774949437804043
2013-04-05,254.816833,258.625977,249.127853,252.491776,248.074966,8796642,-0.9701181227684241,2013,04,2013-04,9.49812399999999,-0.9124424680374296,278.29500515,287.00656464,267.52304651,1.6401766227297983,330.158722,-23.524123648624983
2013-04-08,255.113647,258.032349,250.513,253.975861,249.533081,4790263,0.5877755796687896,2013,04,2013-04,7.519349000000005,-0.4459918210490626,275.8611108,286.27936494,267.671454715,1.6746039001102175,330.158722,-23.074617123093905
2013-04-09,256.251434,262.731934,256.251434,260.060577,255.511368,14757966,2.3957851647956474,2013,04,2013-04,6.480500000000006,1.4864865107447576,273.8353387,285.52446198,267.783008135,1.8263152972740677,330.158722,-21.231650212166738
2013-04-10,261.198395,266.145325,254.96524,265.155945,260.517609,7410152,1.9593004286843332,2013,04,2013-04,11.18008500000002,1.515150964078462,272.17564175,284.7220688,267.931663685,1.9209035916617214,330.158722,-19.68834159710614
2013-04-11,275.049805,278.413727,272.526886,275.198212,270.384186,14232233,3.7873059945912355,2013,04,2013-04,5.886841000000004,0.05395640982185759,270.86222929999997,284.20560824,268.12954119,2.1289026697527604,330.158722,-16.64669334405771
2013-04-12,271.83432,277.374878,269.311371,272.230072,267.467926,5438703,-1.078546251601375,2013,04,2013-04,8.063507000000016,0.1455857376655074,269.58344665,283.72971286,268.273991875,2.126495969497181,330.158722,-17.545697308581172
2013-04-15,267.530457,269.410309,261.297333,266.145325,261.489685,7842745,-2.2351487311071176,2013,04,2013-04,8.112976000000003,-0.5177474054851252,268.00042665,283.15586766,268.376888225,2.161355853536562,330.158722,-19.388673608931644
2013-04-16,262.187775,269.558716,260.011108,268.074646,263.385254,6584166,0.7249126017900028,2013,04,2013-04,9.547608000000025,2.245288133666791,267.0036188,282.94413914,268.49487277000003,2.0771956770919426,330.158722,-18.80431194545272
2013-04-17,271.141724,272.131134,266.046387,268.321991,263.628235,9809091,0.09226721127519556,2013,04,2013-04,6.084746999999993,-1.0399480236394694,266.22942295,282.53255406,268.618546325,2.061989455488563,330.158722,-18.72939494840908
2013-04-18,265.452759,281.381897,264.661255,279.452606,274.564148,10865859,4.1482306234079696,2013,04,2013-04,16.720641999999998,5.273950458356317,266.2714731,282.43856236,268.795399505,2.2473614903967882,330.158722,-15.358102821830045
2013-04-22,280.24411,284.498474,278.76001,282.22287,277.285980,6589410,0.9913180054581411,2013,04,2013-04,5.738463999999965,0.7060844204718603,266.2516855,282.41976414,269.02320598,2.234905535307607,330.158722,-14.519032454941478
2013-04-23,281.184021,281.480835,274.060425,278.512665,273.640686,4353427,-1.3146365494759422,2013,04,2013-04,7.420410000000004,-0.9500383380604499,266.6424936,282.27927098,269.226772495,2.0302370842718953,330.158722,-15.642796497134484
2013-04-25,282.470215,292.908264,281.72818,290.187439,285.111206,9855500,4.191828762975628,2013,04,2013-04,11.180083999999965,2.732048757777873,267.77781615,282.43559422,269.478324315,2.1919283804351792,330.158722,-12.106686977059484
2013-04-26,290.880005,294.837585,287.120361,293.155609,288.027466,8141858,1.022845788993659,2013,04,2013-04,7.717223999999987,0.7823170932632665,269.04175960000003,282.54244786,269.766978185,2.19471245708142,330.158722,-11.207673925997321
2013-04-29,291.523132,295.57962,288.950714,293.007202,287.881683,5102563,-0.050623967423396685,2013,04,2013-04,6.628905999999972,0.5090745251735396,270.04846125,282.49495702,270.05686878,2.172523474140204,330.158722,-11.252624124223502
2013-04-30,293.056671,297.805725,288.010803,296.816345,291.624176,8048396,1.3000168507803456,2013,04,2013-04,9.794921999999985,1.2829170505386713,271.5745919,282.4019547,270.37248348,2.0781171925746715,330.158722,-10.098893283213036
2013-05-02,292.561981,297.607849,288.950714,294.194458,289.048126,9283384,-0.8833364618110956,2013,05,2013-05,8.657134999999982,0.557993555560452,273.15019155,282.40492284,270.656190375,2.0577093031710536,330.158722,-10.893022538414119
2013-05-03,290.830536,291.226318,281.530304,282.56915299999997,277.626190,8493169,-3.9515717185943813,2013,05,2013-05,9.696013999999991,-2.840617465285703,274.06042715,282.03192358,270.87855526,2.294163281499826,330.158722,-14.414148659080418
2013-05-06,281.975525,290.236908,279.848358,287.961334,282.924011,7899580,1.9082695130561724,2013,05,2013-05,10.38855000000001,2.1228115454346677,275.7349663,281.74005406,271.12689167,2.102475548510414,330.158722,-12.780939950452069
2013-05-07,289.445404,297.508911,289.445404,295.233337,290.068817,5538329,2.525340086110305,2013,05,2013-05,8.063507000000016,1.9996631212703624,277.74837115,281.5748264,271.383637885,2.1406740511808127,330.158722,-10.578362064292218
2013-05-08,296.717407,302.505341,295.431213,297.06369,291.867188,6528547,0.6199682659821043,2013,05,2013-05,7.074127999999973,0.11670464618209209,279.97696685,281.50161168,271.67451786,2.1023152797388267,330.158722,-10.023976286169415
2013-05-09,297.805725,300.52655,291.968353,296.915283,291.721405,5637191,-0.049957973658786826,2013,05,2013-05,8.558197000000007,-0.2990009678289453,282.12393795,281.55207065999997,271.98765911,2.111113332940616,330.158722,-10.068926484395593
2013-05-10,296.915283,306.710236,296.07431,305.770294,300.421478,7473050,2.9823358738997583,2013,05,2013-05,10.635925999999984,2.9823358738997583,284.4094238,281.8716428,272.34928027999996,2.138272461910946,330.158722,-7.38687981715656
2013-05-13,302.406403,306.51236,292.759857,294.293396,289.145355,3826127,-3.753437866662092,2013,05,2013-05,13.75250299999999,-2.68281587939791,285.86629634999997,281.83800328,272.68666149,2.351083399095611,330.158722,-10.863055739596678
2013-05-14,294.639679,300.625488,292.265167,297.113159,291.915771,6771202,0.95814688277953175,2013,05,2013-05,8.360320999999999,0.8394931763416682,286.9620437,282.05368992,273.054713705,2.22786299553205,330.158722,-10.008992886760694
2013-05-15,299.240356,308.639526,298.894073,305.572418,300.227081,8505170,2.8471505699954647,2013,05,2013-05,9.745452999999998,2.1160454708187846,288.629161,282.50089328,273.48633411,2.2627161377189378,330.158722,-7.446813414791443
2013-05-16,303.742065,306.166077,299.091949,300.427612,295.172272,5241812,-1.683661776044203,2013,05,2013-05,7.074127999999973,-1.0912064484713417,290.34327535,282.81947604,273.876400255,2.2294153292582286,330.158722,-9.00509603983747
2013-05-17,298.05307,305.127197,297.607849,300.130798,294.880646,7050707,-0.09879717713829296,2013,05,2013-05,7.519348000000036,0.6971000164501027,291.94608295,283.11530306000003,274.271908065,2.2351953422416195,330.158722,-9.094996436289811
2013-05-20,302.356934,312.844421,296.816345,298.844604,293.616913,9370712,-0.4285444907923188,2013,05,2013-05,16.028076,-1.1616502236393296,293.47221360000003,283.35869294,274.69734492,2.244315475590874,330.158722,-9.484564820916653
2013-05-21,298.300415,299.883453,288.901245,289.841156,284.770996,7548763,-3.0127524069332003,2013,05,2013-05,10.982207999999957,-2.835818716510996,293.99164110000004,283.20929536,275.078753915,2.213418222595328,330.158722,-12.211570772920547
2013-05-22,292.957733,294.985992,285.933075,288.060272,283.021240,6000824,-0.6144344801053769,2013,05,2013-05,9.052917000000036,-1.6717295528771794,294.2835112,282.84816864,275.46535723,2.212555495882829,330.158722,-12.750973151634629
2013-05-23,284.251129,290.484253,282.22287,287.961334,282.924011,8006116,-0.034346284308158795,2013,05,2013-05,8.261383000000023,1.3052560294316475,294.75594465000006,282.55432036,275.890546665,2.1870636887083847,330.158722,-12.780939950452069
2013-05-24,289.395935,293.007202,279.848358,285.042633,280.056427,9198727,-1.01357392656057,2013,05,2013-05,13.158843999999988,-1.5042719933160031,294.49870435,282.24365264,276.26280382,1.986241553017921,330.158722,-13.664969602105495
2013-05-27,283.558563,292.759857,282.123932,291.374725,286.277740,5573830,2.221454360478065,2013,05,2013-05,10.635924999999986,2.756454228469207,294.40966015000004,282.10414946000003,276.62294106999997,2.0383673408956433,330.158722,-11.747076304711404
2013-05-28,290.880005,295.431213,287.516113,292.660919,287.541443,7200695,0.44142263883731375,2013,05,2013-05,7.915099999999995,0.6122504020171465,294.392346,281.92803862,276.96700067,2.040826992979378,330.158722,-11.357507920084581
2013-05-29,295.826965,302.109558,292.413574,300.576019,295.318085,10779034,2.704529196124063,2013,05,2013-05,9.69598400000001,1.6053485861236487,294.5803297,281.9834445,277.34519418,2.110388343298188,330.158722,-8.960145841611308
2013-05-30,311.657166,315.713654,307.50174,313.685425,308.198151,15049731,4.361427782433979,2013,05,2013-05,8.211914000000036,0.650798127324302,295.55487805,282.3010385,277.811937955,2.3010764866779962,330.158722,-4.989508349259967
2013-05-31,312.89389,316.109406,308.787933,309.97522,304.552826,6906041,-1.182778893855215,2013,05,2013-05,7.321472999999969,-0.9327986557999008,296.92518140000004,282.74032684,278.268787855,2.1037104526378907,330.158722,-6.113272391452991
2013-06-03,306.462891,312.448669,304.137817,310.717255,305.281921,8077455,0.2393852644092144,2013,06,2013-06,8.310852000000011,1.3882150579856043,298.06297745,283.27855378,278.68927774,2.0772116129457037,330.158722,-5.888521400322111
2013-06-04,306.710236,314.42746,299.735046,302.851624,297.553864,7869007,-2.531443256989383,2013,06,2013-06,14.692413999999985,-1.258064305359536,298.4438918,283.7633542,279.02220682,2.1125401472435907,330.158722,-8.270900079386664
2013-06-05,301.318054,306.710236,300.477081,304.038879,298.720367,5727698,0.39202530411393577,2013,06,2013-06,6.233155000000011,0.902974436440503,298.79265125,284.19175934,279.34771539499997,2.1104771678134386,330.158722,-7.911298796461903
2013-06-06,300.773895,306.413422,300.773895,303.445251,298.137085,5575044,-0.19524739794874188,2013,06,2013-06,5.639527000000044,0.8881608558482122,299.11914965,284.8467343,279.681139085,2.1114051635118525,330.158722,-8.091099589366603
2013-06-07,302.257965,306.611298,294.837585,298.696198,293.471100,5902315,-1.5650444303707371,2013,06,2013-06,11.773712999999987,-1.1783864818913974,298.76544485,285.4710385,280.027177525,2.0314048468942554,330.158722,-9.529514716258209
2013-06-10,298.349884,300.576019,289.296997,292.908264,287.784454,6544044,-1.9377327327079026,2013,06,2013-06,11.279021999999998,-1.8239055189309212,298.69618825000003,285.97166898,280.362579975,1.8954373790885233,330.158722,-11.28259092304096
2013-06-11,293.254547,294.392334,285.68573,290.039032,284.965393,9852423,-0.9795667629234095,2013,06,2013-06,8.706604000000027,-1.0964928022070812,298.34248190000005,286.31498624,280.650244465,1.893048326949562,330.158722,-12.151637175285646
2013-06-12,287.911865,293.353485,286.922455,290.434784,285.354248,6532087,0.13644784195802964,2013,06,2013-06,6.431029999999964,0.8762817051669621,297.5856002,286.79780728000003,280.937661535,1.7632611046860658,330.158722,-12.031769980015863
2013-06-13,287.318237,287.318237,277.127533,279.947296,275.050201,7930995,-3.6109614198277247,2013,06,2013-06,10.190703999999982,-2.5654274775464447,296.5615844,287.14310389999997,281.14914324,1.8941713831311984,330.158722,-15.208268827742803
2013-06-14,285.933075,295.233337,284.350067,293.650299,288.513519,7692355,4.8948509936670455,2013,06,2013-06,10.883269999999982,2.69896163638993,296.23755945000005,287.72882106000003,281.39945833499996,2.2269025349322726,330.158722,-11.057839931910081
2013-06-17,293.650299,297.409973,285.487854,296.272186,291.089539,7282859,0.8928603202273457,2013,06,2013-06,11.922118999999952,0.8928603202273457,296.10893855,288.56485376,281.65348367999997,2.235781415462543,330.158722,-10.263710676709014
2013-06-18,294.837585,296.321655,289.890625,294.441803,289.291138,8346448,-0.6178045346450387,2013,06,2013-06,6.431030000000021,-0.13423729542486823,296.3389709,289.35438502,281.91220850499997,2.1286035059861437,330.158722,-10.818105541370498
2013-06-19,291.869415,292.61145,287.66452,289.000183,283.944733,4863850,-1.848113937816092,2013,06,2013-06,4.946930000000009,-0.9830533288320089,296.38596645,290.08455316,282.140015055,2.167910941626789,330.158722,-12.466288562868867
2013-06-20,284.053253,289.14859,280.343048,285.68573,280.688232,13570927,-1.1468688239550404,2013,06,2013-06,8.805542000000003,0.5747080812343291,296.27218625,290.71875054,282.375984065,2.184088159243804,330.158722,-13.47018540979209
2013-06-21,281.975525,286.18042,279.155762,284.003784,279.035736,8484907,-0.5887399416134584,2013,06,2013-06,7.024658000000045,0.7193032090285111,296.22024380000005,291.19761468,282.622094295,2.1759388110920312,330.158722,-13.979620989688716
2013-06-24,281.975525,284.597412,277.523285,280.887207,275.973694,9803184,-1.0973716462876446,2013,06,2013-06,7.074127000000033,-0.38596186672584976,295.6958679,291.51223992,282.871914775,2.1238582511822197,330.158722,-14.923584238977039
2013-06-25,280.24411,281.72818,269.212433,278.463196,273.592041,12782945,-0.862983767003674,2013,06,2013-06,12.515747000000033,-0.6354866833775724,294.98598175,291.5775396,283.09304293499997,2.124382950577404,330.158722,-15.657779896543222
2013-06-26,278.017975,279.74942,266.293732,269.756592,265.037781,10490521,-3.1266623830604785,2013,06,2013-06,13.45568800000001,-2.9715283697034223,293.4450104,291.52807,283.282758055,2.100867848059412,330.158722,-18.294876365556078
2013-06-27,271.636414,274.505646,260.307922,267.431519,262.753357,21327052,-0.8619151742545856,2013,06,2013-06,14.197723999999994,-1.547986493445618,291.1323151,291.55379388,283.47766742,1.759142794745737,330.158722,-18.99910522430482
2013-06-28,272.279541,279.007355,272.279541,278.314789,273.446259,8200858,4.069553970562475,2013,06,2013-06,6.7278140000000235,2.2165631607260656,289.54929355,291.75859674,283.70745273,2.061839376857219,330.158722,-15.702730094769384
2013-07-01,275.049805,287.961334,274.060425,286.724579,281.708893,7853378,3.021682760810812,2013,07,2013-07,13.900909000000013,4.244603627332153,288.34965975,292.1266485,284.00971065,2.204505343882282,330.158722,-13.15553402220887
2013-07-02,283.954315,285.19104,279.007355,283.410156,278.452515,6371655,-1.1559605428874073,2013,07,2013-07,6.183684999999969,-0.19163610878744208,287.37758635,292.2057995,284.27387729,2.154685921486258,330.158722,-14.159421782593414
2013-07-03,279.155762,286.279358,274.80246,281.184021,276.265320,10618339,-0.785481731289827,2013,07,2013-07,11.476898000000006,0.7265689181798051,286.23484345,292.18502251999996,284.47620708,2.1505952654285396,330.158722,-14.833683842524698
2013-07-04,282.964905,290.63266,279.2547,289.198059,284.139160,7101124,2.8501043450118484,2013,07,2013-07,11.377959999999973,2.2028010858802483,285.52248385,292.3987304,284.69090419500003,2.2680889755212084,330.158722,-12.406354965233966
2013-07-05,292.858795,295.134399,289.989563,293.056671,287.930267,6451932,1.334245469469072,2013,07,2013-07,5.144835999999998,0.067567033457201775,285.24050750000004,292.45611504,284.92044216,2.2699789668024706,330.158722,-11.237640724814781
2013-07-08,285.834137,286.427765,279.304169,284.745819,279.764771,7421045,-2.83591974604803,2013,07,2013-07,7.1235960000000205,-0.38075158251654706,284.83238525,292.28791924,285.041889455,2.3172465657031758,330.158722,-13.754869998557853
2013-07-09,285.438385,287.367706,281.629242,286.032013,281.028503,7151284,0.45169899404212965,2013,07,2013-07,5.738464000000022,0.20797062735624147,284.6320343,292.14841546,285.188813435,2.3112642938713064,330.158722,-13.365301613931013
2013-07-10,284.646881,285.438385,277.820099,281.035614,276.119507,9992393,-1.746797132109823,2013,07,2013-07,7.618285999999955,-1.2686831442920317,284.1620758,291.83280084,285.25683391,2.3416722999822235,330.158722,-14.87863404075086
2013-07-11,284.646881,288.505493,279.74942,281.876587,276.945770,5973509,0.2992407218538369,2013,07,2013-07,8.756073000000015,-0.9732388390372123,284.25854035000003,291.58644342,285.291709855,2.195144485890538,330.158722,-14.623916250802557
2013-07-12,282.173401,291.176849,282.074463,289.395935,284.333588,8685593,2.667602896724458,2013,07,2013-07,9.102386000000024,2.559608373575933,284.04582215,291.72297906,285.385701705,1.9830446484198703,330.158722,-12.346421367599067
2013-07-15,287.713989,288.703369,283.014374,285.388916,280.396637,5369818,-1.3846148184493379,2013,07,2013-07,5.688995000000034,-0.808119552365607,283.50165864999997,291.6715307,285.46905757,1.9911615819981292,330.158722,-13.560085806244432
2013-07-16,280.986145,289.247528,278.710541,288.456024,283.410095,7012019,1.0747116752074628,2013,07,2013-07,10.53698700000001,2.6584510065433977,283.2023697,291.53598444,285.54870326,2.006953781392007,330.158722,-12.63110595636483
2013-07-17,287.565582,287.961334,279.304169,282.22287,277.285980,5431074,-2.160868028881939,2013,07,2013-07,8.65716500000002,-1.8579107982401057,282.86350405,291.23916804,285.605840405,2.0225834181992397,330.158722,-14.519032454941478
2013-07-18,281.579773,285.042633,277.77063,283.855377,278.889893,5264223,0.5784460345116523,2013,07,2013-07,7.272003000000041,0.8081560602721231,282.7719864,290.97796992,285.694885355,2.0123175993991618,330.158722,-14.024571187914894
2013-07-19,283.954315,294.441803,283.954315,291.523132,286.423553,6314977,2.7012893259372714,2013,07,2013-07,10.487487999999985,2.665505188748397,283.1479538,290.69302668,285.85096140499996,2.0955303933309093,330.158722,-11.702126106485242
2013-07-22,290.880005,297.607849,290.187439,294.689178,289.534210,5387381,1.086035944482118,2013,07,2013-07,7.420410000000004,1.3095341496573627,283.83805235,290.70094231999997,286.03919245000003,2.083885771924228,330.158722,-10.74317945778818
2013-07-23,295.035461,298.300415,291.12738,295.629089,290.457672,7396291,0.31894995478931193,2013,07,2013-07,7.17303499999997,0.20120564422594062,284.696347,290.67126092,286.193784275,2.067034077268544,330.158722,-10.458494869022418
2013-07-24,294.837585,297.756256,291.572601,294.144989,288.999542,4847043,-0.5020141979330093,2013,07,2013-07,6.1836549999999875,-0.23490763567337605,285.91576685,290.44271234,286.305585115,1.914391162382369,330.158722,-10.90800593782284
2013-07-25,294.837585,300.03186,291.572601,296.717407,291.526978,8189806,0.8745408204115185,2013,07,2013-07,8.459258999999975,0.6375788215739151,287.38006125000004,290.36850824,286.436184325,1.8909459501502812,330.158722,-10.128860082030494
2013-07-26,297.805725,298.448822,284.251129,286.872986,281.854736,4301036,-3.317776701924318,2013,07,2013-07,14.197693000000015,-3.671097659388506,287.80797110000003,290.10335200000003,286.51360391,1.8862624980305036,330.158722,-13.11058382398269
2013-07-29,284.943695,293.848175,284.943695,292.61145,287.492859,4637896,2.0003500782746984,2013,07,2013-07,8.904480000000035,2.6909719830789727,288.10231465000004,289.97868891999997,286.58879739,1.817524553616414,330.158722,-11.372491319493301
2013-07-30,292.809326,294.491272,279.304169,281.876587,278.831299,6450196,-3.6686407862713573,2013,07,2013-07,15.18710299999998,-3.7337400243870738,288.0256362,289.81939754,286.650386745,1.9889357083285062,330.158722,-14.623916250802557
2013-07-31,279.502075,289.395935,275.049805,287.417175,284.312073,6140049,1.965607735984122,2013,07,2013-07,14.346130000000016,2.8318573305761667,288.33729389999996,289.80653559999996,286.75328316499997,2.02711892975074,330.158722,-12.945757343948049
2013-08-01,288.406555,290.583191,281.184021,285.883606,282.795044,4108886,-0.5335690186224954,2013,08,2013-08,9.399170000000026,-0.8747890629601117,288.17157125,289.76498104,286.859642265,1.9268085680000384,330.158722,-13.410251812157192
2013-08-02,284.745819,288.802307,279.2547,287.367706,284.263153,5585970,0.5191273542282142,2013,08,2013-08,9.54760699999997,0.92078156202884065,287.88712300000003,289.8114825,286.9420089,1.9047073425394876,330.158722,-12.96074074335677
2013-08-05,287.16983,298.795135,276.237091,281.72818,278.684509,6432230,-1.962477300772269,2013,08,2013-08,22.558043999999995,-1.8949239897519812,287.73624105,289.6185516,287.00879249999997,1.8473576243212346,330.158722,-14.66886644902872
2013-08-06,281.431366,285.834137,277.424347,284.498474,281.424866,8021889,0.9833215832367136,2013,08,2013-08,8.409789999999987,1.0898245080471811,287.6595641,289.4553027,287.098579485,1.8585496199015765,330.158722,-13.829786995601474
2013-08-07,281.085083,283.70697,268.915619,275.940277,272.959167,19514500,-3.0081697380211634,2013,08,2013-08,14.79135100000002,-1.8303376134691633,287.40479725,288.96258786,287.18069878,1.940184218872103,330.158722,-16.421933266388166
2013-08-08,282.470215,290.187439,272.378479,275.841339,272.861298,16320666,-0.035854859999280043,2013,08,2013-08,17.808959999999956,-2.346752205360835,287.10303485,288.20570614,287.24946129,1.9382423530272312,330.158722,-16.451900065205606
2013-08-12,279.007355,282.371277,275.29715,278.314789,275.307983,6924266,0.8966930080048712,2013,08,2013-08,7.074127000000033,-0.248224997509474,286.54897755,287.57249752,287.304124985,1.843774154170423,330.158722,-15.702730094769384
2013-08-13,277.919037,290.880005,273.120514,287.763458,284.654602,12221945,3.3949575708677107,2013,08,2013-08,17.75949099999997,3.5421902386629283,286.66770465,287.11342158,287.41221565,1.983691105512506,330.158722,-12.84087354808697
2013-08-14,295.08493,320.957397,295.035461,315.713654,312.302795,22815260,9.712906633197328,2013,08,2013-08,25.921936000000017,6.990775164289154,288.03058615,287.37066218,287.669703905,2.930597190154689,330.158722,-4.375188973502263
2013-08-16,314.130646,319.968018,308.045898,310.618317,307.262543,15776944,-1.6139108763411383,2013,08,2013-08,11.92211999999995,-1.1181109021754032,289.4503585,287.50225094,287.91383537499996,2.9069937037864433,330.158722,-5.918488199139571
2013-08-19,303.939941,305.47348,294.243927,298.498322,295.273468,9729411,-3.901893203548591,2013,08,2013-08,11.22955300000001,-1.7903599579892011,290.18250575,287.40331236,288.113939135,3.070257341747671,330.158722,-9.58944831389311
2013-08-20,293.848175,295.233337,282.56915299999997,284.894226,281.816345,11309909,-4.557511716933528,2013,08,2013-08,12.664184000000034,-3.047134459827774,289.85106045000003,287.12727292,288.268283615,3.1973025741220553,330.158722,-13.709919800331674
2013-08-21,287.713989,291.473663,275.593964,280.343048,277.314362,6701845,-1.5974974515629508,2013,08,2013-08,15.87969899999996,-2.561898719495358,289.13375395,286.8759686,288.444889375,3.2026509670721297,330.158722,-15.088401632473003
2013-08-22,280.986145,291.770477,280.986145,288.851776,285.731140,10558499,3.035112894970009,2013,08,2013-08,10.784332000000006,2.799294961678609,288.7948883,286.85222348,288.62891548,3.2824829022389572,330.158722,-12.511238761095045
2013-08-23,291.869415,301.367523,290.978973,297.756256,294.539459,10360596,3.082716029414351,2013,08,2013-08,10.38855000000001,2.016943433418676,288.97545165,286.99865292,288.79463783,3.3544926054729896,330.158722,-9.814208694447274
2013-08-26,298.300415,301.070709,290.385315,294.936523,291.750183,5473629,-0.9469937048106842,2013,08,2013-08,10.68539400000003,-1.1276859940003652,288.88640745000004,287.29843746,288.933399575,3.35746613465319,330.158722,-10.66826246074456
2013-08-27,291.869415,292.364105,284.69635,286.971924,283.871613,6685315,-2.700445139512281,2013,08,2013-08,7.667755,-1.6779733498283822,288.89135435000003,287.16486996,289.03357505,3.327850113294751,330.158722,-13.08061702516525
2013-08-28,286.971924,296.321655,283.261719,294.788116,291.603363,10516418,2.7236782926541627,2013,08,2013-08,13.059935999999993,2.7236782926541627,289.00018765,287.13518855999996,289.186930305,3.3539533171260945,330.158722,-10.71321265897074
2013-08-29,296.321655,305.720825,292.166229,302.752686,299.481903,10606219,2.70179480369554,2013,08,2013-08,13.554596000000004,2.170287217112081,290.0439926,287.30140622,289.368235695,3.2799567120638713,330.158722,-8.300866878204124
2013-08-30,304.780914,305.424011,290.385315,296.07431,292.875641,6446936,-2.2058849710750237,2013,08,2013-08,15.038696000000016,-2.856676254996719,290.47684935,287.44288875999996,289.443923865,3.308198633046958,330.158722,-10.323644274343897
2013-09-02,292.858795,298.795135,288.950714,296.519531,293.316040,6626720,0.15037474882570756,2013,09,2013-09,9.844421000000011,1.2500003628028267,291.0086456,287.65956478,289.538410405,3.3037561286456225,330.158722,-10.188793679665393
2013-09-03,298.795135,308.045898,292.512512,294.194458,291.016144,8253806,-0.7841213670339898,2013,09,2013-09,15.533386000000007,-1.5397429412630894,291.3499832,287.86337826,289.620529545,3.3106712606200968,330.158722,-10.893022538414119
2013-09-04,299.190887,310.420441,297.06369,308.392181,305.060455,7834512,4.825965484366805,2013,09,2013-09,13.356750999999974,3.075392466749838,292.68318325,288.41347774,289.81568625,3.426670072791539,330.158722,-6.592750561955476
2013-09-05,312.696014,320.907928,311.310883,314.724274,311.324127,8818699,2.0532599041478248,2013,09,2013-09,9.597045000000037,0.648636346224736,294.19447325,289.1386993,290.07836874500003,3.4427991719814974,330.158722,-4.674856961676763
2013-09-06,314.92215,316.604095,308.886871,314.42746,311.030518,5228061,-0.09430921747077682,2013,09,2013-09,7.717223999999987,-0.15708326645172194,296.11883240000003,290.03211666,290.34401937999996,3.3440353554753277,330.158722,-4.7647573581291045
2013-09-10,316.703033,349.600189,316.703033,345.889984,342.153137,19224771,10.006290163079278,2013,09,2013-09,32.897155999999995,9.21587353411927,299.62126465,291.60128596,290.757088835,3.9293268090421796,345.889984,0
2013-09-11,344.801666,346.829895,332.632202,336.83709700000003,333.198059,9215459,-2.6172735316903535,2013,09,2013-09,14.197693000000015,-2.3098986418470444,302.54738005,292.77173212,291.127861995,4.021510746651692,345.889984,-2.6172735316903535
2013-09-12,338.271698,338.370636,326.003296,329.911377,326.347168,6661518,-2.056103695728031,2013,09,2013-09,12.367340000000013,-2.4714810755465564,304.65477599999997,293.63546808,291.497398435,4.037719345724594,345.889984,-4.619563369605987
2013-09-13,328.476746,334.7099,326.596924,330.505005,326.934387,5971621,0.17993559524925595,2013,09,2013-09,8.112976000000003,0.6174741514274473,305.39434355000003,294.57736506000003,291.861245785,3.444399215115766,345.889984,-4.447940013203748
2013-09-16,335.402466,337.18338,321.402649,327.833649,324.291901,5795207,-0.8082649156856198,2013,09,2013-09,15.780731000000003,-2.256637254420194,306.25511015,295.51035762,292.19837973,3.4256931711094447,345.889984,-5.2202537902919
2013-09-17,325.508606,334.066803,324.766541,331.494385,327.913086,4927964,1.1166443747206811,2013,09,2013-09,9.300261999999975,1.8389003822528849,307.9049133,296.35628414,292.53675039999996,3.280552707342396,345.889984,-4.161901085866656
2013-09-18,337.381256,337.381256,329.416687,333.275299,329.674744,6614676,0.537238059100155,2013,09,2013-09,7.964568999999983,-1.2170080367475986,310.32396695,297.1606567,292.825651765,3.050760628494687,345.889984,-3.6470223433818796
2013-09-19,341.14093,347.819275,337.777008,345.444763,341.712708,9417331,3.651474932740216,2013,09,2013-09,10.042266999999981,1.2615997148158085,313.57905270000003,298.37463558,293.2001351,3.0567005632151134,345.889984,-0.12871751730168737
2013-09-20,341.239868,351.084259,328.872528,334.759369,331.142761,11725374,-3.0932279613108595,2013,09,2013-09,22.211730999999986,-1.899103711996515,315.87443235,299.34918270000003,293.52786978,3.157233642312491,345.889984,-3.217963952376266
2013-09-23,334.066803,337.727539,327.586304,330.307129,326.738647,3980816,-1.3299821938665495,2013,09,2013-09,10.141234999999995,-1.1254258029343964,317.501976,300.334613,293.836064055,3.142446704932588,345.889984,-4.505147798671167
2013-09-24,330.950226,338.617981,330.603943,333.522644,329.919434,8949693,0.9734924613147055,2013,09,2013-09,8.014037999999971,0.7772824424661452,319.43128205000005,301.36753414,294.143516295,3.123079218722963,345.889984,-3.5755126115476106
2013-09-25,335.501404,343.762787,335.501404,340.448364,336.770325,9778598,2.076536668376859,2013,09,2013-09,8.261383000000023,1.474497555306817,322.10510405,302.38858272,294.456410275,3.033820522141112,345.889984,-1.5732227736319766
2013-09-26,338.66745,343.61438,337.381256,339.904175,336.232025,4884351,-0.15984479807928142,2013,09,2013-09,6.233123999999975,0.36517386008015695,324.360907,303.4788879,294.761389065,3.011042599535616,345.889984,-1.730552856945409
2013-09-27,339.360016,342.526062,334.759369,336.490814,332.855530,3361138,-1.0042127314264406,2013,09,2013-09,7.766693000000032,-0.8454743825801722,326.0478134,304.4395837,295.058947505,2.999018790575821,345.889984,-2.7173871562583396
2013-09-30,334.512024,335.897156,326.497986,328.971466,325.417389,3529492,-2.234636931277411,2013,09,2013-09,9.39916999999997,-1.656310566582197,327.6926712,305.37455561999997,295.32806112,3.000426476215901,345.889984,-4.891300350576213
2013-10-01,329.367218,336.19397,326.7948,332.088013,328.500275,5084572,0.9473608875245029,2013,10,2013-10,9.39916999999997,0.8260673349707832,329.4710953,306.33920834,295.62067251,2.999859963739018,345.889984,-3.990277729464417
2013-10-03,332.137482,344.653259,330.554474,342.278717,338.580902,8317379,3.068675652559607,2013,10,2013-10,14.098784999999964,3.0533244664027395,331.87530825000005,307.35432004,295.90784231,3.029231744453982,345.889984,-1.044050758058393
2013-10-04,341.338806,360.92868,340.745178,346.335205,342.593536,12392631,1.1851417568565918,2013,10,2013-10,20.183501999999976,1.4637653006848559,333.77245945,308.38724058,296.19451742,2.8804240946213007,346.335205,0
2013-10-07,346.285736,349.05603,339.854706,344.208038,340.489380,5579954,-0.6141931196396815,2013,10,2013-10,9.201324,-0.5999952594062373,335.24664765,309.35881956000003,296.46091008999997,2.8723066848096064,346.335205,-0.6141931196396815
2013-10-08,348.462402,355.585999,346.08786,346.829895,343.082916,7376181,0.7617070813436478,2013,10,2013-10,9.498139000000037,-0.46848870656639036,336.8667694,310.41251768,296.719140225,2.869572369259938,346.829895,0
2013-10-09,347.07724,352.568359,346.285736,350.441162,346.655182,8902894,1.0412213745300123,2013,10,2013-10,6.282623000000001,0.9692142302387798,337.09432830000003,311.48699278,296.948925535,1.8192717371928935,350.441162,0
2013-10-10,350.243286,369.882629,348.363464,367.705994,363.733490,12500036,4.926599347367748,2013,10,2013-10,21.519164999999987,4.9858794438103695,338.63777315000004,313.10365294,297.27913381999997,2.0031241568801748,367.705994,0
2013-10-11,371.020447,385.465485,364.638885,381.211121,377.092712,18217505,3.6728057797175904,2013,10,2013-10,20.826599999999985,2.746661021622887,341.20276035,314.87564636,297.70407584000003,2.0340221193583017,381.211121,0
2013-10-14,382.002625,389.126221,381.606873,386.306488,382.133026,7250344,1.336626010970968,2013,10,2013-10,7.5193479999999795,1.1266579647194777,343.9928345,316.96424438,298.1171453,2.033562340681097,386.306488,0
2013-10-15,386.70224,388.829407,378.24295,384.72345,380.567078,8382534,-0.40978809550824524,2013,10,2013-10,10.586456999999996,-0.5117089572586917,346.83732455,318.91036988,298.52650443,2.0188484655068435,386.306488,-0.40978809550824524
2013-10-17,381.359528,381.359528,366.667114,369.437408,365.446198,10044506,-3.9732545546677773,2013,10,2013-10,14.692413999999985,-3.126215322985193,348.7344757,320.58144592,298.844097965,2.283308272930674,386.306488,-4.3667607260067545
2013-10-18,372.553986,377.74826,370.525726,375.621094,371.563049,7006105,1.6738115486128635,2013,10,2013-10,7.222533999999996,0.8232653830739093,350.85176545,322.34651368,299.18840491,2.2966079016897414,386.306488,-2.766040522726083
2013-10-21,375.967377,387.345337,374.631714,376.016846,371.954529,6983295,0.10535936514788997,2013,10,2013-10,12.713622999999984,0.013157790549467746,352.3803696,324.232287,299.52182868,2.1848060362697557,386.306488,-2.6635954403126707
2013-10-22,376.363129,381.013245,372.108765,375.967377,371.905579,5220688,-0.013156059502713814,2013,10,2013-10,8.904479999999978,-0.1051516393360668,354.44077000000004,326.06166506,299.834722665,2.024783515693445,386.306488,-2.6764010756143453
2013-10-23,377.105164,378.29245,364.193665,370.674164,366.669586,6433606,-1.4078915682091162,2013,10,2013-10,14.098784999999964,-1.7053598343193155,356.45912175,327.95634279999996,300.114966805,2.0287661149985636,386.306488,-4.0466118187484295
2013-10-24,373.098145,380.617493,370.426788,375.274811,371.220551,7415137,1.2411566402021967,2013,10,2013-10,10.190705000000037,0.5834030614116326,358.5467301,329.94501224,300.41771948999997,2.0322560085447434,386.306488,-2.8556799698378357
2013-10-25,374.087524,375.373749,368.645905,372.257172,368.235474,2997007,-0.8041144546735842,2013,10,2013-10,6.727843999999948,-0.48928442745926704,360.1371705,331.8238599,300.718740765,2.0249896144877395,386.306488,-3.6368314890947357
2013-10-28,373.147614,377.74826,370.129974,373.592834,369.556732,3457771,0.35880087758254303,2013,10,2013-10,7.618286000000012,0.11931471173764659,361.82160345,333.54044741999996,301.03707618,2.019854493606371,386.306488,-3.2910795948112628
2013-10-29,373.691772,380.122803,371.020447,377.599854,373.520447,5728430,1.0725633993290171,2013,10,2013-10,9.102355999999986,1.0458035988012009,363.87705545,334.77817142,301.370994485,1.9920293883460822,386.306488,-2.253815110658977
2013-10-30,378.935547,380.073334,373.197083,375.571625,371.514130,5382081,-0.5371371250583191,2013,10,2013-10,6.876250999999968,-0.8877293319752877,366.20706340000004,336.07723758,301.629472115,1.8990350483730989,386.306488,-2.7788461580277724
2013-10-31,375.967377,382.299469,375.175873,377.105164,373.031128,9207354,0.4083213155413482,2013,10,2013-10,7.123595999999964,0.3026291826378338,368.45792095,337.64937442,301.864204325,1.8988900951950372,386.306488,-2.3818714636757536
2013-11-01,379.924927,384.871857,379.133423,380.518555,376.407593,4537774,0.9051562603369679,2013,11,2013-11,5.738433999999984,0.15624876332475204,370.36991285,339.56186099999996,302.13232841,1.8138521992427623,386.306488,-1.4982748620054265
2013-11-05,382.893097,396.695038,382.893097,391.105011,386.879700,9161527,2.7821129511016878,2013,11,2013-11,13.801941,2.1447015013697097,372.60840315,341.77710026,302.466741555,1.8774810186461734,391.105011,0
2013-11-06,393.083771,396.546631,385.861267,386.900116,382.720245,6589128,-1.0751319675625342,2013,11,2013-11,10.685363999999993,-1.5731137880021986,374.74300705,343.73806706000005,302.76108451,1.8962458957892399,391.105011,-1.0751319675625342
2013-11-07,386.751709,390.709259,373.34549,376.115784,372.052368,5746480,-2.7873685103780135,2013,11,2013-11,17.36376899999999,-2.750065417293343,376.20730149999997,345.30525761999996,303.05839561,2.0411668801666143,391.105011,-3.8325325880317016
2013-11-08,374.780121,386.850647,367.310242,380.073334,375.967224,12795552,1.0522158782892155,2013,11,2013-11,19.540404999999964,1.4123515905476696,377.68891010000004,347.00799384,303.331466595,2.0413428114082435,391.105011,-2.8206432261743646
2013-11-11,375.967377,381.903687,370.525726,373.098145,369.067383,10867678,-1.8352218837851961,2013,11,2013-11,11.37796099999997,-0.7631598312850455,377.95851765000003,348.73051826000005,303.571640395,1.8027952775483287,391.105011,-4.604100048209304
2013-11-12,373.79071,375.32428,354.299774,356.179626,352.331635,8371308,-4.534602818783783,2013,11,2013-11,21.024505999999974,-4.711482529889522,376.7069429,349.95834845999997,303.75344047,1.8765268351389348,391.105011,-8.929925216427362
2013-11-13,358.158386,365.529327,358.158386,362.313812,358.399567,7569112,1.7222169804850096,2013,11,2013-11,7.370941000000016,1.1602202160917647,375.50730910000004,351.14957097999996,303.98916205499995,1.8963415551891647,391.105011,-7.361500924364277
2013-11-14,368.151215,384.129822,368.151215,382.942566,378.805420,12412670,5.693615125001091,2013,11,2013-11,15.978607000000011,4.017737928693246,375.41826490000005,352.8869361,304.355235665,2.321626659032551,391.105011,-2.087021329419886
2013-11-18,383.882477,389.818817,377.995605,388.087372,383.894623,11666439,1.3434928516147293,2013,11,2013-11,11.823212000000012,1.0953599739328612,376.3507631,354.71829292,304.843993295,2.1397080342083914,391.105011,-0.7715674601775875
2013-11-19,390.808197,391.550232,382.992035,387.19693,383.013855,4708349,-0.2294436934165452,2013,11,2013-11,8.558197000000007,-0.9240509865764145,376.92955489999997,356.57834236,305.29094932,2.116097241738493,391.105011,-0.9992408407163009
2013-11-20,384.673981,388.235779,380.320679,381.903687,377.777802,4937027,-1.3670673990106321,2013,11,2013-11,7.915099999999995,-0.7201667221677868,377.22389695000004,358.04857248,305.674089735,2.144005749640926,391.105011,-2.352647943955901
2013-11-21,379.331299,382.398407,377.30304,379.083954,374.988525,3671278,-0.7383361554192026,2013,11,2013-11,5.09536700000001,-0.06520553422616353,377.3797258,359.33576608000004,306.064403305,2.1521265933661993,391.105011,-3.073613648995151
2013-11-22,380.666962,380.666962,368.052277,370.179443,366.180206,6255613,-2.3489548702976792,2013,11,2013-11,12.614685000000009,-2.755037880066939,377.35498975,360.45080574,306.435176315,2.195825787506534,391.105011,-5.350370721790624
2013-11-25,373.197083,382.992035,373.197083,382.052124,377.924652,3853065,3.2072772339224684,2013,11,2013-11,9.794951999999967,2.372751932790421,377.6938554,361.17404854,306.87124901,2.2953142199259493,391.105011,-2.3146947099585993
2013-11-26,383.536194,387.246399,375.027466,386.108612,381.937256,5239356,1.0617629755671771,2013,11,2013-11,12.218932999999993,0.6707106239887155,378.3864274,362.15947884,307.40848671,2.293934328384594,391.105011,-1.2775083058191745
2013-11-27,389.324097,395.656189,388.433655,394.963623,390.696594,6778369,2.2933989879510874,2013,11,2013-11,7.222533999999996,1.448542754855472,379.45496685,363.46052376,307.9387986,2.3409476505168345,394.963623,0
2013-11-28,398.822235,400.751526,390.412445,393.677429,389.424347,9209776,-0.3256487243636527,2013,11,2013-11,10.339081000000022,-1.2899997915111128,380.2588456,364.72397224,308.48642479,2.3376769874577885,394.963623,-0.3256487243636527
2013-11-29,394.765747,397.58551,391.105011,394.468933,390.207275,4868508,0.201053944598885,2013,11,2013-11,6.480499000000009,-0.07518737434937169,381.203711,366.05667792,309.04295555,2.3306689824534907,394.963623,-0.12524950937063675
2013-12-02,393.776367,399.56427,391.896515,395.656189,391.381683,7712473,0.3009757931938307,2013,12,2013-12,7.667755,0.47738314371720286,382.13126225,367.33991399999996,309.59354988,2.330460768146708,395.656189,0
2013-12-03,396.744507,399.415863,391.006073,394.815216,390.549805,7643867,-0.21255145840773457,2013,12,2013-12,8.409789999999987,-0.48628045655588065,382.8460953,368.57071234,310.15576957499997,2.327728683756014,395.656189,-0.21255145840773457
2013-12-04,393.083771,396.546631,386.454895,388.483124,384.286133,4973951,-1.603811541042543,2013,12,2013-12,10.091735999999969,-1.170398612055657,382.71500095,369.43147956,310.65912056,2.278758789951264,395.656189,-1.8129540746296802
2013-12-05,396.249817,396.744507,384.080353,386.158081,381.986237,5074094,-0.5984926645101819,2013,12,2013-12,12.664153999999996,-2.546811523196243,382.6778992,370.45945379999995,311.11300224499996,2.2694967828426096,395.656189,-2.400596341992265
2013-12-06,382.893097,390.412445,381.854218,386.751709,382.573425,4703974,0.1537266806543986,2013,12,2013-12,8.558226999999988,1.0077517798655935,383.20969545,371.58834540000004,311.539428485,2.1715479044288415,395.656189,-2.250560018410322
2013-12-09,398.228607,398.327545,385.366547,389.274628,385.069122,7931898,0.6523355789489224,2013,12,2013-12,12.960997999999961,-2.2484519802466134,383.66976015,372.70338508000003,312.01557137,2.1647481857078925,395.656189,-1.6129056431870896
2013-12-10,390.610321,392.193329,385.21814,386.553833,382.377686,7677943,-0.6989397212910597,2013,12,2013-12,6.975189,-1.0384999530004742,384.34254455,373.62549445999997,312.442244955,2.1246703966000684,395.656189,-2.30057212627097
2013-12-11,381.112183,382.645752,372.108765,373.79071,369.752441,8412969,-3.3017711662427125,2013,12,2013-12,10.53698700000001,-1.9210808068027638,385.22309875,374.30322516,312.798424455,1.993986438178487,395.656189,-5.52638366538985
2013-12-12,370.129974,370.129974,355.190216,356.624847,352.772034,15588961,-4.592372828099447,2013,12,2013-12,14.939757999999983,-3.6487525865711206,384.9386505,374.70590582,313.06407509,2.235602511706676,395.656189,-9.864964351663408
2013-12-13,360.236115,367.953339,359.543549,366.419769,362.461151,8694409,2.746561851311495,2013,12,2013-12,8.409790000000044,1.7165558206178162,384.11251065,375.45487188,313.392551805,1.910159766416569,395.656189,-7.389349847880178
2013-12-16,364.094727,367.161835,361.967529,364.144196,360.210144,4804778,-0.6210289925705269,2013,12,2013-12,5.194305999999983,0.013586848787306007,382.91535185000004,376.09599554,313.741311115,1.8766748999743343,395.656189,-7.964488835532903
2013-12-17,367.755463,370.970978,360.780273,362.956909,359.035706,7048915,-0.326048585434553,2013,12,2013-12,10.19070499999998,-1.3048219490352,381.7033508,376.50955938,314.10713722500003,1.8766051741545013,395.656189,-8.264569317782108
2013-12-18,363.105347,366.91449,358.653076,364.589417,360.650543,8827030,0.44978011425594044,2013,12,2013-12,8.261414000000002,0.4087160963785067,380.8376373,376.87464362,314.45020745,1.8664800749058847,395.656189,-7.85196159284645
2013-12-19,368.052277,369.041656,360.186646,365.628265,361.678192,7497623,0.28493641108622003,2013,12,2013-12,8.855009999999993,-0.6586053534998249,380.16485285,377.30304816000006,314.84670464,1.8654055824419422,395.656189,-7.589398279322755
2013-12-20,363.402161,372.504517,363.402161,369.734222,365.739777,5363939,1.122986758149015,2013,12,2013-12,9.102356000000043,1.7424390054741612,380.1425918,377.76113469999996,315.2793145,1.8121497837368519,395.656189,-6.551639458873723
2013-12-23,369.83316,374.433807,369.140594,371.663544,367.648254,3263969,0.5218132066768797,2013,12,2013-12,5.29321299999998,0.4949215478676874,379.6231628,378.18558233999994,315.71513984999996,1.6554703408252394,395.656189,-6.0640135721471005
2013-12-24,371.713013,372.009827,367.557587,368.695374,364.712128,2297787,-0.7986174721510987,2013,12,2013-12,4.452239999999961,-0.8118195743660914,378.7525009,378.20536994,316.131919485,1.6374719704616891,395.656189,-6.814202772397418
2013-12-26,369.041656,372.553986,364.094727,366.320831,362.363251,5597813,-0.6440392712928416,2013,12,2013-12,8.459259000000031,-0.7372677191758512,377.3203613,377.90756414000003,316.53014809,1.5285074599380577,395.656189,-7.414355901810494
2013-12-27,367.161835,370.426788,364.985168,367.953339,363.978149,3337688,0.4456497861569958,2013,12,2013-12,5.44162,0.21557360393953573,376.0341568,377.54050115999996,316.88335961,1.5392306491090226,395.656189,-7.001748176874837
2013-12-30,370.179443,374.087524,368.39856,370.822571,366.816376,3732808,0.779781482021,2013,12,2013-12,5.688963999999999,0.17373412061673835,374.85183870000003,377.26248358,317.206889425,1.5550170951817601,395.656189,-6.27656503055485
2013-12-31,370.129974,374.087524,370.129974,372.405579,368.382263,4388182,0.4268909510365287,2013,12,2013-12,3.9575499999999693,0.6148124064115879,373.6893082,377.321847,317.55564857999997,1.5578177125261174,395.656189,-5.876468167669683
2014-01-01,373.543365,374.780121,370.080505,370.970978,366.963165,1364747,-0.3852254318671167,2014,01,2014-01,4.699615999999992,-0.6886448110248169,372.4970963,377.22884467999995,317.907623375,1.5578405289211779,395.656189,-6.23905594965936
2014-01-02,370.970978,372.207703,365.281982,368.39856,364.418579,3015089,-0.6934283684046108,2014,01,2014-01,6.925720999999953,-0.6934283684046108,371.4928681,377.07647896000003,318.257866755,1.5307825932608252,395.656189,-6.889220934188398
2014-01-03,364.094727,364.094727,356.179626,358.850952,354.974121,5004049,-2.5916518240462096,2014,01,2014-01,7.915100999999993,-1.4402227253348745,370.12751165,376.73415046,318.54478921,1.6168653050373725,395.656189,-9.30232813823114
2014-01-06,363.600037,366.568176,360.335052,363.05584700000003,359.133575,5490077,1.1717664329897115,2014,01,2014-01,6.233123999999975,-0.14966720149149979,368.94271855,376.58178412,318.87103982,1.6493701682366328,395.656189,-8.239563263851778
2014-01-07,363.105347,366.073486,359.889832,361.225494,357.322998,4020899,-0.5041519135759855,2014,01,2014-01,6.18365399999999,-0.5177155928799828,367.54026185000004,376.30079778,319.188138665,1.6343359282784602,395.656189,-8.70217526156275
2014-01-08,361.225494,367.656525,360.681335,366.320831,362.363251,5455728,1.41056959839052,2014,01,2014-01,6.975189999999998,1.41056959839052,366.52861175000004,376.18207096,319.579688805,1.678800625355837,395.656189,-7.414355901810494
2014-01-09,368.250153,368.448029,361.126556,364.045258,360.112274,3603790,-0.6211967235900948,2014,01,2014-01,7.321473000000026,-1.1418583171640995,366.04133915,375.99111944,319.980885555,1.5224707628719993,395.656189,-7.989494889463235
2014-01-10,366.073486,366.667114,361.621246,363.105347,359.182526,3100755,-0.2581852061921364,2014,01,2014-01,5.045868000000041,-0.8108041454824204,366.36536415,375.70122929999997,320.40335427499997,1.103237423718167,395.656189,-8.227052401801298
2014-01-13,368.695374,375.423218,367.804932,372.158234,368.137604,6706639,2.4931847120389548,2014,01,2014-01,7.618286000000012,0.9392198123972063,366.65228740000003,375.63296148,320.85105233499996,1.072215070185784,395.656189,-5.938983302495489
2014-01-14,371.119385,371.515137,364.193665,367.854401,363.880280,3272370,-1.1564524459775885,2014,01,2014-01,7.321471999999972,-0.8797664934694873,366.83779764999997,375.44794622,321.336841825,1.0971185298193282,395.656189,-7.026754230805167
2014-01-15,370.031036,374.136993,368.744843,373.296021,369.263123,4846708,1.4792863658031918,2014,01,2014-01,5.392150000000015,0.8823543655403068,367.35475325000004,375.30349554000003,321.86591699,1.137518626454306,395.656189,-5.651413682296775
2014-01-16,374.977997,374.977997,362.90744,365.826141,361.873962,7788351,-2.0010607077968263,2014,01,2014-01,12.070557000000008,-2.440638136962476,367.41658945,374.79791814,322.355663995,1.231294507712402,395.656189,-7.539386171462106
2014-01-17,363.600037,369.932098,363.154816,365.776672,361.825012,5000974,-0.013522543759383169,2014,01,2014-01,6.777282000000014,0.5986344275317093,367.4240098,374.37544926000004,322.82018151,1.2297750890436465,395.656189,-7.551889198427266
2014-01-20,367.112366,372.751862,366.568176,370.921509,366.914246,3246922,1.406551427095929,2014,01,2014-01,6.183686000000023,1.0375959386778069,367.48337415000003,374.27156376,323.34332039500003,1.2448341038635915,395.656189,-6.251558976624519
2014-01-21,371.020447,383.684601,368.250153,380.716431,376.603363,5781491,2.640699383113958,2014,01,2014-01,15.434447999999975,2.6133287473506845,367.9360185,374.2844257,323.933490225,1.3730486904759964,395.656189,-3.7759444728412888
2014-01-22,377.401978,383.387787,376.016846,382.002625,377.875641,5654756,0.33783516950441866,2014,01,2014-01,7.370941000000016,1.2190309717984673,368.60138105,374.4625153,324.521681145,1.3560347549512486,395.656189,-3.4508657717470865
2014-01-23,381.161652,384.871857,376.659943,379.529175,375.428925,3790225,-0.6474955505868615,2014,01,2014-01,8.211913999999979,-0.42828993720490915,369.26179824999997,374.92950628,325.146974265,1.35614634089661,395.656189,-4.076017120005161
2014-01-24,374.977997,377.995605,364.88623,366.469238,362.510071,3620342,-3.44108908096459,2014,01,2014-01,13.109375,-2.2691355407714755,369.1875932,375.0126148,325.704494255,1.577414354943689,395.656189,-7.376846820915006
2014-01-27,359.147766,359.147766,341.882965,344.554321,340.831940,9238425,-5.980015435838574,2014,01,2014-01,17.264800999999977,-4.063353967792737,367.8741807,374.24484989999996,326.16480698,2.0523600085687934,395.656189,-12.915725678184694
2014-01-28,341.833496,355.585999,341.833496,352.469421,348.661499,6612172,2.297199459588259,2014,01,2014-01,13.75250299999999,3.1114344043100988,366.8773728,373.53249087999995,326.65727478,2.13056629753,395.656189,-10.915226199077598
2014-01-29,356.278564,358.702545,346.829895,348.017181,344.257355,3287502,-1.263156385983344,2014,01,2014-01,11.872649999999965,-2.318798781281723,365.72968295,372.7488959,327.0970578,2.1424488449571464,395.656189,-12.040506208282766
2014-01-30,345.59317,363.600037,345.296356,357.911041,354.044312,9116541,2.8429228613285096,2014,01,2014-01,18.303680999999983,3.5642692244178398,365.20530700000006,372.26904298,327.56083328,2.251155425407189,395.656189,-9.539885650569206
2014-01-31,354.596588,354.596588,343.317566,345.840515,342.104218,6933187,-3.37249333417463,2014,01,2014-01,11.279021999999998,-2.4693054858159025,364.55478515,371.6041742,327.914044795,2.302465930000089,395.656189,-12.590646977090508
2014-02-03,343.317566,346.038391,332.038544,332.830078,329.234375,5637192,-3.7619759500994174,2014,02,2014-02,13.999846999999988,-3.054748442437689,363.0434967,370.8571869,328.21704482499996,2.413990293834941,395.656189,-15.878965815949861
2014-02-04,328.575684,343.020752,328.575684,342.179779,338.483032,11461601,2.809151461365214,2014,02,2014-02,14.445067999999992,4.1403231165456456,362.09121095,370.05974000000003,328.597217095,2.518310107551614,395.656189,-13.515878554853083
2014-02-05,339.360016,354.695526,335.946625,351.331604,347.536011,9438000,2.6745662840585416,2014,02,2014-02,18.74890099999999,3.527695496101124,361.3417496,369.36419984,329.013501885,2.5770869591795917,395.656189,-11.202803401616942
2014-02-06,349.303375,356.426971,345.296356,353.854553,350.031677,8085726,0.7181104606803271,2014,02,2014-02,11.130614999999977,1.3029298671963856,360.83221435,368.54201844000005,329.441164695,2.582326112297601,395.656189,-10.565141444053078
2014-02-07,356.179626,359.147766,352.321014,356.377502,352.527374,5491087,0.7129904020197764,2014,02,2014-02,6.826751999999999,0.05555511476672951,360.49582210000005,367.79601990000003,329.825789175,2.5885126364209863,395.656189,-9.927479486489213
2014-02-10,361.126556,363.501099,354.200836,360.186646,356.295380,6579782,1.0688508614104386,2014,02,2014-02,9.30026300000003,-0.2602716372927162,359.8972427,367.11037416,330.21560805499996,2.533544888253559,395.656189,-8.964738575086459
2014-02-11,377.006226,378.638733,366.716583,370.525726,366.522766,15829803,2.8704784352277244,2014,02,2014-02,11.922149999999988,-1.7189371297014084,360.03080895000005,366.60776490000006,330.67567336,2.6068368921021423,395.656189,-6.351591027431133
2014-02-12,372.009827,378.935547,371.168854,372.652924,368.626953,7803372,0.5741026467889477,2014,02,2014-02,7.766692999999975,0.17287097095959555,359.9986541,366.16451906000003,331.08800078499996,2.588856993568315,395.656189,-5.813953032843877
2014-02-13,375.967377,379.380768,370.723633,371.960358,367.941864,6825757,-0.18584746164503446,2014,02,2014-02,8.657134999999982,-1.0657890139228794,360.30536495,365.83406374,331.48202453,2.5455966053566033,395.656189,-5.988995410356137
2014-02-14,376.165253,385.861267,376.165253,384.673981,380.518158,6760699,3.418004829428636,2014,02,2014-02,9.696013999999991,2.261965434643699,361.2502304,365.80438174000005,331.940358425,2.6500238144660857,395.656189,-2.775694733287733
2014-02-17,387.889496,391.253418,380.172272,382.497345,378.365051,8642839,-0.5658391540653825,2014,02,2014-02,11.08114599999999,-1.3901255526651364,361.8290222,365.71929446,332.368763425,2.6428180346406576,395.656189,-3.3258279197548424
2014-02-18,383.833008,390.066162,381.211121,387.246399,383.062775,6076398,1.241591363202796,2014,02,2014-02,8.855041000000028,0.8892906365155521,362.1555206,365.67872988000005,332.83402313,2.5924981104401588,395.656189,-2.1255297487587104
2014-02-19,387.840027,388.829407,383.783539,387.345337,383.160614,3946755,0.02554910781752048,2014,02,2014-02,5.0458679999999845,-0.1275500117475106,362.4226562,365.69455996,333.35790405,2.59204093552091,395.656189,-2.1005236948283934
2014-02-20,387.345337,390.808197,385.267609,387.69162,383.503174,6735367,0.08939903670507543,2014,02,2014-02,5.540588000000014,0.08939903670507543,362.83077845,365.97257815999996,333.85655548,2.586060164806403,395.656189,-2.0130025060722567
2014-02-21,390.808197,393.578491,388.681,391.995453,387.760529,6397085,1.110117623899118,2014,02,2014-02,4.897491000000002,0.3037950608799515,364.1070892,366.67999027999997,334.34036606,2.451210303117948,395.656189,-0.9252315777625775
2014-02-24,392.836426,396.5961,390.016693,392.341736,388.103058,5249755,0.08833852468182281,2014,02,2014-02,6.579407000000003,-0.12592773155918882,366.49645995000003,367.19842962,334.81675629,1.948304194326587,395.656189,-0.8377103890064406
2014-02-25,394.765747,395.458313,389.373566,394.271057,390.011536,3064479,0.49174503321256624,2014,02,2014-02,6.084746999999993,-0.12531229058229093,368.58654175000004,367.80096684000006,335.30353516,1.9103798956637357,395.656189,-0.35008475502451925
2014-02-26,392.885895,398.278076,391.847046,396.942383,392.653992,7317594,0.6775354042789963,2014,02,2014-02,6.431030000000021,1.032485017055652,371.03280185000006,368.48067632,335.759395605,1.860504293086422,396.942383,0
2014-02-28,405.649017,413.761993,400.05896,412.525269,408.068573,12677990,3.9257299465549824,2014,02,2014-02,13.703033000000005,1.6951235456833278,373.76351325,369.43939336000005,336.35055497,1.9408872695216115,412.525269,0
2014-03-03,410.595947,410.595947,403.917572,406.341583,401.951660,6684037,-1.4989835689313777,2014,03,2014-03,6.678375000000017,-1.036143690916659,376.78856665,370.25365972,336.89669709000003,1.7701374528718463,412.525269,-1.4989835689313777
2014-03-04,406.885742,416.235443,401.493591,408.518219,404.104767,5615889,0.5356665650436209,2014,03,2014-03,14.741851999999994,0.40121263329988943,380.57297370000003,371.02933965999995,337.41142609499997,1.407896264001949,412.525269,-0.9713465576820198
2014-03-05,410.595947,411.783203,402.829254,405.253265,400.875092,4045134,-0.7992187002068539,2014,03,2014-03,8.953949000000023,-1.3012018357794517,383.726648,371.70113408,337.93555436,1.4003066357337142,412.525269,-1.7628020745560635
2014-03-06,407.133087,407.924591,400.108429,404.115448,399.749573,5718053,-0.2807668927725935,2014,03,2014-03,7.81616200000002,-0.7411922775021168,386.3658402,372.40953556,338.45547761,1.3537530832343676,412.525269,-2.038619602718195
2014-03-07,404.164917,411.43692,401.196777,404.758545,400.385712,6061674,0.1591369503894866,2014,03,2014-03,10.24014299999999,0.14687766677185982,388.9110398,373.17828984,338.985047315,1.3593544093769183,412.525269,-1.8827268493945164
2014-03-10,400.108429,402.334564,389.274628,391.797577,387.564789,5839956,-3.2021480855950886,2014,03,2014-03,13.059935999999993,-2.077149941772412,390.68204355,373.6551746,339.49482942000003,1.613031617351721,412.525269,-5.024587233224734
2014-03-11,388.829407,400.207367,388.829407,393.726898,389.473267,6113727,0.49242800702670403,2014,03,2014-03,11.377959999999973,1.2595474806770472,392.35905615,374.11326114,340.02316255,1.6072305909546454,412.525269,-4.556901700971917
2014-03-12,392.885895,393.776367,383.882477,384.72345,380.567078,4526604,-2.2867241343516214,2014,03,2014-03,9.893889999999999,-2.077561221687531,393.06894235,374.35961856,340.50697312999995,1.6135585858459713,412.525269,-6.739422064348734
2014-03-13,389.274628,392.440674,380.7659,383.882477,379.735199,3899249,-0.21859156232873758,2014,03,2014-03,11.674774000000014,-1.3851791542910452,393.63042,374.61784853999995,341.00117235,1.613634031760209,412.525269,-6.943281818695084
2014-03-14,378.935547,390.511383,378.935547,389.076752,384.873352,3242784,1.353089893707236,2014,03,2014-03,11.575836000000038,2.67623480570431,394.48623970000006,375.03141238000006,341.489682485,1.6328096950149595,412.525269,-5.684140769568223
2014-03-18,389.818817,393.13324,376.462067,377.204102,373.128967,6884223,-3.0514930380625827,2014,03,2014-03,16.67117300000001,-3.2360456832436713,394.11274575000004,375.39847538000004,341.91239840000003,1.6103014958178652,412.525269,-8.562182647773755
2014-03-19,381.804749,383.536194,375.522156,380.27121,376.162903,6332285,0.8131162900238076,2014,03,2014-03,8.014038000000028,-0.40165529737819444,394.001439,375.74278264000003,342.31087435499995,1.618162227731579,412.525269,-7.818686859640588
2014-03-20,377.946136,380.914307,374.730652,375.670563,371.611969,4136724,-1.209833108322868,2014,03,2014-03,6.1836549999999875,-0.6020892352766396,393.42264720000003,376.03168402000006,342.620800045,1.6106587089225353,412.525269,-8.933926905699433
2014-03-21,378.094543,385.861267,377.847198,385.020264,380.860687,5746378,2.488803201756317,2014,03,2014-03,8.014069000000006,1.8317431785837783,393.30639355000005,376.40567268,342.996025265,1.7147434248724216,412.525269,-6.667471562814733
2014-03-24,386.850647,390.264038,385.119202,387.345337,383.160614,3193454,0.6038832802836516,2014,03,2014-03,5.144836000000055,0.12787622402502832,393.2890794,376.87167426,343.37916567499997,1.7202601294248536,412.525269,-6.103852028516588
2014-03-25,387.840027,389.324097,382.546814,386.70224,382.524506,3932786,-0.16602678245225777,2014,03,2014-03,6.777283000000011,-0.2933650270192465,393.02441875,377.34361212000005,343.798418755,1.7008490195284909,412.525269,-6.2597447818402525
2014-03-26,390.412445,398.723297,390.412445,397.387634,393.094421,7426496,2.763209750220214,2014,03,2014-03,8.310852000000011,1.7866205571392582,393.27671365000003,377.84820012000006,344.26516253,1.8140486514527885,412.525269,-3.669504909770749
2014-03-27,398.723297,400.652588,389.571442,392.490143,388.249878,9264824,-1.2324215906527183,2014,03,2014-03,11.08114599999999,-1.563278104614994,393.18766795,378.34091496,344.71038698999996,1.8342835793240633,412.525269,-4.856702729645391
2014-03-28,396.546631,399.06958,391.203949,393.083771,388.837097,3401201,0.15124660086050207,2014,03,2014-03,7.865630999999951,-0.8732541722186458,392.99473735000004,378.73666996,345.182324855,1.8277145551141685,412.525269,-4.712801726577377
2014-03-31,396.744507,399.861084,392.440674,394.419464,390.158325,4162936,0.3397985616658776,2014,03,2014-03,7.420410000000004,-0.5860302937981178,392.08944710000003,379.30853642,345.689880855,1.577719825880811,412.525269,-4.389017197392573
2014-04-01,400.850464,402.186157,395.260437,398.871704,394.562500,3988380,1.1288083896387064,2014,04,2014-04,6.925719999999956,-0.4936404414390214,391.71595315,379.97043706,346.23404421500004,1.5743420447783951,412.525269,-3.3097524021007207
2014-04-02,402.482971,410.595947,400.702057,409.705505,405.279236,6361767,2.7161116949022768,2014,04,2014-04,9.893889999999999,1.7944943066920453,391.77531745,380.74611698,346.83039782,1.6904984563416754,412.525269,-0.68353727926421
2014-04-03,411.486389,413.564117,402.779785,406.98468,402.587769,5358380,-0.6640928586009579,2014,04,2014-04,10.784332000000006,-1.0940116417799541,391.8618882,381.27148196,347.46558474,1.6872848297310474,412.525269,-1.3430908156076993
2014-04-04,410.002319,410.002319,400.157898,401.196777,396.862457,2931936,-1.4221427204581825,2014,04,2014-04,9.844421000000011,-2.147681023238311,391.71595465,381.655365,348.00331712999997,1.7175534876503389,412.525269,-2.7461328678025745
2014-04-07,400.751526,405.649017,396.5961,399.712677,395.394379,3833276,-0.36991822593829365,2014,04,2014-04,9.052917000000036,-0.2592252137799788,391.46366125,382.05903504,348.520519585,1.7186875038230636,412.525269,-3.1058926477543842
2014-04-09,403.670227,418.313171,403.175537,416.43335,411.934387,6959992,4.18317305457891,2014,04,2014-04,15.137633999999991,3.1617697185281903,392.69544989999997,383.05831728,349.13047732,1.7970794913671084,416.43335,0
2014-04-10,418.511047,430.383698,418.511047,426.228271,421.623535,6388136,2.3520981208637557,2014,04,2014-04,11.872650999999962,1.8439713970083058,394.32051855,384.69179628,349.81661776,1.853657286657244,426.228271,0
2014-04-11,424.34845,433.153992,417.719543,419.104675,414.576874,6147582,-1.671310066619213,2014,04,2014-04,15.43444900000003,-1.235723849115044,396.0395798,386.02450136,350.483712485,1.8110918252109187,426.228271,-1.671310066619213
2014-04-15,421.083466,424.892609,404.709076,407.578308,403.175018,6939177,-2.7502358450189073,2014,04,2014-04,20.18353300000001,-3.2072401531909103,397.22437135,387.2157239,351.10158510499997,1.9434989240325182,426.228271,-4.375580943104549
2014-04-16,405.154327,414.504028,405.00592,406.786804,402.392059,3823079,-0.19419679223948663,2014,04,2014-04,9.498108000000002,0.4029272035887684,398.10987395,388.19323916,351.73108309,1.9308733105095919,426.228271,-4.561280497510684
2014-04-17,410.94223,426.030396,410.892761,424.546326,419.959747,4626464,4.365805828843947,2014,04,2014-04,15.137634999999989,3.3104643443434925,400.47698515,389.76735538,352.46149874,1.9770836015149096,426.228271,-0.3946113184969809
2014-04-21,420.3909,429.938477,419.648834,427.514465,422.895782,2848869,0.6991319482058009,2014,04,2014-04,10.289642999999955,1.6945098002834946,402.83914790000006,391.66104312000004,353.250288105,1.9766354373347705,427.514465,0
2014-04-22,426.327209,430.086884,422.072845,424.249512,419.666138,2514731,-0.7637058549586133,2014,04,2014-04,8.014039000000025,-0.4873479703238929,405.26809535,393.30243778000005,354.03437807,1.9574946375704088,427.514465,-0.7637058549586133
2014-04-23,425.733582,429.097504,417.818481,420.539307,415.995972,5441306,-0.8745337107187936,2014,04,2014-04,11.279022999999995,-1.2200764091943312,407.04404750000003,394.68659184000006,354.74550065999995,1.9335360443298237,427.514465,-1.6315607005250607
2014-04-24,420.539307,420.539307,420.539307,420.539307,415.995972,0,0,2014,04,2014-04,0,0,408.703746,396.02028692,355.4145743,1.9358802405963202,427.514465,-1.6315607005250607
2014-04-25,420.539307,426.178802,418.115295,418.758392,414.234344,4162636,-0.42348360078502556,2014,04,2014-04,8.063507000000016,-0.42348360078502556,410.30655360000003,397.26790472,356.09131548,1.9408984499906532,427.514465,-2.0481349093065093
2014-04-28,418.609985,418.609985,410.595947,412.030548,407.579163,3555731,-1.6066171158666605,2014,04,2014-04,8.014037999999971,-1.5717343674924487,411.0386993,398.30478276,356.74554811499996,1.908530664315856,427.514465,-3.6218463391642115
2014-04-29,411.634796,414.355621,403.274475,404.610138,400.238892,2405270,-1.8009368567497581,2014,04,2014-04,11.08114599999999,-1.7065267728241291,411.64469905000004,398.986471,357.32260851,1.9350095697509326,427.514465,-5.357556030297119
2014-04-30,409.309753,413.564117,399.910553,410.348602,405.915375,5643784,1.4182699495285562,2014,04,2014-04,13.653564000000017,0.25380509318086725,412.5079406,399.74038456,357.909068165,1.9550093669976691,427.514465,-4.0152706879754225
2014-05-02,413.564117,415.839691,406.836273,410.348602,405.915375,2847110,0,2014,05,2014-05,9.00341800000001,-0.7775130548862348,413.30439750000005,400.50814943999995,358.53708207999995,1.9555097540009558,427.514465,-4.0152706879754225
2014-05-05,404.214386,411.486389,404.214386,410.051788,405.621765,2476756,-0.0723321582072894,2014,05,2014-05,7.272002999999984,1.4441351426814377,413.86340170000005,401.01570558,359.157180955,1.9444170578565358,427.514465,-4.084698514236234
2014-05-06,410.497009,417.521667,410.101257,414.701904,410.221649,2765256,1.1340313921518679,2014,05,2014-05,7.420410000000004,1.0243424209699958,414.11322165,401.65979676,359.825512405,1.8653600250048694,427.514465,-2.996988885510566
2014-05-07,414.553497,417.224854,411.090637,412.277893,407.823853,3416541,-0.584518898181863,2014,05,2014-05,6.134216999999978,-0.548928911821479,414.37788230000007,402.16042664,360.477518935,1.8637804306999806,427.514465,-3.56398981728021
2014-05-08,415.443939,419.698303,413.118896,418.560516,414.038574,3073390,1.523880641351779,2014,05,2014-05,6.579407000000003,0.7501799177770665,415.24606925,402.78473022,361.12334183999997,1.8551323544846858,427.514465,-2.094420126813713
2014-05-09,419.450958,424.546326,414.800842,422.963287,418.393768,5055987,1.0518839765574,2014,05,2014-05,9.745484000000033,0.8373634469086051,416.40859975,403.49016356,361.811213695,1.8582441236828662,427.514465,-1.0645670199720596
2014-05-12,422.864349,441.761658,421.973907,440.475464,435.716766,6378245,4.140353912087885,2014,05,2014-05,19.787751000000014,4.164719736162952,417.61070545,404.45976378,362.571310895,1.8535526137708382,440.475464,0
2014-05-13,442.503693,450.913513,434.143372,436.270569,431.557312,5529371,-0.9546263852735202,2014,05,2014-05,16.770141000000024,-1.408603837346952,418.11282035000005,405.33834044,363.34154939,1.807514911347203,440.475464,-0.9546263852735202
2014-05-14,435.330658,441.365906,429.443787,437.655701,432.927490,2909047,0.3174937982121821,2014,05,2014-05,11.92211900000001,0.5340866665999879,419.04037165,406.20603331999996,364.11055101,1.7570973532066942,440.475464,-0.6401634666306785
2014-05-15,440.277588,443.888855,432.510895,434.984344,430.284973,4399959,-0.610378659273994,2014,05,2014-05,11.377959999999973,-1.2022515213742742,420.41067345,406.96687254000005,364.82785707000005,1.6262714935844174,440.475464,-1.2466347047198905
2014-05-16,439.387146,460.065338,438.793488,445.076111,440.267731,9495197,2.3200299365257164,2014,05,2014-05,21.271849999999972,1.2947499834235143,422.32513880000005,407.61788937999995,365.57979173499996,1.679256957840436,445.076111,0
2014-05-19,451.160858,452.941742,438.100922,439.68396,434.933807,5885250,-1.2115121137112688,2014,05,2014-05,14.840819999999951,-2.5438594231949097,423.0820205,408.28473692,366.30006609,1.4437881925834486,445.076111,-1.2115121137112688
2014-05-20,441.316437,447.054901,431.966736,435.18222,430.480713,6295237,-1.0238581366488875,2014,05,2014-05,15.088164999999947,-1.3899815383490994,423.46540825,408.81801694,367.005252245,1.4627830876679404,445.076111,-2.2229660850074366
2014-05-21,437.606232,440.228119,429.493256,432.313019,427.642517,5302879,-0.6593102539896909,2014,05,2014-05,10.734863000000018,-1.2095835509033566,423.8685836000001,409.35921202,367.68323030499994,1.459725764471441,445.076111,-2.86762009565596
2014-05-22,432.857178,436.468445,423.705322,426.228271,421.623535,7668503,-1.4074866433758708,2014,05,2014-05,12.76312299999995,-1.5314305357320355,424.1530318,409.80146848000004,368.38000673000005,1.483208701219739,445.076111,-4.234745369202711
2014-05-23,422.81488,435.231689,420.489838,426.722961,422.112854,7404500,0.11606222150383624,2014,05,2014-05,14.741850999999997,0.9243007247048592,424.4622145,410.24075680000004,369.050564285,1.4831163847449194,445.076111,-4.123598087249402
2014-05-26,433.351868,448.934723,433.351868,439.337677,434.591278,9211965,2.956184024041769,2014,05,2014-05,15.582854999999995,1.3812814578660038,425.49117875,411.1915588,369.83786973499997,1.609482688345007,445.076111,-1.2893152110785924
2014-05-27,442.602631,446.560181,428.899628,431.966736,427.299988,5553985,-1.6777393303329093,2014,05,2014-05,17.660552999999993,-2.403034743821925,426.48798815,411.95635556,370.56061754,1.6138787270885233,445.076111,-2.9454231930232715
2014-05-28,428.404938,431.175201,419.005737,424.200043,419.617188,8522101,-1.7979840466234491,2014,05,2014-05,12.169464000000005,-0.9815234669400618,427.46748340000005,412.74588742,371.252199725,1.6136814698292992,445.076111,-4.690449000530615
2014-05-29,419.945648,427.761841,416.878571,419.797241,415.261963,7166289,-1.0379070140735485,2014,05,2014-05,10.883269999999982,-0.03533957327735425,427.93991535000004,413.46418270000004,371.9143474,1.613468063526084,445.076111,-5.6796735154361135
2014-05-30,407.133087,417.719543,402.730316,410.645416,406.208984,11146212,-2.1800583963342377,2014,05,2014-05,14.989226999999971,0.8626980002733167,427.95475605,413.89555598,372.55893358000003,1.6940638666826768,445.076111,-7.735911712412714
2014-06-02,410.595947,418.214233,406.193176,416.284912,411.787567,5511595,1.3733249612117935,2014,06,2014-06,12.021056999999985,1.3855385182357867,428.26641225000003,414.67717217999996,373.21786577,1.720679441420076,445.076111,-6.468825957724792
2014-06-03,412.921021,419.500427,411.832672,416.43335,411.934387,8909589,0.035657790066625984,2014,06,2014-06,7.667755,0.8506055205167242,428.35298455000003,415.40041498,373.920331135,1.7030207602029015,445.076111,-6.435474808037946
2014-06-04,420.489838,424.942078,416.532288,417.571136,413.059875,6501247,0.27322163318571996,2014,06,2014-06,8.409789999999987,-0.6941195092567245,428.6176467,416.23842644,374.62898012,1.6974032146801628,445.076111,-6.179836284226003
2014-06-05,415.542877,431.422546,412.723145,430.383698,425.734039,9086539,3.068354322268088,2014,06,2014-06,18.699401000000023,3.5714295254301773,429.20880580000005,417.14569512,375.389324665,1.7987821316270036,445.076111,-3.3011012356940554
2014-06-06,432.362488,435.825348,423.952698,434.440186,429.746704,8151455,0.9425282646277188,2014,06,2014-06,11.872650000000021,0.48054538903476707,429.78265075,418.08759210000005,376.122708305,1.7960752130350854,445.076111,-2.3896867832567272
2014-06-09,434.835938,448.58844,434.835938,443.839386,439.044312,7065184,2.1635199281495585,2014,06,2014-06,13.752501999999993,2.070539073060698,429.95084685,419.23033502,376.763336965,1.6095813878662726,445.076111,-0.2778682048832846
2014-06-10,445.521332,450.56723,437.754639,448.58844,443.742065,6419352,1.0699938197913785,2014,06,2014-06,12.812590999999998,0.6884312331872853,430.56674039999996,420.25435114,377.45318758,1.606718374244148,448.58844,0
2014-06-11,447.203308,448.687378,433.104523,441.019623,436.255035,5884465,-1.687251905109273,2014,06,2014-06,15.582855000000052,-1.3827458092058587,430.7349365,421.22494074,378.165794085,1.6575483861307083,448.58844,-1.687251905109273
2014-06-12,440.277588,446.659149,437.062073,444.779297,439.974091,4270136,0.8524958536822206,2014,06,2014-06,9.597076000000015,1.0224706236920706,431.22468415000003,422.25885126000003,378.96521944,1.6590906137377979,448.58844,-0.849139803959283
2014-06-13,445.175049,445.471863,430.383698,433.599213,428.914795,5456728,-2.513625088984294,2014,06,2014-06,15.088165000000004,-2.600288588950092,430.65083925,423.04244624,379.731500265,1.6744104097393635,448.58844,-3.341420701790704
2014-06-16,431.867798,433.599213,424.496857,426.27774,421.672455,4802036,-1.688534660693682,2014,06,2014-06,9.102356000000043,-1.2943910210225953,429.98052825,423.59056696,380.41863008499996,1.6940994185916758,448.58844,-4.973534315775056
2014-06-17,429.493256,438.496674,422.617004,436.2211,431.508362,4886836,2.3326012754032113,2014,06,2014-06,15.879669999999976,1.5664609178403504,430.03247225000007,424.12087886,381.11095430499995,1.76674347393454,448.58844,-2.75694576525423
2014-06-18,439.782898,440.277588,425.980927,428.553345,423.923462,3046408,-1.7577680217669434,2014,06,2014-06,14.296660999999972,-2.5534310340553557,429.84448855,424.55225215999997,381.77903841500006,1.805833504385175,448.58844,-4.466253075982077
2014-06-19,433.351868,439.090332,430.383698,433.945496,429.257355,6736247,1.2582216573295006,2014,06,2014-06,8.706634000000008,0.13698521774918643,430.2303498,425.20722653999997,382.51390627499995,1.7970284950504551,448.58844,-3.264226782125727
2014-06-20,436.517914,437.358887,428.355469,433.401337,428.719055,4781531,-0.1253980062049035,2014,06,2014-06,9.003417999999954,-0.7139631387499039,430.5642686,425.88099974,383.20697238,1.7977616765711868,448.58844,-3.3855315130278387
2014-06-23,431.76886,437.804108,426.624023,430.977325,426.321259,3799762,-0.5592996128666775,2014,06,2014-06,11.180084999999963,-0.1833237811545766,430.146251,426.17187923999995,383.84809557499995,1.6704345063035697,448.58844,-3.9258958612486725
2014-06-24,429.493256,440.871216,429.493256,437.457825,432.731720,4020018,1.503675396379614,2014,06,2014-06,11.37796000000003,1.8544107244375545,430.42080545,426.39647032,384.55501315000004,1.662014751524641,448.58844,-2.4812531950221404
2014-06-25,436.369507,443.839386,434.539124,438.546143,433.808319,4478733,0.24878238262167524,2014,06,2014-06,9.300261999999975,0.49880570596331186,431.13811045,426.78529968000004,385.26514621,1.6024810032524208,448.58844,-2.2386437332179177
2014-06-26,438.298798,444.086731,431.570984,433.351868,428.670135,4074119,-1.184430665486425,2014,06,2014-06,12.515746999999976,-1.1286661114685403,431.8158418,427.30077087999996,385.96093326000005,1.6086584735097544,448.58844,-3.3965592158371196
2014-06-27,432.461426,436.171631,425.535706,427.761841,423.140503,2621189,-1.2899510565857353,2014,06,2014-06,10.635924999999986,-1.0867061701822194,432.67166305,427.72027162,386.55778156,1.5514782835022598,448.58844,-4.642696320930603
2014-06-30,429.394318,431.570984,424.496857,426.722961,422.112854,3244342,-0.24286411279027714,2014,06,2014-06,7.074127000000033,-0.6221221120117385,433.19356550000003,427.76380431999996,387.117774995,1.5299559145691408,448.58844,-4.874284990491506
2014-07-01,428.207062,448.09375,428.207062,446.016022,441.197510,6431546,4.521214643521379,2014,07,2014-07,19.886687999999992,4.158959900572591,434.67269910000005,428.13383546,387.775717805,1.8165549766542588,448.58844,-0.5734472337271933
2014-07-02,446.60965,453.733246,440.376526,450.962982,446.090973,5826459,1.1091440118713918,2014,07,2014-07,13.356719999999996,0.9747509934010659,436.34229139999997,428.66810486,388.30108279499996,1.8240719181518312,450.962982,0
2014-07-03,450.962982,467.782562,450.171448,464.764923,459.743835,10138512,3.060548548528091,2014,07,2014-07,17.611113999999986,3.060548548528091,438.06135265,429.55261718,388.94072192499993,1.8234719102731236,464.764923,0
2014-07-04,465.012268,469.217163,461.549408,464.468109,459.450256,7059490,-0.06386325329460879,2014,07,2014-07,7.667755,-0.11702035353613062,439.5627488,430.43119322,389.61350558500004,1.821617359848367,464.764923,-0.06386325329460879
2014-07-07,468.969818,474.856689,467.089996,473.768372,468.650024,5301439,2.0023469469246105,2014,07,2014-07,7.766693000000032,1.023211689925859,441.05919810000006,431.53139282000006,390.32982241999997,1.813512433736601,473.768372,0
2014-07-08,474.411469,479.556274,460.411621,465.012268,459.988464,6757729,-1.8481824700615501,2014,07,2014-07,19.14465299999995,-1.981233931762304,441.8803895,432.59102722000006,391.01571551499995,1.8684445859687704,473.768372,-1.8481824700615501
2014-07-09,464.814392,464.91333,448.192688,452.397583,449.422516,3927485,-2.7127639135748582,2014,07,2014-07,16.720641999999998,-2.6713477925184383,442.44928749999997,433.54677612,391.620231505,1.9357184238492386,473.768372,-4.510809556531562
2014-07-10,455.316284,469.711884,444.977173,448.341095,445.392700,5359992,-0.8966643838148007,2014,07,2014-07,24.734711000000004,-1.5319436719289399,442.6273774,434.30662598000004,392.19556048500004,1.9415817990816362,473.768372,-5.36702711763123
2014-07-11,450.418793,456.553009,439.090332,441.217499,438.315948,2738220,-1.5888786639110162,2014,07,2014-07,17.462676999999985,-2.042830837211541,443.0082917,434.92400392,392.674424165,1.8873802993564475,473.768372,-6.870630232783885
2014-07-14,440.277588,453.980591,437.903046,451.160858,448.193909,3611521,2.253618458591563,2014,07,2014-07,16.077544999999986,2.471910970857785,444.25244760000004,435.74618532,393.25643161,1.8961643775145198,473.768372,-4.771849565339912
2014-07-15,453.386963,459.9664,451.853424,457.98761,454.975769,3609319,1.5131525439203768,2014,07,2014-07,8.112976000000003,1.0147285598064357,445.34077310000004,436.61189944,393.894834015,1.8584329863051332,473.768372,-3.33090238450953
2014-07-16,461.252594,466.595306,457.196106,465.309082,462.249084,3592346,1.5986179189432594,2014,07,2014-07,9.399200000000008,0.8794504470580824,447.17855995,437.67252322,394.553766205,1.8177302067841303,473.768372,-1.7855328679475484
2014-07-17,462.044128,472.284271,460.213745,470.256042,467.163513,5114632,1.0631556940038387,2014,07,2014-07,12.070525999999973,1.7773008036150129,448.99408725,438.70643373999997,395.202804595,1.8135587753579534,473.768372,-0.7413601682976043
2014-07-18,466.793182,472.432678,461.401001,470.256042,467.163513,4148084,0,2014,07,2014-07,11.031677000000002,0.741840312483394,450.83682250000004,439.65228884000004,395.85456393,1.8117967963297497,473.768372,-0.7413601682976043
2014-07-21,471.195953,473.37262,465.012268,469.90976,466.819519,2147835,-0.07363690608359558,2014,07,2014-07,8.360351999999978,-0.27296350739242636,452.78344425000006,440.24097476000003,396.52165866,1.8011423066947092,473.768372,-0.8144511596903294
2014-07-22,469.90976,483.019135,467.238403,481.535065,478.368378,4245591,2.473944146212236,2014,07,2014-07,15.780732,2.473944146212236,454.98730624999996,441.14626468,397.28447665499993,1.8436209114916526,481.535065,0
2014-07-23,480.347778,482.722321,471.690643,479.704681,476.550049,4745188,-0.38011437443293583,2014,07,2014-07,11.031678,-0.13388153947076478,457.04523315000006,441.98724428,398.022559995,1.8534175009401497,481.535065,-0.38011437443293583
2014-07-24,478.072205,482.029755,472.036926,480.100433,476.943176,3338881,0.08249909072703335,2014,07,2014-07,9.992829000000029,0.42425139524687755,459.3826614000001,442.88956606,398.711668575,1.815308855724635,481.535065,-0.2979288746085324
2014-07-25,480.842468,480.842468,451.55661,456.206726,453.206573,6343512,-4.976814299186438,2014,07,2014-07,29.28585800000002,-5.12345386264842,460.80490565,443.11217836000003,399.26102618,2.1635476037208607,481.535065,-5.259915806962049
2014-07-28,451.655548,465.061737,446.510712,449.033661,446.080719,8392066,-1.5723277609019748,2014,07,2014-07,18.55102499999998,-0.5805058770140503,461.92044065,443.29917238,399.78515429500004,2.202621377421684,481.535065,-6.749540451431088
2014-07-30,450.171448,450.616699,437.309418,446.560181,443.623505,13595305,-0.5508451180456146,2014,07,2014-07,13.307280999999989,-0.8021981438502955,461.94764860000004,443.5267316,400.283805725,1.967868682912698,481.535065,-7.26320605540948
2014-07-31,448.192688,449.874634,440.327057,442.009003,439.102264,9472953,-1.0191634170803943,2014,07,2014-07,9.54757699999999,-1.3796934143646646,461.4999496500001,443.72065128,400.74164492999995,1.9636774965376673,481.535065,-8.208345533465973
2014-08-01,440.079712,450.913513,433.351868,435.330658,432.467834,8882644,-1.5109070074755873,2014,08,2014-08,17.561645,-1.0791349545329516,460.02823639999997,443.90269902,401.07976825,1.840879745186323,481.535065,-9.595232073078613
2014-08-04,437.606232,443.64151,436.468445,441.860596,438.954834,7517951,1.4999949762325167,2014,08,2014-08,7.173065000000008,0.9721899938573109,458.89786075,444.20545172,401.383015625,1.8845941903836672,481.535065,-8.239165095900129
2014-08-05,444.927704,453.04068,439.486084,451.952362,448.980225,4030664,2.283925312950967,2014,08,2014-08,13.554596000000004,1.5788313330113486,457.80706025,444.45774542,401.711244995,1.9031262805692197,481.535065,-6.1434161601502435
2014-08-06,450.171448,450.171448,440.475464,442.800507,439.888550,4859128,-2.024960099666436,2014,08,2014-08,9.69598400000001,-1.6373630608398817,456.69647219999996,444.67442084000004,402.00163028000003,1.9114877917268773,481.535065,-8.043974533817178
2014-08-07,442.849976,445.570801,435.528534,437.309418,434.433563,4871343,-1.240081913456343,2014,08,2014-08,10.042267000000038,-1.2511139889956846,455.94206395000003,444.93660834,402.34099033,1.8376261757144925,481.535065,-9.18430457395662
2014-08-08,432.857178,433.203461,425.83252,428.306,425.489349,6491179,-2.0588209696412276,2014,08,2014-08,7.370941000000016,-1.0514271753626765,454.94030920000006,445.10678352,402.60441485999996,1.8802502379886852,481.535065,-11.05403715511351
2014-08-11,434.934875,443.690979,432.362488,441.811127,438.905670,8735749,3.153149150373802,2014,08,2014-08,11.328491000000042,1.5809842795430056,454.96999059999996,445.73009773999996,402.933386265,1.9930102957109772,481.535065,-8.249438283378174
2014-08-12,475.895538,476.884918,463.42926,468.969818,465.885773,14887582,6.147126982612182,2014,08,2014-08,13.455658000000028,-1.4553025710444911,455.8604386,446.78379586000005,403.39839847,2.375531385267657,481.535065,-2.6094147473974716
2014-08-13,471.987457,474.757751,461.153656,468.475128,465.394348,6299304,-0.10548440027754441,2014,08,2014-08,13.604094999999973,-0.7441572753489554,456.3848145,447.82463142,403.88740329,2.356668176009171,481.535065,-2.7121466221779698
2014-08-14,469.316101,480.694061,468.623535,479.457336,476.304321,6417376,2.3442456906698395,2014,08,2014-08,12.070525999999973,2.16085384208883,457.09222719999997,449.06235542,404.408315915,2.3866729624557768,481.535065,-0.431480311823185
2014-08-18,483.860107,500.283966,483.7117,498.453583,495.175659,8656402,3.962030732177593,2014,08,2014-08,16.572266000000013,3.0160527369122314,458.50210425000006,450.42375311999996,405.03929796999995,2.5272248510639552,498.453583,0
2014-08-19,502.114319,515.174255,500.185028,513.343872,509.968018,9965688,2.987297013772304,2014,08,2014-08,14.989227000000028,2.2364534479647076,460.65649575,452.00182684,405.73805316,2.5945918920187405,513.343872,0
2014-08-20,513.49231,516.460449,505.478241,506.813904,503.480988,5467442,-1.2720455733812779,2014,08,2014-08,10.982208000000014,-1.3005853972769321,462.50170295,453.26131719999995,406.38412341000003,2.621531599662408,513.343872,-1.2720455733812779
2014-08-21,510.524109,512.651306,500.778656,507.308594,503.972443,5463932,0.09760781937822453,2014,08,2014-08,11.872649999999965,-0.6298458668873524,463.7903794,454.43572028,407.04280825499995,2.5765836960934156,513.343872,-1.175679369948728
2014-08-22,509.782074,515.124756,505.181427,506.121338,502.792969,4404241,-0.2340303346014374,2014,08,2014-08,9.943329000000062,-0.718098220142602,465.11121225,455.73775457999994,407.687889125,2.574783570505336,513.343872,-1.4069582581868345
2014-08-25,511.513519,512.502869,499.987152,503.004761,499.696899,4005516,-0.6157766460342374,2014,08,2014-08,12.515717000000052,-1.6634473350058223,466.25642865,456.90226386,408.300320155,2.582605050148656,513.343872,-2.0140711838477072
2014-08-26,493.209839,509.732605,491.082642,507.209656,503.874146,4724406,0.8359553081844532,2014,08,2014-08,18.649962999999957,2.8385112974195974,468.80657515,458.37447271999997,408.88084338,2.2698307863600844,513.343872,-1.1949526106352424
2014-08-27,513.393372,518.439209,510.721985,516.163635,512.769226,3905433,1.7653408002153659,2014,08,2014-08,7.717223999999987,0.5395985127755019,472.16307385,460.17219062,409.527160975,2.2274673426140432,516.163635,0
2014-08-28,518.142395,526.008057,517.103577,519.478088,516.061890,5597525,0.6421322184000734,2014,08,2014-08,8.904480000000035,0.2577849280215706,475.80896920000004,461.83733037999997,410.243972495,2.207465146793912,519.478088,0
2014-09-01,520.417969,523.880859,511.266144,514.481689,511.098328,6321716,-0.961811309354014,2014,09,2014-09,12.61471499999999,-1.1406754481223553,479.4326035,463.55589726,410.91601427,2.2050382859772166,519.478088,-0.961811309354014
2014-09-02,514.481689,515.223694,506.61602799999997,510.771454,507.412506,4700852,-0.7211597767865272,2014,09,2014-09,8.607666000000052,-0.7211597767865272,483.20464330000004,465.09241642,411.60438081499996,2.1685337030030145,519.478088,-1.6760348898488961
2014-09-03,520.516907,524.870239,515.767883,517.054077,513.653809,7395355,1.2300262574971548,2014,09,2014-09,9.102355999999986,-0.6652675356806307,486.96431735,466.76547121999994,412.40875307000005,2.164943163087405,519.478088,-0.46662430158169643
2014-09-04,517.153015,517.153015,503.845764,507.555969,504.218170,7887159,-1.8369660781148818,2014,09,2014-09,13.307251000000008,-1.8557459246370205,489.7444977,468.2970441,413.134963855,2.2129229205542353,519.478088,-2.295018649564282
2014-09-05,507.555969,511.117737,497.810486,500.630249,497.337982,10061738,-1.3645234068757475,2014,09,2014-09,13.307250999999951,-1.3645234068757475,492.6359848,469.56049258,413.72340227,2.176240890030852,519.478088,-3.628225989774561
2014-09-08,502.609009,506.566559,497.563141,504.686737,501.367798,9265718,0.8102762484094328,2014,09,2014-09,9.00341800000001,0.4133885312031841,496.00485074999995,470.88330446,414.306399095,2.130949129483278,519.478088,-2.84734839479889
2014-09-09,505.676117,512.898621,502.213257,511.661926,508.297119,9134923,1.382082882039359,2014,09,2014-09,10.68536400000005,1.1837238894159634,500.17264704999997,472.44950561999997,414.928724075,2.029561112770706,519.478088,-1.5046182275160687
2014-09-10,508.347473,515.42157,506.962311,511.068268,507.707367,7315474,-0.11602543981355472,2014,09,2014-09,8.459258999999975,0.5352234730200005,503.6355041,474.11563415999996,415.57454698000004,1.9703693077946938,519.478088,-1.618897927413633
2014-09-11,512.502869,512.799683,505.577179,508.891632,505.545044,3994427,-0.42589926557521546,2014,09,2014-09,7.222503999999958,-0.7046276652160588,505.6315948,475.75900758000006,416.22358537,1.5190491476914032,519.478088,-2.0379023186055814
2014-09-12,509.534729,513.838562,507.951721,511.711395,508.346283,4645545,0.5540989127524043,2014,09,2014-09,5.886841000000004,0.4271869759048268,507.79340814999995,477.07291504,416.93124513000004,1.5141886178933555,519.478088,-1.4950954004435266
2014-09-15,506.566559,509.930481,504.736206,506.962311,503.628418,3002542,-0.9280786096232979,2014,09,2014-09,5.194275000000005,0.07812438325602458,509.16865690000003,478.19290162,417.55579606500004,1.4753888583034913,519.478088,-2.4092983494618467
2014-09-16,504.587799,505.329834,489.400696,494.446564,491.194977,5795527,-2.4687726737145903,2014,09,2014-09,15.929138000000023,-2.0098058296490824,508.96830595,478.78653444,418.097485825,1.3260912067170074,519.478088,-4.818590923896666
2014-09-17,496.672699,504.093109,486.185181,501.57016,498.271698,5000801,1.4407211048998134,2014,09,2014-09,17.907928000000027,0.9860539968998707,508.37962035,479.52857546,418.63051850999994,1.177529885914745,519.478088,-3.4472922753962187
2014-09-18,500.333435,521.209534,495.386475,519.824341,516.405884,7126911,3.639407296478726,2014,09,2014-09,25.823058999999944,3.895583352329831,509.03014220000006,480.44969484,419.26125307,1.41123467685435,519.824341,0
2014-09-19,519.626465,523.386169,511.068268,513.393372,510.017212,5187142,-1.2371427216410407,2014,09,2014-09,12.317901000000006,-1.199533399439163,509.3343811,481.41731692,419.855875265,1.4443295051191305,519.824341,-1.2371427216410407
2014-09-22,509.534729,536.74292,508.545349,534.318909,530.805115,7973384,4.075926597665535,2014,09,2014-09,28.19757100000004,4.864080618928711,510.74425965,483.05574344,420.54918886499996,1.696222835461239,534.318909,0
2014-09-23,535.951355,536.841858,510.623047,512.304993,508.935944,7528891,-4.119995685947172,2014,09,2014-09,26.218811000000017,-4.412035118373769,511.20927125,484.33502139999996,421.13663775000003,1.9553544722613867,534.318909,-4.119995685947172
2014-09-24,510.524109,512.255554,501.174408,507.951721,504.611298,3887411,-0.8497422550008111,2014,09,2014-09,11.081145999999933,-0.5038719924586342,511.2463745,485.66970584,421.733980735,1.9587332568740468,534.318909,-4.934728596700279
2014-09-25,507.259125,509.287384,494.693909,498.997742,495.716217,6390237,-1.7627618196415173,2014,09,2014-09,14.593474999999955,-1.6286317175664347,510.38807985000005,486.62644352,422.29817904000004,1.9526568320266429,534.318909,-6.610502904736233
2014-09-26,496.771637,507.605438,487.125092,505.676117,502.350677,7252440,1.3383577595427194,2014,09,2014-09,20.480345999999997,1.7924694843236346,509.6979813,487.58021366,422.89280107999997,1.9736323964846885,534.318909,-5.360617323763848
2014-09-29,504.686737,510.128357,502.262726,505.329834,502.006653,5160966,-0.06847920800656901,2014,09,2014-09,7.865631000000008,0.1274249852141471,509.24038855,488.3806287,423.47307711,1.9635682917638262,534.318909,-5.42542562348284
2014-09-30,509.237915,509.237915,494.990723,496.821106,493.553894,5576865,-1.683796884234628,2014,09,2014-09,14.247191999999984,-2.4383119626903667,508.54287115,488.91192997999997,424.02441347499996,1.9919264434568897,534.318909,-7.017869360112797
2014-10-01,495.881165,502.015381,493.951874,497.414734,494.143616,3727045,0.11948526196470079,2014,10,2014-10,8.063507000000016,0.30926139330176006,507.56090400000005,489.45510382,424.642533595,1.9676560061462358,534.318909,-6.906769417737367
2014-10-07,497.414734,511.315613,497.414734,499.59137,496.305969,5462324,0.4375897719185724,2014,10,2014-10,13.900878999999975,0.4375897719185724,507.16267404999996,490.04873602,425.35736620999995,1.9319556980498955,534.318909,-6.499402962360813
2014-10-08,501.619629,507.259125,496.672699,503.598389,500.286621,3963078,0.8020592909761459,2014,10,2014-10,10.58642599999996,0.39447419630383374,507.31108105000004,490.49000249999995,426.04325931,1.9157130481132363,534.318909,-5.749472736702262
2014-10-09,509.48526,516.955139,507.852783,515.075317,511.688049,3758873,2.2789842562423375,2014,10,2014-10,9.102356000000043,1.0971970023234938,507.83051005,491.19741522,426.797914915,1.973783200883751,534.318909,-3.601518058946314
2014-10-10,509.040039,509.040039,484.156921,487.471375,484.265656,7535919,-5.359204972347766,2014,10,2014-10,24.883117999999968,-4.237125245073297,506.62098249999997,491.34483406,427.42048724499995,2.29625064809348,534.318909,-8.767710296399025
2014-10-13,484.800049,492.913025,474.955627,490.983704,487.754883,5193538,0.7205200510491443,2014,10,2014-10,17.957398000000012,1.2755062654706926,505.6167543,492.04037362,428.05245868,2.305779560489343,534.318909,-8.110363356053337
2014-10-14,493.605591,494.891785,480.941437,482.821259,479.646118,3886857,-1.6624675999429894,2014,10,2014-10,13.95034800000002,-2.18480750555356,504.31323565,492.71612558,428.63842365,2.3293248144433685,534.318909,-9.637998792964291
2014-10-15,482.821259,482.821259,482.821259,482.821259,479.646118,0,0,2014,10,2014-10,0,0,502.86872885,493.44134714,429.203858835,2.3227103003192373,534.318909,-9.637998792964291
2014-10-16,480.298309,495.782227,476.588104,478.665833,475.518005,6643744,-0.8606551436045977,2014,10,2014-10,19.19412299999999,-0.3398879341047184,501.45390495000004,494.17448373999997,429.73887027999996,2.3217450236538144,534.318909,-10.415704004216693
2014-10-17,478.616364,478.616364,463.033508,470.750732,467.654968,9595387,-1.6535755122509428,2014,10,2014-10,15.582855999999992,-1.6434105876078964,500.26911335000005,494.88288522000005,430.24914706999994,2.2878543793012374,534.318909,-11.897047985625367
2014-10-20,482.722321,491.725739,479.457336,489.400696,486.182281,5839603,3.961749336164591,2014,10,2014-10,12.268402999999978,1.3834817056242898,499.66064015,495.83368722,430.864546395,2.448025326088929,534.318909,-8.406629869054472
2014-10-21,493.753998,498.799866,488.510254,496.12854,492.865875,3972592,1.3747107543958224,2014,10,2014-10,10.289612000000034,0.48091600465379164,498.4758501,496.71721078,431.50542240000004,2.3149994108584515,534.318909,-7.147485959550794
2014-10-22,503.252106,514.976379,503.252106,513.640686,510.262848,5842953,3.529759848123225,2014,10,2014-10,11.724272999999926,2.064289423957211,498.48821580000003,498.13401436,432.219512975,2.4451375804605706,534.318909,-3.8700152009780373
2014-10-27,511.513519,512.502869,496.920044,498.354645,495.077362,3177278,-2.9760183366782504,2014,10,2014-10,15.582825000000014,-2.572536895158771,496.6900026,499.3549189,432.849258305,2.337209384156635,534.318909,-6.7308611756429455
2014-10-28,500.333435,505.873993,497.711548,503.252106,499.942596,2422395,0.9827260664942775,2014,10,2014-10,8.162444999999991,0.5833451845967514,496.23735825000006,500.85384101999995,433.510663945,2.173533751346512,534.318909,-5.814281036421255
2014-10-29,510.029419,521.8526,510.029419,520.615845,517.192139,4416090,3.450306276512633,2014,10,2014-10,11.823181000000034,2.0756500714716646,496.87056444999996,502.42993538,434.27175037,2.3009265182130276,534.318909,-2.5645852634423476
2014-10-30,516.806702,525.711243,514.580627,521.35791,517.929321,6242397,0.14253599984071005,2014,10,2014-10,11.130615999999918,0.8806402824087166,497.98857285,503.47769722,435.08428516,2.2566479014159717,534.318909,-2.425704720848653
2014-10-31,520.764282,532.785339,515.42157,530.163452,526.676941,3956550,1.6889629621232871,2014,10,2014-10,17.363769000000048,1.804879928381883,499.2129396,504.7114637,435.919823185,2.2669371628511823,534.318909,-0.7777110130309755
2014-11-03,524.969177,530.212952,520.665344,525.760681,522.303101,2794484,-0.8304553969895363,2014,11,2014-11,9.547607999999968,0.15077151853432183,500.23448195000003,505.63753060000005,436.74249912,2.279140667816254,534.318909,-1.6017078669398142
2014-11-05,523.386169,534.071533,515.718384,530.31189,526.824402,6584901,0.8656427086452232,2014,11,2014-11,18.35314900000003,1.3232525829317345,501.90902115,506.27469674,437.56245441500005,2.2377911426482697,534.318909,-0.7499302256585522
2014-11-07,531.400208,538.17749,526.552185,527.690002,524.219788,2480434,-0.49440490576213547,2014,11,2014-11,11.625305000000026,-0.6981943070673339,503.4227845500001,506.56161934000005,438.380678135,2.2453260368566137,534.318909,-1.2406274395952388
2014-11-10,525.117615,528.77832,513.244934,516.757263,513.358948,3389879,-2.071810903857163,2014,11,2014-11,15.533386000000064,-1.5920913260546468,504.2810792,506.76048652,439.148937715,2.3076538425636968,534.318909,-3.286734888882624
2014-11-11,519.428589,521.9021,511.612457,516.163635,512.769226,2551014,-0.11487559875863168,2014,11,2014-11,10.289643000000012,-0.6285664803867753,504.90934150000004,506.93758734000005,439.86896472,2.3040530322012374,534.318909,-3.3978348312580424
2014-11-12,517.845581,531.202332,516.361511,526.205933,522.745483,3617680,1.9455648013638078,2014,11,2014-11,14.840821000000005,1.6144488447415988,505.46587230000006,507.33927924000005,440.66072238,2.288984473212132,534.318909,-1.5183771083796707
2014-11-13,527.343689,530.31189,517.895081,521.160034,517.732788,2799445,-0.95892096298351,2014,11,2014-11,12.416808999999944,-1.1726043430473374,507.15030525000003,507.7023847,441.400042445,1.914194009600528,534.318909,-2.462738034973785
2014-11-14,524.227112,531.103394,514.135376,518.340271,514.931519,4717775,-0.5410551109143503,2014,11,2014-11,16.96801800000003,-1.122956227414656,508.51813359999994,507.924997,442.162613095,1.9221795225165101,534.318909,-2.9904683758814783
2014-11-17,514.481689,541.739319,514.481689,539.463684,535.916077,7159194,4.075201982521615,2014,11,2014-11,27.257630000000063,4.855759793620174,511.35025484999994,508.39099798,443.031048155,2.0401634850187746,539.463684,0
2014-11-18,542.827637,544.855896,534.764099,535.852417,532.328552,4548021,-0.6694179992290267,2014,11,2014-11,10.091797000000042,-1.2849787896853224,514.00181275,508.71848456,443.855702695,2.055540000233982,539.463684,-0.6694179992290267
2014-11-19,538.276428,539.16687,516.955139,523.880859,520.435730,4678498,-2.2341147711945397,2014,11,2014-11,22.211730999999986,-2.6743822042305783,516.26256405,508.90646796,444.571524835,2.126592547968563,539.463684,-2.8885772040217557
2014-11-20,527.343689,528.184692,514.778503,519.181274,515.767029,3828955,-0.8970713320144337,2014,11,2014-11,13.40618900000004,-1.5478359123778211,518.6840911500001,509.07466436000004,445.25741808,2.0932313483029783,539.463684,-3.759735938035806
2014-11-21,522.940918,533.675781,521.605286,525.364929,521.909973,4019464,1.1910396829913266,2014,11,2014-11,12.07049500000005,0.4635343910877424,520.4823028,509.2408814,445.98659685,1.9388571155200873,539.463684,-2.613476202042172
2014-11-24,525.364929,532.933777,519.428589,520.813721,517.388733,3793347,-0.866294598054522,2014,11,2014-11,13.505187999999976,-0.866294598054522,521.7165618500001,509.50603644,446.758319265,1.9426665492566049,539.463684,-3.4571303969369622
2014-11-25,522.940918,523.435608,507.555969,516.312012,512.916687,4359660,-0.8643606760890244,2014,11,2014-11,15.879638999999997,-1.2676204465606626,521.85012815,509.81967169999996,447.61710772,1.796490113446449,539.463684,-4.291608997353743
2014-11-26,516.163635,519.230713,509.534729,514.43219,511.049164,4638623,-0.36408643539364144,2014,11,2014-11,9.69598400000001,-0.3354449795751318,522.6540054,510.01458076,448.426921565,1.6549751663721668,539.463684,-4.640070266527887
2014-11-27,509.534729,517.301453,506.071869,514.43219,511.049164,5701903,0,2014,11,2014-11,11.229584000000045,0.9611633361305121,523.2130096,510.06998604,449.25899660999994,1.644183569061579,539.463684,-4.640070266527887
2014-11-28,518.834961,533.280029,515.965759,527.838379,524.367249,8262478,2.606016742459301,2014,11,2014-11,17.314269999999965,1.7353144403852172,523.5741363,510.40538825999994,450.1086333,1.5630869179112097,539.463684,-2.1549745320761784
2014-12-01,534.121033,534.121033,524.474487,530.31189,526.824402,5148090,0.46861143456185034,2014,12,2014-12,9.646546000000058,-0.7131610186936905,524.0218353,510.83379342,451.03099017499994,1.565467836336418,539.463684,-1.6964615545835326
2014-12-02,530.015076,530.114014,522.495728,523.33667,519.895081,3593679,-1.3153052253834856,2014,12,2014-12,7.618286000000012,-1.2600407615575062,523.6804962,511.06629891999995,451.983523135,1.5486892419515004,539.463684,-2.9894531324929594
2014-12-03,529.520386,533.082153,520.714783,523.386169,519.944275,4040047,0.009458347338811337,2014,12,2014-12,12.367369999999937,-1.1584477504894466,523.5617706,511.39477608,452.88955508500004,1.5378619542255256,539.463684,-2.9802775380149504
2014-12-04,528.333069,531.548584,516.460449,522.149414,518.715637,3639457,-0.23629875477279122,2014,12,2014-12,15.088134999999966,-1.1704084720087895,523.1536468,511.94883308,453.743644135,1.5244634892064066,539.463684,-3.2095339340766387
2014-12-05,518.88446,525.117615,516.90564,519.774902,516.356750,2469524,-0.45475718948139654,2014,12,2014-12,8.211975000000052,0.1716069893478805,522.7578918,512.31292792,454.57324587999994,1.5239035839541901,539.463684,-3.6496955372439763
2014-12-08,519.527527,524.870239,508.248535,510.227295,506.871918,3135332,-1.836873416408238,2014,12,2014-12,16.621703999999966,-1.7901326718343336,522.4313933999999,512.120987,455.342494845,1.508444116434593,539.463684,-5.419528666548742
2014-12-09,511.760864,515.322632,496.029572,497.909424,494.635071,5562200,-2.414192874569759,2014,12,2014-12,19.293060000000025,-2.706623537355921,521.51868285,511.81130804000003,456.03110873500003,1.5983592811954213,539.463684,-7.702883666215415
2014-12-10,490.736359,509.435791,487.966064,505.577179,502.252380,5621126,1.539989931984095,2014,12,2014-12,21.469726999999978,3.024194096855173,520.48724515,511.23647344,456.706366,1.5724983780709487,539.463684,-6.281517367163486
2014-12-11,501.421753,507.358063,492.715149,498.552521,495.273926,4069618,-1.3894333628535849,2014,12,2014-12,14.642914000000019,-0.5722192910126919,519.3568695,510.96142399999997,457.33586398499995,1.5864893900873116,539.463684,-7.583673232024259
2014-12-12,493.605591,502.361664,490.736359,494.64444,491.391571,3900394,-0.7838855156446072,2014,12,2014-12,11.625305000000026,0.21046135192580723,518.17207795,510.69527838,457.949284395,1.5900842948677365,539.463684,-8.30811143164921
2014-12-15,489.648041,496.474823,487.125092,488.70813,485.494263,3896475,-1.2001165928398976,2014,12,2014-12,9.34973100000002,-0.19195645061306293,515.63430025,510.48948614,458.46945514,1.2384315303545073,539.463684,-9.408521000646259
2014-12-16,484.800049,486.481995,473.422089,476.538635,473.404816,4813220,-2.4901355743764655,2014,12,2014-12,13.059905999999955,-1.7040868739681174,512.6686111500001,509.90673649999997,458.93966158999996,1.3170806803186081,539.463684,-11.66437164656295
2014-12-17,473.521027,481.238251,463.676605,470.750732,467.654968,6238806,-1.2145716160033848,2014,12,2014-12,17.561645999999996,-0.5850416015422217,510.0121048,509.21515445999995,459.357183255,1.2683804147050655,539.463684,-12.737271115362034
2014-12-18,475.945007,484.800049,475.747131,479.75415,476.599182,4417769,1.9125659054737176,2014,12,2014-12,9.052917999999977,0.8003325896850948,508.04074860000003,508.87381534,459.81922732,1.3760933000373161,539.463684,-11.068313914528485
2014-12-19,485.096863,492.517273,479.012115,480.74353,477.582062,4665944,0.20622645994829636,2014,12,2014-12,13.505157999999994,-0.8974152034456598,505.80967865,508.54039126000004,460.28448686999997,1.333691324723319,539.463684,-10.884913246542084
2014-12-22,480.941437,492.022552,476.241821,489.450165,486.231415,3225905,1.8110768958242671,2014,12,2014-12,15.780731000000003,1.769181722638721,504.24150085,508.33756715999994,460.77176043,1.4196550165881843,539.463684,-9.270970499656455
2014-12-23,491.527863,496.12854,480.446716,482.969666,479.793579,4165774,-1.324036533933952,2014,12,2014-12,15.681824000000006,-1.7411417834516547,502.57438355000005,507.9249927,461.22490008,1.4329231578264539,539.463684,-10.472255997124718
2014-12-24,484.948456,487.520844,476.439697,478.81424,475.665436,6510045,-0.8603906813476841,2014,12,2014-12,11.081146999999987,-1.2649212352580492,500.79348605000007,507.19977116,461.647615995,1.437951901255392,539.463684,-11.242544363746266
2014-12-26,477.874329,482.376038,473.86731,480.001495,476.844910,2339159,0.24795732892154446,2014,12,2014-12,8.50872800000002,0.445130836898332,499.0719513,507.05037356,462.062911555,1.442175709904942,539.463684,-11.022463747531887
2014-12-29,480.001495,492.715149,480.001495,489.796448,486.575439,2818585,2.0406088526870154,2014,12,2014-12,12.71365400000002,2.0406088526870154,497.16985475,507.02662843999997,462.44926745,1.3859155316880614,539.463684,-9.206780265861223
2014-12-30,493.704529,494.199219,485.047394,488.510254,485.297729,1701736,-0.26259765771107085,2014,12,2014-12,9.15182500000003,-1.0521019546895842,495.07977295,507.14040834,462.860110805,1.3723688044493176,539.463684,-9.445201134243538
2014-12-31,489.252289,493.407715,485.838898,490.291138,487.066864,3217611,0.3645540672724578,2014,12,2014-12,7.568817000000024,0.21233400913122155,493.42749635,507.28980592,463.2689754,1.3648339163273253,539.463684,-9.11507993186803
2015-01-01,489.252289,494.14975,487.026154,493.16037,489.917236,944551,0.5852098432176864,2015,01,2015-01,7.123595999999964,0.7987864518708427,491.9162064,507.57969665999997,463.708510925,1.3780840518518234,539.463684,-8.583212433628793
2015-01-02,491.973083,511.909271,491.973083,506.368683,503.038696,4193093,2.6782997587579827,2015,01,2015-01,19.936188000000016,2.926095044106306,491.12716985,508.29205568,464.2197771,1.5296104125263832,539.463684,-6.134796832774376
2015-01-05,504.686737,520.417969,501.322815,518.241333,514.833252,6758676,2.344665141939688,2015,01,2015-01,19.09515399999998,2.6857444442809006,491.0504914,508.86886842,464.78719104,1.6246385955845313,539.463684,-3.9339721337015696
2015-01-06,508.891632,508.891632,493.951874,496.079071,492.816742,7979598,-4.276436592138831,2015,01,2015-01,14.93975800000004,-2.517738589971551,490.3430802,508.86787904,465.30859851,1.8461167758349148,539.463684,-8.042174901990244
2015-01-07,489.746979,495.089661,484.008514,488.609192,485.395966,9232656,-1.5057839438664793,2015,01,2015-01,11.081146999999987,-0.2323213922264956,489.8780686,508.36724916,465.78300998,1.797341614914819,539.463684,-9.426861067444893
2015-01-08,498.651459,509.336853,495.683289,506.566559,503.235291,5535587,3.675200404334591,2015,01,2015-01,13.653564000000017,1.5873010811746155,489.92753760000005,508.53148744,466.39222552499996,1.9550532726148784,539.463684,-6.098116699177097
2015-01-09,515.718384,519.37915,510.029419,516.757263,513.358948,4053562,2.011720635510798,2015,01,2015-01,9.349730999999963,0.20144308060965915,490.83777470000007,508.80159058,467.05659945499997,1.973114270310676,539.463684,-4.209073135681174
2015-01-12,512.997559,519.131775,505.824524,516.757263,513.358948,2560568,0,2015,01,2015-01,13.307250999999951,0.7328892572761623,491.94341585,508.72441893999996,467.69500201000005,1.9603274340219832,539.463684,-4.209073135681174
2015-01-13,514.827942,520.121155,509.782074,513.9375,510.557709,4328812,-0.5456648995371676,2015,01,2015-01,10.339081000000022,-0.1729591436977613,493.20488435,508.57601073999996,468.378669,1.940433638203471,539.463684,-4.731770600521081
2015-01-14,515.965759,521.061096,508.49588,514.827942,511.442291,6070608,0.17325881065304777,2015,01,2015-01,12.56521600000002,-0.2205218040447604,495.11934970000004,508.26930053999996,469.05145266,1.8292521689427537,539.463684,-4.566709999333327
2015-01-15,522.693604,530.31189,518.191895,527.29425,523.826660,6902556,2.421451320526815,2015,01,2015-01,12.119994999999903,0.8801802747905794,497.94652560000003,508.29997192,469.80957109499997,1.8406664128118817,539.463684,-2.2558393383899986
2015-01-16,525.463867,530.114014,516.856201,520.170654,516.749878,4250137,-1.3509716823196953,2015,01,2015-01,13.257812999999942,-1.0073410052379561,499.96735079999996,508.09714719999994,470.485323045,1.86131440631095,539.463684,-3.576335270049417
2015-01-19,520.91272,533.873657,517.598267,532.785339,529.281616,4617341,2.425105088684993,2015,01,2015-01,16.275390000000016,2.279195447559811,502.56944125,508.19905394,471.21252305499996,1.9131991661215684,539.463684,-1.2379600699868285
2015-01-20,533.032715,555.04657,529.075134,553.265686,549.627319,6140342,3.8440147468096786,2015,01,2015-01,25.971435999999926,3.795821612937942,505.7602173,508.9292224,472.045340285,2.034833024346564,553.265686,0
2015-01-21,550.940613,552.523621,540.20575,545.6474,542.059082,6521363,-1.3769670147228348,2015,01,2015-01,12.317871000000082,-0.9607592678959097,508.89410399999997,509.5188977,472.786639115,2.0375467332469728,553.265686,-1.3769670147228348
2015-01-22,544.806396,562.664856,542.728699,560.48822,556.802307,6010572,2.719855349810154,2015,01,2015-01,19.93615699999998,2.8784214200010982,512.977803,510.20454343999995,473.6266295,2.0567445100204855,560.48822,0
2015-01-23,568.89801,584.876587,567.90863,582.205261,578.376526,7764736,3.8746650197215557,2015,01,2015-01,16.967956999999956,2.3391277111340134,518.0879913,511.42544798,474.57223695,2.161718398499181,582.205261,0
2015-01-27,589.724609,601.250977,589.724609,598.134399,594.200867,7213518,2.736000353662225,2015,01,2015-01,11.526368000000048,1.426053766733693,523.50488885,513.02133054,475.590811625,2.1849396893189934,598.134399,0
2015-01-28,592.643311,592.841187,580.77063,582.947327,579.113708,8297785,-2.5390734967577173,2015,01,2015-01,12.070557000000008,-1.6360572742548116,528.2267425,513.8910033999999,476.51118973999996,2.311287655919821,598.134399,-2.5390734967577173
2015-01-29,579.78125,594.325256,574.438599,592.247559,588.352783,5874507,1.5953811895598677,2015,01,2015-01,19.886657000000014,2.150174570150384,533.32456355,515.01890624,477.42390001,2.3123032119092377,598.134399,-0.9842002081542222
2015-01-30,595.017822,598.282837,574.933289,578.940308,575.133118,4180985,-2.246906854706017,2015,01,2015-01,23.349548000000027,-2.7020222597635173,537.61356045,516.12009522,478.28367814999996,2.4215374407804053,598.134399,-3.2089930009191914
2015-02-02,581.562134,589.576233,574.685913,586.21228,582.357239,4363228,1.256083209186396,2015,02,2015-02,14.890319999999974,0.7995957315886645,541.6057403,517.46071534,479.208755665,2.385101235636611,598.134399,-1.9932174140013081
2015-02-03,591.307617,605.901123,589.873047,596.897705,592.972351,6100343,1.8227910544623889,2015,02,2015-02,16.028075999999942,0.9453773026569896,545.5385589,518.89137086,480.194680805,2.369677431631809,598.134399,-0.20675854825732182
2015-02-04,600.212097,600.212097,581.957947,585.123962,581.276062,3398715,-1.972489239173732,2015,02,2015-02,18.25414999999998,-2.5138005507409766,549.99080345,520.17757568,481.03813386499996,2.1599157199090526,598.134399,-2.1751694973156064
2015-02-05,584.72821,596.501892,575.82373,582.947327,579.113708,6847443,-0.3719955328030187,2015,02,2015-02,20.678162000000043,-0.30456594526199054,554.7077102000001,521.51028198,481.821729145,2.1090876089094617,598.134399,-2.5390734967577173
2015-02-06,561.032349,565.92981,546.339966,553.661438,550.020386,12221202,-5.02376246422003,2015,02,2015-02,19.58984399999997,-1.3138121203060928,557.06245415,522.29486694,482.49451296,2.3869617348861514,598.134399,-7.435278939708674
2015-02-09,544.16333,548.566101,535.555603,536.891296,533.360535,4628548,-3.028952505809148,2015,02,2015-02,13.010497999999984,-1.3363697256116032,558.0691558000001,522.74404906,483.1410779,2.4801946899356735,598.134399,-10.239020377759617
2015-02-10,538.22699,561.97229,537.583862,558.113647,554.443359,5617236,3.9528208332138806,2015,02,2015-02,24.38842800000009,3.694845737854955,560.136975,523.34955442,483.89771211499993,2.6154961976826483,598.134399,-6.690929675154833
2015-02-11,560.98291,565.336182,547.477783,552.968872,549.332458,4637550,-0.9218149435432066,2015,02,2015-02,17.858398999999963,-1.4285707919337354,562.0885436000001,523.80269406,484.53982484499994,2.6241303431658354,598.134399,-7.551066629090496
2015-02-12,556.233826,559.99353,546.63678,555.838074,552.182739,5488927,0.5188722449461808,2015,02,2015-02,13.35674999999992,-0.07114849574071316,564.1390502,524.45272214,485.18144288999997,2.623700534509567,598.134399,-7.071374773080058
2015-02-13,556.728516,561.180786,549.110229,559.548279,555.868591,3506531,0.6674974553830174,2015,02,2015-02,12.070557000000008,0.5064879773465684,565.75175165,525.17596434,485.85793672499994,2.5821488186343533,598.134399,-6.451078564367947
2015-02-16,562.96167,574.290161,559.49884,568.057007,564.321289,5793607,1.5206423322767506,2015,02,2015-02,14.791321000000039,0.905094835319778,568.1460693,526.0941162,486.595525225,2.5635882774635905,598.134399,-5.028534063629407
2015-02-18,566.622437,580.77063,554.700256,578.099304,574.297546,5846505,1.7678326076875523,2015,02,2015-02,26.070374000000015,2.025487564658505,570.4117675499999,527.26060424,487.38332520999995,2.541357366030809,598.134399,-3.3495975208073707
2015-02-19,579.78125,586.26178,566.028748,570.43158,566.680298,4316943,-1.3263679694725785,2015,02,2015-02,20.233032000000094,-1.6126202770441345,571.27006225,528.46468994,488.14169115,2.4376940989039064,598.134399,-4.6315375016577125
2015-02-20,573.35022,578.79187,566.177185,573.745972,569.972900,3907248,0.5810323474727674,2015,02,2015-02,12.614685000000009,0.06902447861623143,572.67499085,529.9814209,488.95026827000004,2.4109942195251755,598.134399,-4.077415885254909
2015-02-23,575.82373,578.247742,565.979309,568.106506,564.370483,3040407,-0.9829203646243783,2015,02,2015-02,12.268433000000073,-1.3402059689342758,573.0559051500001,531.23200744,489.76775010999995,2.3552281354027516,598.134399,-5.020258498792687
2015-02-24,570.87677,571.86615,554.00769,558.410461,554.738220,4350356,-1.7067301461250846,2015,02,2015-02,17.858459999999923,-2.183712782707888,571.86616515,532.42916624,490.50805940500004,2.209859763180254,598.134399,-6.641306379705471
2015-02-25,560.686096,569.88739,558.014709,562.170166,558.473206,3082740,0.6732869927377559,2015,02,2015-02,11.872680999999943,0.26468821156570543,570.0679535,533.77968076,491.26716722500004,2.1123368521833372,598.134399,-6.012734438970134
2015-02-26,564.049988,565.979309,551.435303,554.700256,551.052429,3570924,-1.3287631489145988,2015,02,2015-02,14.544005999999968,-1.6576069850036088,568.65559995,535.09952328,491.990409565,2.0611770240325935,598.134399,-7.261602588417601
2015-02-27,561.032349,574.834351,557.52002,569.046387,565.304260,4357037,2.586285267551781,2015,02,2015-02,17.314330999999925,1.428444904163633,567.4955413499999,536.94967832,492.76213198,2.118420503340237,598.134399,-4.863123078798223
2015-03-02,591.060303,594.62207,567.018188,578.79187,574.985596,4951897,1.7125990468682188,2015,03,2015-03,27.603882,-2.0756651965510122,567.48811945,539.1105010800001,493.59470186500005,2.0998485797848385,598.134399,-3.233809831425531
2015-03-03,576.31842,576.31842,565.92981,568.007568,564.272217,3593208,-1.8632435179160387,2015,03,2015-03,10.388609999999971,-1.4420590617249323,566.57788385,540.8755694399999,494.34193712499996,2.118947695010438,598.134399,-5.0367995972758015
2015-03-04,575.329041,585.816528,564.049988,568.007568,564.272217,6242783,0,2015,03,2015-03,21.766539999999964,-1.2725714292597252,565.133377,542.6208502,495.06715853000003,2.068863615783956,598.134399,-5.0367995972758015
2015-03-05,569.88739,571.668274,561.675476,564.643616,560.930420,3354510,-0.5922371794877282,2015,03,2015-03,9.992797999999993,-0.9201421354489052,564.1093597,544.12471922,495.68799929,2.030244981226711,598.134399,-5.599206976892175
2015-03-09,564.94043,567.512878,556.03595,559.103088,555.426270,3566055,-0.9812433618305525,2015,03,2015-03,11.476928000000044,-1.033266817175757,562.91714775,545.64738766,496.30216188500003,2.038175329461188,598.134399,-6.525508491946819
2015-03-10,561.873352,566.622437,552.770996,554.255066,550.610107,3917160,-0.8671069976275826,2015,03,2015-03,13.851441000000023,-1.3558724529081954,562.94682915,547.15620418,496.88515871,1.7036804965157544,598.134399,-7.336032348809949
2015-03-11,555.04657,559.202026,542.382385,545.053772,541.469360,3184841,-1.6601190615008425,2015,03,2015-03,16.819641000000047,-1.8003530766796727,563.35495295,548.4572497199999,497.43550584999997,1.5990713543007098,598.134399,-8.87436453893033
2015-03-12,549.011292,560.933411,548.417664,557.915771,554.246826,3430749,2.359766991943681,2015,03,2015-03,12.515747000000033,1.6219118130633865,563.34505915,549.81963618,497.99970414999996,1.4267963231007506,598.134399,-6.724011872121081
2015-03-13,559.647217,559.696716,549.209167,552.424683,548.791748,5382475,-0.9842145150616276,2015,03,2015-03,10.487549000000058,-1.2905512223783642,563.3178497,551.0979247600001,498.563407765,1.4290027676698553,598.134399,-7.642047686342826
2015-03-16,553.117249,559.696716,548.368225,550.990051,547.366638,2786971,-0.2596973024827649,2015,03,2015-03,11.328490999999985,-0.38458355870222033,563.0754485499999,552.31190302,499.14244692,1.424858649662044,598.134399,-7.881898797129712
2015-03-17,558.014709,572.85553,556.431702,565.484619,561.765808,5395883,2.630640602982495,2015,03,2015-03,16.42382800000007,1.338658261067436,563.37226555,553.758388,499.80830492,1.5388044237540364,598.134399,-5.4586026241905
2015-03-18,564.297363,564.94043,550.594299,554.255066,550.610107,4569613,-1.9858281945595937,2015,03,2015-03,14.346131000000014,-1.7796108325957145,562.6821685,554.71611566,500.448438895,1.5636577994174723,598.134399,-7.336032348809949
2015-03-19,559.00415,562.912231,545.400024,547.922974,544.319702,3295114,-1.1424509018380542,2015,03,2015-03,17.51220699999999,-1.9823065714270685,561.173352,555.3097484799999,501.05443895999997,1.51421048962592,598.134399,-8.394672682919891
2015-03-20,543.124451,544.806396,535.258789,541.788757,538.225891,5119749,-1.1195400249816725,2015,03,2015-03,9.54760699999997,-0.2459277974947936,559.74121085,556.2239422,501.56669436,1.5072119201758838,598.134399,-9.420230987250074
2015-03-23,542.234009,551.880554,542.234009,545.5979,542.009949,3153860,0.7030679302191479,2015,03,2015-03,9.646544999999946,0.6203762479236095,558.33380725,557.36371636,502.13485018,1.5109808318112934,598.134399,-8.783393680054848
2015-03-24,545.944214,546.63678,522.792542,526.601685,523.138672,4519046,-3.4817243614757327,2015,03,2015-03,23.84423800000002,-3.542949719767524,556.2585662,557.76441888,502.64685839,1.6704983899235648,598.134399,-11.95930448400779
2015-03-25,529.8172,539.809998,527.838379,536.099792,532.574280,8625253,1.803660578868069,2015,03,2015-03,11.971618999999919,1.1858037073919123,555.14303275,558.15126946,503.228371145,1.7061804835574153,598.134399,-10.371349165624572
2015-03-26,525.265991,533.280029,515.273193,518.686584,515.275574,6544581,-3.2481281022395807,2015,03,2015-03,18.00683600000002,-1.2525857589740559,552.96885365,558.18985588,503.768576985,1.8230862224942612,598.134399,-13.28260256103411
2015-03-27,520.071716,531.103394,512.651306,529.668762,526.185486,4721243,2.1173051971592876,2015,03,2015-03,18.452088000000003,1.845331269658967,551.71727895,558.50448112,504.33549623499994,1.890872749005241,598.134399,-11.446530598217612
2015-03-30,531.152832,535.308289,525.711243,534.269409,530.755981,4012522,0.868589452515227,2015,03,2015-03,9.597045999999978,0.5867571087336322,549.97843005,558.89331046,504.92467653,1.7935089415927383,598.134399,-10.67736450315743
2015-03-31,534.417847,553.859314,531.894897,544.361206,540.781372,5409542,1.8888966558817226,2015,03,2015-03,21.964417000000026,1.8605963584146519,548.25689685,559.23464958,505.55862688,1.8043192878438667,598.134399,-8.990152228312152
2015-04-01,543.272827,560.389282,542.184509,558.905212,555.229736,4222512,2.671756517491433,2015,04,2015-04,18.204772999999932,2.8774465099466497,547.80177905,560.00934074,506.20123444999996,1.879677455043622,598.134399,-6.558590688913049
2015-04-06,563.900024,573.5,555.349976,568.150024,564.413757,5728358,1.654093002088523,2015,04,2015-04,18.15002400000003,0.7536796983714971,547.80890185,560.71663444,506.86978364000004,1.9186244411563036,598.134399,-5.012982876445466
2015-04-07,569.049988,570.700012,554.049988,560.349976,556.664978,3201751,-1.3728852715845457,2015,04,2015-04,16.65002400000003,-1.5288660369851401,547.59421985,560.85832024,507.45233658999996,1.939535837216157,598.134399,-6.317045644452237
2015-04-08,565,569.599976,559.200012,561.5,557.807495,3774897,0.2052331666379924,2015,04,2015-04,10.399963999999954,-0.6194690265486725,547.71406545,561.17537224,508.01689439,1.9266982013738276,598.134399,-6.12477715062832
2015-04-09,562.799988,564.849976,552.25,559.900024,556.218018,3043135,-0.2849467497773766,2015,04,2015-04,12.59997599999997,-0.5152743535595019,547.99631335,561.16360832,508.611296395,1.9166588627503023,598.134399,-6.392271546983874
2015-04-10,558.799988,569.400024,555.549988,562.650024,558.949890,2808049,0.4911591145064855,2015,04,2015-04,13.850036000000046,0.688982835124908,548.87612595,560.7725035799999,509.20065002999996,1.8744622145608343,598.134399,-5.932508656804405
2015-04-13,563,563.900024,552.450012,556.25,552.591980,2889208,-1.1374786682671554,2015,04,2015-04,11.450012000000015,-1.1989342806394316,548.7928374,559.9348156,509.813903965,1.822398363770505,598.134399,-7.002506304607308
2015-04-15,551.25,551.25,538.25,540.450012,536.895874,4118983,-2.8404472808988737,2015,04,2015-04,13,-1.9591814965986367,548.19410385,559.0848693,510.384765325,1.919868589044361,598.134399,-9.644051085582191
2015-04-16,543.75,551.25,534.200012,541.25,537.690613,4027716,0.14802257049445394,2015,04,2015-04,17.049987999999985,-0.45977011494252873,547.7071013,558.06491812,510.909909825,1.9201581247956825,598.134399,-9.510303887404415
2015-04-17,541.5,544.799988,534.150024,535.349976,531.829407,2728290,-1.0900737182448095,2015,04,2015-04,10.649963999999954,-1.1357385041551304,546.20036915,557.19311148,511.44389298000004,1.822325094391745,598.134399,-10.496708282447413
2015-04-20,543.150024,543.150024,521.049988,533.200012,529.693542,5011252,-0.40159971913400333,2015,04,2015-04,22.100036000000046,-1.831908599897257,545.14761645,556.13286612,511.94016556,1.7771197272403887,598.134399,-10.856153250600793
2015-04-21,531.450012,538,523.5,527.400024,523.931702,3243871,-1.0877696679421651,2015,04,2015-04,14.5,-0.7620637705432933,544.12146895,554.7429125,512.4101589950001,1.7755998651066793,598.134399,-11.825832976377605
2015-04-22,529,529.700012,510.649994,523.5,520.057312,4311384,-0.7394811950179263,2015,04,2015-04,19.050018000000023,-1.0396975425330812,543.2070311,553.51043326,512.87277237,1.7669791422702286,598.134399,-12.47786436038099
2015-04-23,527.799988,527.799988,508.450012,512,508.632965,4961920,-2.1967526265520534,2015,04,2015-04,19.34997599999997,-2.993555960444619,541.5271361,552.09148672,513.245483245,1.811144137886155,598.134399,-14.400509173858772
2015-04-24,515.25,520,508.600006,516.200012,512.805359,4302328,0.820314843750003,2015,04,2015-04,11.399993999999992,0.18437884522076955,541.00705245,551.3422582,513.63375259,1.6629869965567468,598.134399,-13.698323844437512
2015-04-27,521,523,513.049988,516.849976,513.451111,3082875,0.1259132090062707,2015,04,2015-04,9.950012000000015,-0.7965497120921363,540.04456165,550.9414318,514.05124313,1.6038862436658785,598.134399,-13.589658634563845
2015-04-28,520.5,533.799988,518.349976,529.849976,526.365540,6417077,2.5152366457689457,2015,04,2015-04,15.450012000000015,1.7963450528338076,540.60273125,550.37615838,514.561683805,1.5382174711796703,598.134399,-11.416234062806351
2015-04-29,526.75,528,516.799988,520.900024,517.474426,3685760,-1.6891483260159552,2015,04,2015-04,11.200012000000015,-1.1105792121499707,540.16429435,549.73478142,515.03256912,1.513072605379207,598.134399,-12.91254526225635
2015-04-30,518.200012,520.799988,506.75,508.25,504.907623,10009172,-2.428493648907958,2015,04,2015-04,14.049987999999985,-1.9201103376277062,538.8633239,548.78301994,515.34373901,1.5831257104239949,598.134399,-15.027458569558046
2015-05-04,511.75,516,497.5,506.450012,503.119476,5849866,-0.35415405804229905,2015,05,2015-05,18.5,-1.0356595994137734,536.9677642,547.7210546,515.62117416,1.5019335311279207,598.134399,-15.32839227325563
2015-05-05,509.5,515.700012,506.049988,510.450012,507.093170,3398712,0.7898114138064232,2015,05,2015-05,9.65002400000003,0.18645966633955158,534.5450042,546.5689147,515.849599605,1.3543876718816372,598.134399,-14.659646251176403
2015-05-06,508.5,508.5,495.799988,497.850006,494.576019,5925410,-2.468411343675315,2015,05,2015-05,12.700012000000015,-2.0943941002949837,531.0300033000001,544.96392874,516.01650909,1.3318398390336232,598.134399,-16.766197223845005
2015-05-07,493.5,503,482.600006,488.100006,484.890137,5504557,-1.9584211876056499,2015,05,2015-05,20.399993999999992,-1.0942237082066855,527.4175048,543.31729726,516.08816726,1.3548091168344003,598.134399,-18.39626565266313
2015-05-08,498.75,515.900024,497.350006,513.700012,510.321808,6229295,5.244828044521681,2015,05,2015-05,18.550018000000023,2.99749614035088,525.0275054,542.11637806,516.3316059800001,1.8906332996508282,598.134399,-14.116290108237031
2015-05-11,522.25,530.950012,517,529.700012,526.216553,5520513,3.114658288152814,2015,05,2015-05,13.950012000000015,1.426522163714699,523.5175048,541.34824818,516.7181181249999,2.050177567512865,598.134399,-11.441306019920116
2015-05-12,525.700012,525.700012,511.149994,513.549988,510.172760,4569616,-3.048900063079483,2015,05,2015-05,14.550018000000023,-2.311208621391477,521.062503,540.45103872,517.0441625899999,2.1333058894281653,598.134399,-14.141372096541138
2015-05-13,517,525.549988,506.549988,520.450012,517.027405,4442178,1.3435934497578121,2015,05,2015-05,19,0.6673137330754382,519.2725035999999,539.61663564,517.440325155,2.1621947769173913,598.134399,-12.987781195978332
2015-05-14,519,519,510.100006,516.599976,513.202698,3587736,-0.7397513519511736,2015,05,2015-05,8.899993999999992,-0.4624323699422023,518.0800018,538.85463004,517.767520745,2.0823542235375134,598.134399,-13.631455260943795
2015-05-15,519,524.5,517.049988,519.900024,516.481079,4038816,0.6388014234054206,2015,05,2015-05,7.450012000000015,0.17341502890173996,517.012503,537.87170278,518.0770828149999,2.0896127094550043,598.134399,-13.079731767776156
2015-05-18,517.25,524.400024,510.299988,520.700012,517.275757,4363711,0.15387343009624188,2015,05,2015-05,14.100036000000046,0.6669912034799449,516.2800048,536.70986562,518.354037465,2.0796030785382236,598.134399,-12.945984569598382
2015-05-19,516.900024,518.75,508.700012,509.799988,506.447449,5500642,-2.0933404549259027,2015,05,2015-05,10.049987999999985,-1.373580125815596,515.1100036,535.54571402,518.551757195,2.125629095936037,598.134399,-14.768321492240416
2015-05-20,511,513.849976,503.549988,505.25,501.927338,6385674,-0.8925045325815083,2015,05,2015-05,10.299987999999985,-1.1252446183953033,514.0025024,534.29056266,518.726726985,2.121795760433782,598.134399,-15.52901808611747
2015-05-21,506.5,512.5,505,511.200012,507.838257,4708702,1.1776372093023286,2015,05,2015-05,7.5,0.9279391905232014,513.387503,533.22169058,518.933178245,2.1390481350598507,598.134399,-14.534256372036547
2015-05-22,511.75,516.950012,510.200012,514.650024,511.265533,4744826,0.6748849606834546,2015,05,2015-05,6.75,0.5666876404494441,513.5200042,532.3326293,519.09875304,2.0864353604671053,598.134399,-13.957460921755144
2015-05-25,513,514,503,505.299988,501.976990,3080546,-1.8167755880644911,2015,05,2015-05,11,-1.5009769980506853,512.975003,531.35352774,519.226729575,2.118035211434263,598.134399,-15.520660767079548
2015-05-26,505,506,493.549988,497.600006,494.327698,7389680,-1.5238436934219712,2015,05,2015-05,12.450012000000015,-1.465345346534652,512.0125045,530.40445242,519.31422744,2.1413637173673434,598.134399,-16.80799385022496
2015-05-27,473.600006,474.950012,463.549988,471.75,468.647705,15936377,-5.194936834466197,2015,05,2015-05,11.40002400000003,-0.39062626194308103,509.1075057,528.681137,519.39194381,2.319494111875099,598.134399,-21.129766021031006
2015-05-28,473.850006,487.450012,472.25,484.350006,481.164795,11792862,2.670907472178062,2015,05,2015-05,15.200012000000015,2.2158910767218605,507.28000480000003,527.31964346,519.568525535,2.4102616843635536,598.134399,-19.023215048362403
2015-05-29,485.200012,490.25,479.399994,481.649994,478.482574,7892019,-0.557450596996589,2015,05,2015-05,10.850006000000008,-0.7316607403546442,505.9500045,525.93284232,519.7439746,2.3605481788668676,598.134399,-19.474620619503952
2015-06-01,482.899994,482.899994,471,472.049988,468.945679,4610219,-1.993149822399875,2015,06,2015-06,11.899993999999992,-2.246843266682668,504.2300033,524.0641497,519.894179525,2.39287628216633,598.134399,-21.079612075613134
2015-06-02,473.100006,478.399994,465,466.950012,463.879242,6237231,-1.0803889693139808,2015,06,2015-06,13.399993999999992,-1.2999353037420998,502.05500330000007,522.31804862,520.052276295,2.3835867434666183,598.134399,-21.932259241288012
2015-06-03,467,468.75,434.700012,456.850006,453.845673,9702740,-2.1629737103422553,2015,06,2015-06,34.049987999999985,-2.1734462526766576,500.00500330000006,520.4965892600001,520.1272233450001,2.3706979432894753,598.134399,-23.6208439501571
2015-06-04,456.850006,458.450012,445.450012,451.200012,448.232819,8001049,-1.236728450431495,2015,06,2015-06,13,-1.236728450431495,498.1600036,518.68481436,520.123461595,2.351175332208447,598.134399,-24.565446703224975
2015-06-05,445.649994,449.549988,439.5,442.100006,439.192657,11195670,-2.01684524777894,2015,06,2015-06,10.049987999999985,-0.7965865696836484,494.58000330000004,516.6148564800001,520.11995909,1.968684499076705,598.134399,-26.086844906574253
2015-06-08,435.299988,438,429.049988,435.600006,432.735413,7072020,-1.470255578327226,2015,06,2015-06,8.950012000000015,0.06892212457401281,489.875003,514.7948229,520.11141203,1.752619861191654,598.134399,-27.173557192452996
2015-06-09,431.299988,443.799988,431.299988,440.049988,437.156128,7741629,1.0215752843676447,2015,06,2015-06,12.5,2.0287503462671093,486.20000300000004,512.87382682,520.17013197000006,1.7333202718205485,598.134399,-26.42958025224696
2015-06-10,439.899994,449.399994,436,446.600006,443.663055,9716102,1.488471350668466,2015,06,2015-06,13.399993999999992,1.5230761744452344,482.5075027,511.43209526,520.194076365,1.742828465600182,598.134399,-25.334505631735123
2015-06-11,446.5,446.799988,428.100006,430.200012,427.370911,9668308,-3.6721884862670584,2015,06,2015-06,18.699981999999977,-3.6506132138857748,478.1875045,509.44272026,520.000227335,1.8614444622868611,598.134399,-28.076363319140924
2015-06-12,426.549988,429.5,417.25,421.799988,419.026123,10871836,-1.9525857195931529,2015,06,2015-06,12.25,-1.1135857774306162,473.2825027,507.19333184000004,519.766851635,1.8391722663587564,598.134399,-29.480733977983437
2015-06-15,426,427.950012,418.100006,426.350006,423.546234,7287773,1.0787145873508235,2015,06,2015-06,9.850006000000008,0.08216103286385154,468.5650024,504.83310784,519.501314985,1.881481518132297,598.134399,-28.720032368511212
2015-06-16,427.049988,435.799988,421.25,432.799988,429.953796,6192559,1.5128373189233582,2015,06,2015-06,14.549987999999985,1.3464465897608222,464.71500240000006,502.31100336000003,519.17304701,1.9407889910216622,598.134399,-27.64168241726556
2015-06-17,436,437.399994,426.5,433.700012,430.847900,7034146,0.20795379504493666,2015,06,2015-06,10.899993999999992,-0.5275201834862351,461.13750300000004,499.62200312,518.7748277100001,1.953504987470526,598.134399,-27.4912105498216
2015-06-18,434.899994,447.5,431.399994,445.450012,442.520630,8198142,2.7092459476344213,2015,06,2015-06,16.100006000000008,2.4258491941942917,457.850003,497.32400384,518.46800825,2.059854883132443,598.134399,-25.526769109963865
2015-06-19,444.799988,444.799988,431.600006,433.049988,430.202179,6891821,-2.7837071873285817,2015,06,2015-06,13.199981999999977,-2.641636761914661,453.7700012,494.7550036,518.09671522,2.086395733101969,598.134399,-27.599885790885608
2015-06-22,435,444,435,440.5,437.603180,5281379,1.7203584358487536,2015,06,2015-06,9,1.264367816091954,450.5300018,492.36700312,517.7686085299999,2.148118084487132,598.134399,-26.35434431852498
2015-06-23,441,447.399994,435,436,433.132751,5762483,-1.0215664018161181,2015,06,2015-06,12.399993999999992,-1.1337868480725624,447.45000150000004,489.83400264000005,517.433584725,2.1404311233092437,598.134399,-27.10668359336411
2015-06-24,438.700012,438.700012,428.100006,430.600006,427.768280,7081258,-1.2385307339449525,2015,06,2015-06,10.600006000000008,-1.8463655752076906,445.3925018,487.32100276,517.050536475,1.861648575395625,598.134399,-28.009489720052034
2015-06-25,433,436.100006,429.5,432.399994,429.556427,7745469,0.4180185729026638,2015,06,2015-06,6.600006000000008,-0.1385695150115491,442.7950012,485.1600024,516.63171827,1.7268618622256842,598.134399,-27.708556016354454
2015-06-26,435,438.799988,431.200012,437.600006,434.722260,5009173,1.2025929861599431,2015,06,2015-06,7.59997599999997,0.597702528735634,440.5925018,483.08700252,516.22232786,1.7708273933080403,598.134399,-26.839184181413383
2015-06-29,428.799988,432.5,418.149994,428.25,425.433746,7143044,-2.136655820795397,2015,06,2015-06,14.350006000000008,-0.1282621304550934,438.40250240000006,480.945003,515.791169415,1.7776295240798279,598.134399,-28.402379011142614
2015-06-30,428,436.25,422.700012,434.149994,431.294922,6387312,1.377698540572094,2015,06,2015-06,13.549987999999985,1.4369144859813066,436.76250150000004,478.96400264000005,515.408062115,1.8177745896852273,598.134399,-27.415979631694785
2015-07-01,436.75,447.399994,431.399994,444.5,441.576874,6054910,2.383970089378835,2015,07,2015-07,16,1.7744705208929592,436.1450012,477.30600216,515.04529173,1.8625832664961726,598.134399,-25.68559829644575
2015-07-02,445,445,435,436.399994,433.530151,4641851,-1.8222735658042764,2015,07,2015-07,10,-1.9325856179775298,435.40500030000004,475.56400204,514.689511855,1.8855150796478835,598.134399,-27.03980999427522
2015-07-03,436,436,430.450012,433.149994,430.301483,3709457,-0.7447296161053568,2015,07,2015-07,5.549987999999985,-0.653671100917433,434.95749969999997,473.98700192,514.35211058,1.8401227762569157,598.134399,-27.583166137214594
2015-07-06,428,433.5,420.700012,431.100006,428.264984,4600687,-0.47327439187266496,2015,07,2015-07,12.799987999999985,0.7243004672897213,434.73249969999995,472.28500180000003,513.984176925,1.8139693242592607,598.134399,-27.925896467292134
2015-07-07,434.350006,435.700012,428,431.549988,428.712036,5667938,0.10437995679359309,2015,07,2015-07,7.700012000000015,-0.644645553429559,434.3074997,470.57900204,513.583617235,1.7973374226454537,598.134399,-27.85066554916532
2015-07-08,424,424,400,404.950012,402.286987,15521757,-6.16382267168548,2015,07,2015-07,24,-4.492921698113204,432.225,468.08100276,513.053025955,2.212064394930711,598.134399,-32.29782258351605
2015-07-09,400.149994,403.350006,394.25,397.799988,395.183960,9351601,-1.7656559545922497,2015,07,2015-07,9.100006000000008,-0.5872812783298473,430.6049988,465.61900204,512.497567735,2.105056900035,598.134399,-33.49321011045881
2015-07-10,400.25,405.799988,398.049988,401.899994,399.256989,13661389,1.0306702171142368,2015,07,2015-07,7.75,0.4122408494690799,429.6099991,463.49200192000006,511.94851072999995,2.092624472273861,598.134399,-32.80774443470856
2015-07-13,406.700012,406.700012,397.049988,402.100006,399.455719,8047912,0.04976660935208055,2015,07,2015-07,9.65002400000003,-1.1310562734873997,428.3974991,461.40500180000004,511.424199205,2.071552376006223,598.134399,-32.77430512736654
2015-07-14,403.5,403.5,380.950012,385.950012,383.411926,11333562,-4.016412275308444,2015,07,2015-07,22.549987999999985,-4.349439405204457,426.0550003,458.9150018,510.881716445,2.186629559925365,598.134399,-35.47436618839239
2015-07-15,387,395,382.600006,394.299988,391.707001,15561638,2.163486394709574,2015,07,2015-07,12.399993999999992,1.8863018087855257,424.0849991,456.84400144,510.34536558499997,2.2645494576146405,598.134399,-34.07836287977813
2015-07-16,394.899994,398.649994,392.450012,395.25,392.650726,5199913,0.24093635021871096,2015,07,2015-07,6.199981999999977,0.08863155363836435,421.57499850000005,454.98700132,509.72249387999994,2.1475302992387677,598.134399,-33.91953369329625
2015-07-17,395.950012,403.25,390.399994,398.049988,395.432312,6590110,0.7084093611638165,2015,07,2015-07,12.850006000000008,0.5303639187665865,419.82499850000005,452.67400084,509.14577696,2.0998249570518004,598.134399,-33.451413484078856
2015-07-20,399,401.899994,389.299988,390.75,388.180328,5777196,-1.833937500332241,2015,07,2015-07,12.600006000000008,-2.0676691729323307,417.33749850000004,449.8950006,508.427932415,2.0610524962382897,598.134399,-34.67187296813538
2015-07-21,391.799988,393.299988,386.100006,389.100006,386.541168,6461958,-0.42226333973128405,2015,07,2015-07,7.199981999999977,-0.6891225325918022,414.99249879999996,447.40600096000003,507.81190748,2.058601625508153,598.134399,-34.94772969912403
2015-07-22,388,392.799988,385.950012,389.549988,386.988220,5955109,0.11564687562610246,2015,07,2015-07,6.84997599999997,0.3994814432989651,412.9399979,444.78800048,507.21989881499996,2.056924726761378,598.134399,-34.87249878099722
2015-07-23,388.75,403.399994,385,401.350006,398.710632,9510349,3.0291408968032165,2015,07,2015-07,18.399993999999992,3.241159099678458,411.38749850000005,442.48300108,506.73166013499997,2.195093334132801,598.134399,-32.89969500650639
2015-07-24,397.549988,399.350006,389,390.25,387.683624,7059848,-2.765667331271949,2015,07,2015-07,10.350006000000008,-1.8362440498929118,409.01999820000003,439.8900006,506.15452955,2.226618757879544,598.134399,-34.75546622089528
2015-07-27,384.25,385.25,373,377.450012,374.967834,8450904,-3.2799456758488112,2015,07,2015-07,12.25,-1.7696780741704579,406.47999880000003,437.0250006,505.51513044,2.2835262953390023,598.134399,-36.89545148531075
2015-07-28,373,374.899994,366.100006,370.100006,367.666168,10975840,-1.9472793128431551,2015,07,2015-07,8.799987999999985,-0.7774782841823036,403.2774994,434.23100096,504.88152494,2.2524672052609906,598.134399,-38.12427330400036
2015-07-29,373.899994,379.950012,372.700012,376.450012,373.974396,9532212,1.7157540926924513,2015,07,2015-07,7.25,0.6820053599679979,399.875,431.65500119999996,504.27670133,2.2077267477388416,598.134399,-37.06263799083055
2015-07-30,381.649994,382.5,376,377.450012,374.967834,6562559,0.26563951869391894,2015,07,2015-07,6.5,-1.1004800382624864,396.9275009,428.98000119999995,503.66599454000004,2.2063992753025787,598.134399,-36.89545148531075
2015-07-31,380.799988,390.5,380.049988,383.850006,381.325714,6947628,1.6955871761900994,2015,07,2015-07,10.450012000000015,0.8009501302820479,394.46250150000003,426.36400084,503.067252625,2.2703140463930893,598.134399,-35.825458853103015
2015-08-03,386.350006,394.399994,382,388.200012,385.647125,6647982,1.1332567232003659,2015,08,2015-08,12.399993999999992,0.47884197522181676,392.3175018,424.02200131999996,502.4328761,2.3023875913683645,598.134399,-35.09819655097282
2015-08-04,385.899994,387,378,380.75,378.246094,5621275,-1.9191168907022123,2015,08,2015-08,9,-1.3345410935663276,389.7775024,421.6850012,501.899269225,2.3189646965757365,598.134399,-36.34373802333345
2015-08-05,378.75,388.5,375.100006,376.399994,373.924713,8298929,-1.1424835193696672,2015,08,2015-08,13.399993999999992,-0.6204636303630383,388.3500015,419.77800108,501.326350675,1.9226441732371793,598.134399,-37.07100032546365
2015-08-06,376.5,384.700012,373.200012,383.100006,380.580627,7976356,1.780024470457355,2015,08,2015-08,11.5,1.752989641434265,387.6150024,417.75300108000005,500.82774441000004,1.9482690249763965,598.134399,-35.95084873224287
2015-08-07,382.399994,396,382.399994,393.399994,390.812927,10706804,2.688589882193838,2015,08,2015-08,13.600006000000008,2.876569082791356,387.1900024,415.98800108,500.38063808500004,2.035366032828214,598.134399,-34.228829731626924
2015-08-10,384,395.299988,382.100006,385.700012,383.163544,14494111,-1.9572908280217152,2015,08,2015-08,13.199981999999977,0.4427114583333373,386.37000270000004,414.26100156,499.91580898,2.0773119960696076,598.134399,-35.516162814772336
2015-08-11,387.100006,388,367.549988,369.149994,366.722382,9984809,-4.290904196290256,2015,08,2015-08,20.450012000000015,-4.6370477193947695,385.5300018,412.3050012,499.40780528999994,2.104668043654444,598.134399,-38.28310249048224
2015-08-12,365,365.850006,353.549988,355.200012,352.864136,11107801,-3.778946831027167,2015,08,2015-08,12.300018000000023,-2.684928219178078,383.57500300000004,410.27200131999996,498.73680186999997,2.1716688912345345,598.134399,-40.615351233126454
2015-08-13,356.899994,360.950012,348,349.399994,347.102264,11147702,-1.6328878952853252,2015,08,2015-08,12.950012000000015,-2.101429007028787,381.2825027,408.23600096,498.00315914,2.1785103989772385,598.134399,-41.58503597449844
2015-08-14,351.450012,359.75,345.100006,355.25,352.913788,6400810,1.6743005439204466,2015,08,2015-08,14.649993999999992,1.0812314327079848,379.1425033,406.49900084,497.21120571,2.219181000238933,598.134399,-40.60699391408853
2015-08-17,354.399994,362.299988,345.25,356.100006,353.758209,5812093,0.23926980999296482,2015,08,2015-08,17.049987999999985,0.47968736703760084,377.41000360000004,404.90900084000003,496.49993251499995,2.2041072799974435,598.134399,-40.46488438127766
2015-08-18,355.850006,358.350006,347.700012,348.600006,346.307526,5623977,-2.1061499223900606,2015,08,2015-08,10.649993999999992,-2.0373752642286034,375.3850036,403.08000119999997,495.726672015,2.2353349899891906,598.134399,-41.71878317267622
2015-08-19,348.700012,354.899994,344,351.25,348.940094,6435894,0.7601818572544695,2015,08,2015-08,10.899993999999992,0.7312841732853123,373.47000420000006,401.17300108,494.87984278999994,2.249645055587467,598.134399,-41.27573993616776
2015-08-20,348,349.700012,341,342.200012,339.949646,7789676,-2.576509039145903,2015,08,2015-08,8.700012000000015,-1.6666632183908003,370.51250450000003,399.41300108,493.9840533,2.134100760330778,598.134399,-42.78877580488395
2015-08-21,339.399994,339.399994,327.75,332.399994,330.214050,8793065,-2.8638274857804573,2015,08,2015-08,11.649993999999992,-2.0624632067612825,367.62000420000004,397.6250012,492.99523601,2.139033735983334,598.134399,-44.42720656833516
2015-08-24,317,317,301.600006,308.25,306.222870,14753473,-7.265341286377999,2015,08,2015-08,15.399993999999992,-2.760252365930599,364.16000360000004,395.26300108000004,491.907682605,2.5336931316559244,598.134399,-48.46475967351947
2015-08-25,308,331.350006,305.799988,328.850006,326.687439,13398318,6.6828892133008955,2015,08,2015-08,25.550018000000023,6.76948246753247,362.09750360000004,393.18400144,490.900373185,3.043289822161089,598.134399,-45.02071665669241
2015-08-26,322,341.399994,318.25,335.100006,332.896301,13781660,1.9005625318431651,2015,08,2015-08,23.149993999999992,4.068324844720499,360.0300033,391.21200131999996,489.937423205,3.0507865042649414,598.134399,-43.97580099719361
2015-08-27,338.399994,342.549988,327.25,334.049988,331.853210,17224851,-0.31334466762140933,2015,08,2015-08,15.299987999999985,-1.2854627887493424,357.86000210000003,388.98400084,489.02388683,3.045525209128354,598.134399,-44.15134983734651
2015-08-28,342,342,335.25,340.049988,337.813751,7123909,1.7961383671715625,2015,08,2015-08,6.75,-0.5701789473684254,355.6700012,387.12400084,488.14331859500004,3.049533075909748,598.134399,-43.148230804227666
2015-08-31,340,348.75,332.450012,340.149994,337.913116,7244287,0.02940920556656735,2015,08,2015-08,16.299987999999985,0.044115882352938944,353.26750030000005,385.11700072,487.2130389,3.0271897423040635,598.134399,-43.131511150556655
2015-09-01,334.950012,339.350006,325.100006,329.899994,327.730499,8606005,-3.013376504719268,2015,09,2015-09,14.25,-1.5076930345057047,350.725,382.99500059999997,486.25673869999997,3.0616971138018005,598.134399,-44.84517283213468
2015-09-02,328.850006,332.5,321.450012,324.450012,322.316376,8097313,-1.6520103361990293,2015,09,2015-09,11.049987999999985,-1.3379941978775554,348.1275009,380.87200072,485.28728740500003,3.0679535684358825,598.134399,-45.75633627786052
2015-09-03,326.200012,339.799988,326.200012,333.549988,331.356506,8138855,2.804738993198117,2015,09,2015-09,13.59997599999997,2.2532114437812987,345.65,378.8950006,484.257718925,3.1195840491377234,598.134399,-44.23494309010641
2015-09-04,330,330.799988,316,322.899994,320.776550,6592654,-3.1929229150504397,2015,09,2015-09,14.799987999999985,-2.151516969696972,342.125,376.60100036000006,483.19295680999994,3.06567379902524,598.134399,-46.01547837077333
2015-09-07,327.799988,333,320,322.850006,320.726898,5357928,-0.015480954143339137,2015,09,2015-09,13,-1.5100616782206768,338.9824997,374.49300048,482.187802545,3.0624340572567164,598.134399,-46.02383568981125
2015-09-08,326,333.25,316.299988,330.899994,328.723938,6729868,2.493414232738154,2015,09,2015-09,16.950012000000015,1.503065644171777,337.06999970000004,372.42800048,481.24639614499995,3.035775701926373,598.134399,-44.67798632661487
2015-09-09,335.350006,350.700012,333.600006,344.899994,342.631866,8833492,4.230885540602337,2015,09,2015-09,17.100006000000008,2.8477673562349612,336.5549988,370.43600036000004,480.34407146999996,3.108126927405626,598.134399,-42.33737524933757
2015-09-10,340.049988,356.450012,331,354.100006,351.771393,9872906,2.6674433633072243,2015,09,2015-09,25.450012000000015,4.131750770713165,336.78999940000006,368.7900006,479.510502895,3.1451013600405227,598.134399,-40.79925739231728
2015-09-11,354.899994,358.899994,342.25,344.600006,342.333832,8569963,-2.682857904272388,2015,09,2015-09,16.649993999999992,-2.902222646980373,336.25749970000004,367.01900084,478.651942865,3.1820246904138547,598.134399,-42.387529194755444
2015-09-14,348.899994,350.899994,342.25,346.799988,344.519379,5480940,0.6384161235330847,2015,09,2015-09,8.649993999999992,-0.6018933895424509,335.79249880000003,365.33300047999995,477.813781855,3.1855396874694617,598.134399,-42.01972189196897
2015-09-15,345.950012,345.950012,333.049988,334.350006,332.151245,5802405,-3.5899603318325313,2015,09,2015-09,12.90002400000003,-3.353087324072707,335.0799988,363.38900084,476.913370935,3.2517081898536504,598.134399,-44.10119087633347
2015-09-16,337.700012,340.399994,332.5,338.049988,335.826904,5708786,1.1066193909384818,2015,09,2015-09,7.899993999999992,0.10363517547046153,334.4199982,362.05100036000005,475.96442898000004,3.2577742966225967,598.134399,-43.48260381526728
2015-09-18,329.200012,333.799988,326.850006,330.25,328.078217,14893326,-2.307347515717109,2015,09,2015-09,6.949981999999977,0.31895138570043086,333.8224976,360.7000006,474.96411953,3.247722905683385,598.134399,-44.786656552083706
2015-09-21,326.850006,334.899994,325.649994,331.700012,329.518677,5172386,0.43906495079485697,2015,09,2015-09,9.25,1.48386290682828,333.78749849999997,359.29600096,474.00593624,3.184610142883853,598.134399,-44.54423411284192
2015-09-22,332,333.600006,314,315.799988,313.723236,7122834,-4.7934951536872505,2015,09,2015-09,19.600006000000008,-4.879521686746992,334.1649979,357.57000059999996,472.968005335,2.923524371819739,598.134399,-47.20250356308299
2015-09-23,311,312.549988,306.25,310.299988,308.259369,8954516,-1.7416086792251557,2015,09,2015-09,6.299987999999985,-0.22508424437299523,333.23749699999996,356.05700012,471.90875820499997,2.5124592103567442,598.134399,-48.12202934344193
2015-09-24,309.700012,312,301.600006,303.399994,301.404785,13799813,-2.223652680257272,2015,09,2015-09,10.399993999999992,-2.03423240422736,331.6524964,354.23900024,470.82688366499997,2.4950032864066785,598.134399,-49.27561522840956
2015-09-28,304.399994,304.399994,283.5,285,283.125793,13577316,-6.06459932889781,2015,09,2015-09,20.899993999999992,-6.3731913214163844,329.199997,352.03400024,469.70074718999996,2.790425289049357,598.134399,-52.35184592685498
2015-09-29,281.200012,294.799988,279.100006,288.75,286.851135,12304403,1.3157894736842104,2015,09,2015-09,15.699981999999977,2.6849173818669625,326.6349976,349.84800048,468.65495007,2.7693121145431308,598.134399,-51.72489653115571
2015-09-30,289.25,299.75,288.100006,298.600006,296.636353,12926187,3.411257489177492,2015,09,2015-09,11.649993999999992,3.232499913569579,324.5574982,348.00500059999996,467.620064205,2.9203096617057893,598.134399,-50.07810844866657
2015-10-01,301.450012,301.5,291.5,297.75,295.791931,7501080,-0.2846637585131219,2015,10,2015-10,10,-1.2274048275705542,322.9499985,346.17800048,466.6160516,2.865264023483239,598.134399,-50.22021798147745
2015-10-05,302.5,322.100006,302.5,315.149994,313.077484,14527820,5.843826700251887,2015,10,2015-10,19.600006000000008,4.1818161983471045,322.4849976,344.69000059999996,465.71857937,3.176174557109503,598.134399,-47.31117378855183
2015-10-06,320.549988,334.700012,319.549988,333.700012,331.505524,18806867,5.886091814426632,2015,10,2015-10,15.15002400000003,4.102331771105863,322.4924988,343.33700072,464.94353878000004,3.3917683238381824,598.134399,-44.209861101802304
2015-10-07,333.899994,345,329,341.350006,339.105225,17802539,2.292476393438066,2015,10,2015-10,16,2.231210582172103,323.41499940000006,342.35900084,464.26759563499996,3.3364865220241646,598.134399,-42.93088533769482
2015-10-08,343.799988,347.299988,341.549988,343.25,340.992706,12085332,0.5566116790986646,2015,10,2015-10,5.75,-0.15997324583966677,324.4349991,341.6750006,463.63009197499997,3.3358112590897306,598.134399,-42.61323198032622
2015-10-09,346.200012,359.200012,341.100006,356.450012,354.105927,11635790,3.845597086671527,2015,10,2015-10,18.100006000000008,2.9607162463067738,325.7125,341.40200072,463.013571285,3.39451926281984,598.134399,-40.4063681012267
2015-10-12,356.5,367,356.399994,362.350006,359.967102,10509775,1.6552093705638569,2015,10,2015-10,10.600006000000008,1.6409553997194972,326.5850006,341.12000059999997,462.421603665,3.2898666220332182,598.134399,-39.41996872177887
2015-10-13,360,365.25,355.049988,361.100006,358.725311,9969583,-0.3449703268391832,2015,10,2015-10,10.200012000000015,0.3055572222222243,326.9350006,340.79300048,461.77985286999996,3.2443450464802406,598.134399,-39.62895185367863
2015-10-14,358.75,360.25,351.100006,352.299988,349.983154,7009418,-2.437003005754595,2015,10,2015-10,9.149993999999992,-1.7979127526132448,327.31999970000004,340.16200012,461.12650448,3.233502554555731,598.134399,-41.10019611161003
2015-10-15,355.299988,383.75,355.299988,381.299988,378.792480,19487376,8.23162105813072,2015,10,2015-10,28.450012000000015,7.317759886893101,329.0449997,340.02399963999994,460.63893321999996,3.7041356987255565,598.134399,-36.25178745153563
2015-10-16,388.600006,390.950012,380.649994,386.75,384.206635,16497652,1.4293239369312583,2015,10,2015-10,10.300018000000023,-0.47606947283475015,331.66499940000006,340.14399963999995,460.172675745,3.5774736892169883,598.134399,-35.34061899021461
2015-10-19,384,384,376.25,378.700012,376.209595,7455714,-2.081444861021328,2015,10,2015-10,7.75,-1.3802052083333294,333.6975006,340.19,459.617193565,3.6332524966419726,598.134399,-36.68646835341099
2015-10-20,379,395.75,377.399994,383.149994,380.630310,15426131,1.1750678265095955,2015,10,2015-10,18.350006000000008,1.0949852242744043,336.34250030000004,340.19099975999995,459.090392265,3.5678601711752083,598.134399,-35.94249141320495
2015-10-21,379.950012,386.399994,378.549988,381.450012,378.941528,8720671,-0.44368576970406454,2015,10,2015-10,7.850006000000008,0.39478877552976627,338.83000030000005,339.95200012000004,458.54618663499997,3.5780777694218204,598.134399,-36.22670546323152
2015-10-23,383.899994,388.799988,382,383,380.481323,6744440,0.40634105419820643,2015,10,2015-10,6.799987999999985,-0.2344344918119463,342.1900009,339.89799988,457.995384785,3.3337792067812813,598.134399,-35.967568385913886
2015-10-26,386.450012,389.899994,383.25,384.600006,382.070801,5064657,0.417756135770237,2015,10,2015-10,6.649993999999992,-0.4787180599181888,345.9050018,340.20700012000003,457.3865414,3.274018196236321,598.134399,-35.70006897396316
2015-10-27,383,386.950012,382.200012,383.350006,380.829010,4423221,-0.3250129954496152,2015,10,2015-10,4.75,0.09138537859008032,349.9025024,340.77,456.712084765,3.1983303241985475,598.134399,-35.90905210586292
2015-10-28,382.799988,390.75,382.200012,386.299988,383.759613,8018683,0.7695270519964403,2015,10,2015-10,8.549987999999985,0.9143155981499143,354.9675018,341.50799988,456.16318935000004,2.705752171391985,598.134399,-35.41585492393659
2015-10-29,388.950012,396.799988,384.25,391.200012,388.627411,15381516,1.2684504665322511,2015,10,2015-10,12.549987999999985,0.5784805066415578,360.0900024,342.22700012,455.67614345000004,2.7060032527347517,598.134399,-34.5966370344134
2015-10-30,389.75,390.799988,383.5,384.950012,382.418518,6651831,-1.5976482127510774,2015,10,2015-10,7.299987999999985,-1.2315556125721576,364.4075027,342.80400024000005,455.068060715,2.7573061102845573,598.134399,-35.641552693912196
2015-11-02,386.100006,392.049988,384.399994,387.950012,385.398743,7511675,0.7793219655751044,2015,11,2015-11,7.649993999999992,0.4791520257060052,368.9175033,343.59100036,454.42402446,2.735029229426505,598.134399,-35.13999317735277
2015-11-03,391.25,391.25,380.799988,382.049988,379.537537,5887746,-1.520820677278399,2015,11,2015-11,10.450012000000015,-2.351440766773167,372.26250300000004,344.20700012000003,453.750488085,2.5925369107155327,598.134399,-36.12639757239577
2015-11-04,390.049988,407.25,390.049988,404.850006,402.187653,13985828,5.967810159962634,2015,11,2015-11,17.200012000000015,3.794390066741913,375.82000270000003,345.46,453.205050615,2.600697473428474,598.134399,-32.31454223718707
2015-11-05,403.600006,412.799988,401.450012,404,401.343201,12912937,-0.20995578298200832,2015,11,2015-11,11.34997599999997,0.09910653965649159,378.9525024,346.89200012000003,452.650910905,2.5955473204495876,598.134399,-32.45665176999793
2015-11-06,399.899994,404.399994,392.5,396.149994,393.544830,11016134,-1.9430707920792096,2015,11,2015-11,11.899993999999992,-0.9377344476779361,381.59750210000004,348.65,451.99518962499997,2.6708830188572583,598.134399,-33.76906684144746
2015-11-09,374,413.5,373.049988,411.75,409.042236,22128119,3.937903883951594,2015,11,2015-11,40.450012000000015,10.093582887700535,384.3625015,350.30799988,451.453086355,2.6765836259155487,598.134399,-31.160956352219433
2015-11-10,408,417.399994,402.700012,407.450012,404.770538,12654616,-1.044320097146323,2015,11,2015-11,14.699981999999977,-0.13480098039215313,386.6175018,351.755,450.82640972,2.696880010749625,598.134399,-31.87985631971653
2015-11-13,411.350006,417.5,401.799988,403.950012,401.293518,11007237,-0.85900107913115,2015,11,2015-11,15.700012000000015,-1.7989531766288567,388.7600021,353.15300047999995,450.07983135,2.7090000880251677,598.134399,-32.46500908903586
2015-11-16,401,404.850006,394.200012,400.25,397.617859,7673487,-0.915957888373578,2015,11,2015-11,10.649993999999992,-0.18703241895261846,391.1575027,354.35700072,449.35284435,2.6398365389047664,598.134399,-33.08360116569721
2015-11-17,403,410.700012,398.549988,407.5,404.820190,6063987,1.811367895065584,2015,11,2015-11,12.15002400000003,1.1166253101736971,392.4675033,355.70400084,448.58790325,1.9801212632538103,598.134399,-31.87149900067861
2015-11-18,407.950012,413.5,403.25,406.25,403.578430,6960097,-0.3067484662576687,2015,11,2015-11,10.25,-0.4167206642955106,393.4425033,357.23100096,447.70812694499995,1.9683845394622177,598.134399,-32.08048213257837
2015-11-19,409.899994,409.899994,403.5,406.950012,404.273834,5645524,0.1723106461538499,2015,11,2015-11,6.399993999999992,-0.719683347933881,394.8550033,358.88100096,446.75220500999995,1.8899765480139712,598.134399,-31.96344957247644
2015-11-20,408.5,410.700012,401.350006,402.850006,400.200775,5420173,-1.0074962229021898,2015,11,2015-11,9.350006000000008,-1.3831074663402674,395.8400039,360.26700131999996,445.851718405,1.9044252391690089,598.134399,-32.64891524822668
2015-11-23,400.350006,404.399994,396.5,402.100006,399.455719,4658448,-0.18617351094193602,2015,11,2015-11,7.899993999999992,0.4371175156170723,396.8725036,361.85100156,444.90098064,1.9002272865913663,598.134399,-32.77430512736654
2015-11-24,399.100006,406.5,397.049988,400.950012,398.313293,5624579,-0.28599701140019196,2015,11,2015-11,9.450012000000015,0.46354446810006006,397.7700042,363.41300168000004,444.01102915999996,1.9041208041905133,598.134399,-32.966568605595285
2015-11-26,404.75,426.450012,404,424.399994,421.609070,15070353,5.848604887933007,2015,11,2015-11,22.450012000000015,4.854847189623222,399.7600036,365.28300168000004,443.20196773,2.280023091686675,598.134399,-29.04604806051291
2015-11-27,425.549988,431.899994,416.450012,417.649994,414.903442,9720127,-1.5904807010906792,2015,11,2015-11,15.449981999999977,-1.8564197445118933,401.475003,366.73800168,442.305729175,2.321815037517913,598.134399,-30.174556972771605
2015-11-30,419.899994,429.600006,418,423.5,420.714996,9901753,1.4006958180394486,2015,11,2015-11,11.600006000000008,0.8573484285403461,403.33500360000005,368.12600156,441.497609365,2.3305968502491785,598.134399,-29.1965149123617
2015-12-01,427,427,416.100006,417.350006,414.605438,6402692,-1.4521827626918518,2015,12,2015-12,10.899993999999992,-2.2599517564402793,404.6425033,369.58100156,440.66962276,2.361710525959951,598.134399,-30.22471091818948
2015-12-02,415.899994,418.899994,410.299988,413.149994,410.433014,6543300,-1.006352447494637,2015,12,2015-12,8.600006000000008,-0.6612166481541233,406.0525024,370.90800168000004,439.96706553999996,2.339645059724474,598.134399,-30.926896247610735
2015-12-03,408.700012,411.899994,404.25,405.600006,402.932709,5999323,-1.8274205759760909,2015,12,2015-12,7.649993999999992,-0.7585040149203635,406.9350021,372.33300168,439.31060909,2.388300268323534,598.134399,-32.18915235804721
2015-12-04,402.5,411.5,398.700012,399.950012,397.319855,8477407,-1.392996527717012,2015,12,2015-12,12.799987999999985,-0.633537391304344,407.8300033,373.57100216,438.519790915,2.3834806588451207,598.134399,-33.133755111115086
2015-12-07,402.899994,403,395.299988,399.149994,396.525085,6156323,-0.20002949768633155,2015,12,2015-12,7.700012000000015,-0.9307520615152951,407.54500270000005,374.94900204,437.750696525,1.9683530537088705,598.134399,-33.26750732488804
2015-12-08,396.950012,406.950012,396.100006,402.399994,399.753723,7851653,0.8142302514978867,2015,12,2015-12,10.850006000000008,1.3729643116876835,407.4650024,376.36300168,436.98350612499996,1.977353227903433,598.134399,-32.72415118194866
2015-12-09,402.799988,405,392.75,393.950012,391.359283,6103583,-2.0998961545710104,2015,12,2015-12,12.25,-2.197114266051063,407.3550033,377.92600216,436.15551479000004,1.9857502983788582,598.134399,-34.13687414423393
2015-12-10,401.200012,401.200012,385.25,389.600006,387.037933,10684178,-1.1042025301423286,2015,12,2015-12,15.950012000000015,-2.891327430967277,406.2475036,379.51200252,435.263229785,1.766145751998621,598.134399,-34.86413644636413
2015-12-11,390.899994,392.649994,375.299988,377.950012,375.464508,6537672,-2.9902448204787735,2015,12,2015-12,17.350006000000008,-3.3128631872017826,404.77250360000005,381.00300288,434.262483325,1.8625061954937763,598.134399,-36.81185823255084
2015-12-14,369.75,373.5,360.5,371.600006,369.156311,12682481,-1.680117951682988,2015,12,2015-12,13,0.5003396889790419,403.1550033,382.735003,433.268325455,1.8830471356065717,598.134399,-37.873493545720656
2015-12-15,371.25,380.950012,365.5,379.5,377.004333,7717531,2.1259402240160328,2015,12,2015-12,15.450012000000015,2.2222222222222223,402.1175033,384.550003,432.297095595,1.9604334979544196,598.134399,-36.55272115523321
2015-12-16,375.899994,385,372.850006,380.450012,377.948059,11874858,0.25033254281950335,2015,12,2015-12,12.149993999999992,1.2104331132285209,400.7650039,386.18700312,431.35881312500004,1.9044080011367965,598.134399,-36.393891968751326
2015-12-17,385,387,376.049988,382.950012,380.431641,7604665,0.6571165517534535,2015,12,2015-12,10.950012000000015,-0.5324644155844116,399.6000045,387.89100336,430.48151088,1.9170722126381485,598.134399,-35.975925704951806
2015-12-18,381.899994,384.799988,376.799988,378.25,375.762543,6454322,-1.227317365902058,2015,12,2015-12,8,-0.9557460218237115,398.1650039,389.15300348,429.56191005,1.925308133571114,598.134399,-36.76170428713297
2015-12-21,379.100006,382.549988,377.5,380.149994,377.650055,4015631,0.5023116986120271,2015,12,2015-12,5.049987999999985,0.27696860548189617,397.0300033,390.08200312,428.68915874,1.9276741885586026,598.134399,-36.44405092976437
2015-12-22,380.899994,382.799988,377.200012,378.100006,375.613525,3802024,-0.5392576699606589,2015,12,2015-12,5.59997599999997,-0.7350979375442008,395.8300033,390.81700312,427.73442683499997,1.928461443430685,598.134399,-36.7867812598419
2015-12-23,379.899994,380.850006,377.5,378.450012,375.961243,3953766,0.0925696890890839,2015,12,2015-12,3.3500060000000076,-0.3816746572520286,394.7050033,391.52100336,426.73271754499996,1.9303583191875882,598.134399,-36.728264979790936
2015-12-24,380.899994,384.75,377.600006,382.399994,379.885254,4568751,1.0437262187218472,2015,12,2015-12,7.149993999999992,0.3938041542736281,392.6050033,392.040003,425.804679675,1.3362281079828786,598.134399,-36.06788129234481
2015-12-28,384.899994,395,383.75,394,391.408966,7166351,3.033474419981295,2015,12,2015-12,11.25,2.3642520503650637,391.4225036,392.67300288,424.934641835,1.5261791194431782,598.134399,-34.12851682519601
2015-12-29,392.899994,397.5,388.75,391.850006,389.273102,7359611,-0.5456837563451757,2015,12,2015-12,8.75,-0.2672405232971281,389.8400039,393.28800287999996,424.07067378499994,1.4745514024402961,598.134399,-34.487966808944556
2015-12-30,392,395,390.5,393.450012,390.862610,4866177,0.40832103496254823,2015,12,2015-12,4.5,0.36990102040816714,388.6450042,394.11100336000004,423.24240840500005,1.4618029378796908,598.134399,-34.22046739699383
2015-12-31,394,395.75,389.149994,391.299988,388.726715,6410622,-0.5464541706507892,2015,12,2015-12,6.600006000000008,-0.6852822335025419,387.55250390000003,394.31100336000003,422.427633015,1.4534397559159595,598.134399,-34.57992239633755
2016-01-01,392.5,403,373,401.899994,399.256989,4377363,2.7089206044136165,2016,01,2016-01,30,2.3949029299363036,387.3675033,394.61400324000005,421.711864125,1.5471132777302206,598.134399,-32.80774443470856
2016-01-04,400,400.100006,375.049988,377.049988,374.570404,7822660,-6.183131717090797,2016,01,2016-01,25.050018000000023,-5.737503000000004,386.22250210000004,394.58100276,420.80753520999997,2.0556837204920817,598.134399,-36.96233009999481
2016-01-05,381.049988,382.450012,372.100006,374.450012,371.987518,6901068,-0.6895573750820461,2016,01,2016-01,10.350006000000008,-1.7320499167683925,384.987503,394.40700312,419.91766185499995,2.057670371262283,598.134399,-37.39701100187017
2016-01-06,374.25,375.5,364.600006,365.899994,363.493744,7211230,-2.2833536456129218,2016,01,2016-01,10.899993999999992,-2.231130527722113,383.162503,394.09600276,418.99221157,2.0858949652382623,598.134399,-38.82645863342162
2016-01-07,356.25,358,338.100006,343.549988,341.290741,11782307,-6.108228031290978,2016,01,2016-01,19.899993999999992,-3.5649156491228116,380.6425018,393.30700252,417.882538415,2.4184770343286326,598.134399,-42.563078034908344
2016-01-08,345.600006,355.850006,345.600006,353.350006,351.026306,8770370,2.8525741063335515,2016,01,2016-01,10.25,2.242476812919963,378.8300018,392.68200252,416.878013115,2.5385462526882865,598.134399,-40.92464727145713
2016-01-11,343.899994,364.75,341.649994,360.200012,357.831268,10576721,1.938589467577371,2016,01,2016-01,23.100006000000008,4.739755244078318,377.9425018,392.21900264000004,415.939398305,2.5187315052672425,598.134399,-39.77941870552742
2016-01-12,362.700012,363.950012,351.600006,355,352.665436,8363062,-1.4436457042650002,2016,01,2016-01,12.350006000000008,-2.122969877376242,377.1125015,391.59300288,415.00545452,2.512010556638565,598.134399,-40.64879054046848
2016-01-13,360.450012,369.799988,356.299988,364.600006,362.202301,14191511,2.7042270422535233,2016,01,2016-01,13.5,1.1513369016062045,376.3675018,391.06100275999995,414.10046504999997,2.5432969429760175,598.134399,-39.04379908435931
2016-01-14,356.100006,359.399994,346.799988,354.299988,351.970032,10673343,-2.8250186040863703,2016,01,2016-01,12.600006000000008,-0.5054810361334346,375.0600006,390.44800228,413.23895656499997,2.6087528292047186,598.134399,-40.76582310057042
2016-01-15,353.899994,353.899994,339.350006,341.299988,339.055511,6557584,-3.669207011093661,2016,01,2016-01,14.549987999999985,-3.5603295319637693,372.97749940000006,389.51500180000005,412.264957545,2.700986756210297,598.134399,-42.93924767232791
2016-01-18,341,343.299988,334.399994,340.200012,337.962799,6285144,-0.3222900787210018,2016,01,2016-01,8.899993999999992,-0.2346005865102595,371.075,388.67800228,411.37252468500003,2.6964219868344386,598.134399,-43.123148815923564
2016-01-19,343,357.200012,342,354.149994,351.821045,7304555,4.10052366488452,2016,01,2016-01,15.200012000000015,3.2507271137026215,369.775,387.66400203999996,410.494930845,2.8801461564872,598.134399,-40.79090007327936
2016-01-20,349.649994,349.649994,338.799988,342.25,339.999298,9156596,-3.3601564878185464,2016,01,2016-01,10.850006000000008,-2.116400436717866,367.9824997,386.42900204,409.5348338,2.959747971184839,598.134399,-42.78041848584602
2016-01-21,340.649994,344.149994,323,328.549988,326.389343,16524035,-4.002925346968595,2016,01,2016-01,21.149993999999992,-3.552034702222836,365.4874985,385.07700192000004,408.45577770999995,3.0598751247280065,598.134399,-45.070875617705454
2016-01-22,335.5,345.899994,331.5,339.5,337.267365,9595392,3.332829828013878,2016,01,2016-01,14.399993999999992,1.1922503725782414,363.34249880000004,383.63200192000005,407.35875165,3.1678436683859696,598.134399,-43.2401813760255
2016-01-25,345.5,345.5,331.149994,332.600006,330.412750,6106931,-2.0323988217967575,2016,01,2016-01,14.350006000000008,-3.733717510853833,360.2724991,382.13500180000005,406.18100156,3.0675985978352087,598.134399,-44.39376726099313
2016-01-27,338,341,333.200012,337.049988,334.833435,8333202,1.3379380396042377,2016,01,2016-01,7.799987999999985,-0.2810686390532589,357.5324982,380.79700132,405.06450162,3.104456649442997,598.134399,-43.64979032078709
2016-01-28,336.299988,341.399994,332.299988,334.200012,332.002258,13153617,-0.8455647831086615,2016,01,2016-01,9.100006000000008,-0.6244353478835003,354.5699982,379.47600156,403.92800168,3.0934500867725987,598.134399,-44.1262678490424
2016-01-29,332,340.600006,324.200012,336.899994,334.684479,10350998,0.80789404639518,2016,01,2016-01,16.399993999999992,1.4759018072289134,351.84999849999997,378.06400143999997,402.81300152999995,3.1132879557224236,598.134399,-43.67486729349603
2016-02-01,338.75,342.399994,332.25,338.5,336.273926,6563774,0.4749201628065353,2016,02,2016-02,10.149993999999992,-0.07380073800738007,348.6799988,376.70900144,401.69225141000004,3.0233552405547517,598.134399,-43.4073678815453
2016-02-02,343.799988,344.700012,327.700012,329.549988,327.382813,9179304,-2.644021270310197,2016,02,2016-02,17,-4.144851802612629,346.3049988,375.16100096,400.55875135,2.7866726213662973,598.134399,-44.90368911218564
2016-02-03,325.549988,325.950012,317.049988,320.299988,318.193604,6685445,-2.8068579386505697,2016,02,2016-02,8.90002400000003,-1.612655565510265,343.5974976,373.5100006,399.45800123000004,2.8288000165198603,598.134399,-46.450164288243855
2016-02-04,325.299988,329.299988,321.200012,325.5,323.359467,6086981,1.6234817966961697,2016,02,2016-02,8.09997599999997,0.06148540036220819,341.5774979,371.97800048,398.37925123,2.851396163595447,598.134399,-45.58079245330279
2016-02-05,330.5,339,326.649994,337.100006,334.883148,9236577,3.563749923195087,2016,02,2016-02,12.350006000000008,1.996976096822998,341.2549988,370.70100036,397.38800138,2.6726830084781867,598.134399,-43.641427986154
2016-02-08,334.950012,334.950012,321.350006,323.5,321.372589,6974342,-4.034412862039524,2016,02,2016-02,13.600006000000008,-3.4184241199549548,339.7624985,368.68300048,396.33950131999995,2.720799205313032,598.134399,-45.91516546434241
2016-02-09,319.5,322.649994,308.799988,310.649994,308.607086,12489713,-3.9721811437403423,2016,02,2016-02,13.850006000000008,-2.7699549295774673,337.2849976,366.54300048,395.25575117,2.77333488418602,598.134399,-48.063513063390964
2016-02-10,309.850006,309.950012,288.25,291.549988,289.632660,21756193,-6.148400569420262,2016,02,2016-02,21.700012000000015,-5.9060892837291155,334.11249699999996,363.90400024,394.09600111,3.0275532468451245,598.134399,-51.25677632193831
2016-02-11,298.5,300,265.799988,276.350006,274.532684,21632886,-5.21350801770569,2016,02,2016-02,34.200012000000015,-7.420433500837518,329.699997,361.08400024,392.91775113999995,3.044135658463165,598.134399,-53.79800819648227
2016-02-12,281,303.950012,271.600006,298.350006,296.388000,21542152,7.9609189514546275,2016,02,2016-02,32.35000600000001,6.174379359430607,326.9024979,358.78800048,391.82850111,3.658991462753228,598.134399,-50.119905075046525
2016-02-15,297.899994,320.75,297.700012,317.25,315.163666,18888699,6.334839490500962,2016,02,2016-02,23.049987999999985,6.495470422869499,325.6999985,357.02100036,390.83050123,3.919554871439932,598.134399,-46.9600811238412
2016-02-16,319.399994,324.200012,298.899994,301.149994,299.169556,13598374,-5.074863987391649,2016,02,2016-02,25.300018000000023,-5.713838554424018,323.7474976,355.045,389.68700132,4.062914097370611,598.134399,-49.65178486582913
2016-02-17,302.950012,313.5,298.649994,310.149994,308.110382,13717526,2.9885439745351614,2016,02,2016-02,14.850006000000008,2.376623771185055,321.5474976,353.265,388.63325117,4.003386239790202,598.134399,-48.14710631615087
2016-02-18,315.149994,319.100006,306.200012,314,311.935059,12498247,1.2413367965436775,2016,02,2016-02,12.899993999999992,-0.3649037035996239,320.1349976,351.49700012,387.66200117,3.9675985967968304,598.134399,-47.50343726678057
2016-02-19,312.100006,320,311.100006,318.200012,316.107483,7706462,1.3375834394904507,2016,02,2016-02,8.899993999999992,1.954503647141874,319.6174988,349.98200012,386.72075117,3.888112774685126,598.134399,-46.80125193735932
2016-02-22,320,324.200012,313.600006,318.850006,316.753174,8699779,0.20427214817326667,2016,02,2016-02,10.600006000000008,-0.35937312499999763,318.5849991,348.56700012,385.76275114,3.8052760720812326,598.134399,-46.692581711890476
2016-02-23,324,324.75,314.450012,318.549988,316.455109,11635881,-0.09409377273150271,2016,02,2016-02,10.299987999999985,-1.682102469135807,317.8824982,347.37899963999996,384.86625105,3.7819647276583077,598.134399,-46.74274067290352
2016-02-24,316,316,304.75,306.299988,304.285675,7629905,-3.8455502939777233,2016,02,2016-02,11.25,-3.069624050632916,316.3449982,346.07299928,383.95725096,3.8517469835367897,598.134399,-48.79077536552116
2016-02-25,309.799988,312.200012,296.200012,298.200012,296.238983,12959812,-2.64445847774567,2016,02,2016-02,16,-3.744343592421304,314.5449982,344.44699952,382.87975096,3.8833983884912917,598.134399,-50.14498204775546
2016-02-26,303.200012,305.200012,297.600006,301.799988,299.815277,9181680,1.2072353638939388,2016,02,2016-02,7.600006000000008,-0.461749322094364,312.7899979,342.87399904,381.74025084,3.8914792621748133,598.134399,-49.543114640360294
2016-02-29,303.200012,305.75,290.25,299.700012,297.729126,12607181,-0.6958171250821819,2016,02,2016-02,15.5,-1.1543535163184624,310.84999849999997,341.20899904,380.67100096,3.8852056241403603,598.134399,-49.89420228947575
2016-03-01,301.100006,317,301.100006,315.350006,313.276215,11440045,5.221886344135345,2016,03,2016-03,15.899993999999992,4.732646866835333,310.1399994,339.95099916,379.64550092999997,4.0549604180345895,598.134399,-47.2777344812098
2016-03-02,322.899994,326,314.350006,317.100006,315.014679,12418149,0.5549389461562274,2016,03,2016-03,11.649993999999992,-1.796218057532694,309.98000030000003,338.68999940000003,378.64800108000003,4.008101431149626,598.134399,-46.98515809655014
2016-03-03,324.5,339.799988,321.5,336.700012,334.485809,12844057,6.181017227732253,2016,03,2016-03,18.299987999999985,3.75963389830509,310.5400009,337.86199952000004,377.73200102000004,4.227282613274325,598.134399,-43.708301585242886
2016-03-04,340.149994,348.75,338.649994,343.5,341.241058,8197520,2.0195983836198925,2016,03,2016-03,10.100006000000008,0.9848614020554732,310.86000060000003,337.16299928,376.84600096,4.177452290599502,598.134399,-42.571435353946264
2016-03-08,346.5,353.75,341.5,346.049988,343.774292,7888999,0.742354585152834,2016,03,2016-03,12.25,-0.12987359307359744,311.9875,336.43599916,376.02725096,4.058902540156945,598.134399,-42.14511177110883
2016-03-09,339.899994,349,336,347.700012,345.413452,6383925,0.47681666152811153,2016,03,2016-03,13,2.2947979222382755,313.8400009,335.5099994,375.23950102000003,3.925512879173696,598.134399,-41.86925002452501
2016-03-10,347,353.600006,341.399994,348.5,346.208160,7443048,0.23007994604267798,2016,03,2016-03,12.200012000000015,0.43227665706051877,316.6875015,334.64299928,374.42600096,3.5899252577416,598.134399,-41.73550282634723
2016-03-11,348.5,355.899994,345.149994,354.25,351.920410,7641330,1.6499282639885222,2016,03,2016-03,10.75,1.6499282639885222,320.5825012,333.85899903999996,373.62400084,3.2840769034664077,598.134399,-40.77418041960834
2016-03-14,359.899994,370.549988,358.950012,366.450012,364.040161,13066837,3.4438989414255516,2016,03,2016-03,11.59997599999997,1.8199550178375448,323.9875015,333.36199952000004,372.92975096000004,2.939072519304686,598.134399,-38.73450304602862
2016-03-15,366.899994,370.700012,359.549988,360.399994,358.029938,9800731,-1.6509804344064323,2016,03,2016-03,11.15002400000003,-1.7715999199498487,326.1450012,332.53199952,372.2437509,2.7211148697942544,598.134399,-39.74598441378056
2016-03-16,359.950012,362.75,353.299988,359.549988,357.185516,7554537,-0.23585072534712848,2016,03,2016-03,9.450012000000015,-0.11113320924129608,329.0650009,332.18199952000003,371.68275084,2.3762620226657942,598.134399,-39.88809394659143
2016-03-17,366.899994,367.399994,358.600006,360.899994,358.526642,6914296,0.3754710179548129,2016,03,2016-03,8.799987999999985,-1.6353230030306296,331.6025009,331.91099916,371.06550078,2.3276875519725513,598.134399,-39.66239116102066
2016-03-18,362.5,367.799988,362.5,366.049988,363.642761,6594019,1.4269864465556052,2016,03,2016-03,5.299987999999985,0.9793070344827545,334.20500030000005,331.91399903999996,370.48750075,2.3299680635607443,598.134399,-38.801381660712686
2016-03-21,367.25,375.5,365.75,374.700012,372.235901,9325793,2.3630717889820096,2016,03,2016-03,9.75,2.0285941456773355,337.03000030000004,332.53699952000005,370.00075087,2.3536936051926394,598.134399,-37.35521437549021
2016-03-22,376.950012,381.5,370.399994,377.200012,374.719452,8909026,0.6672004056407663,2016,03,2016-03,11.100006000000008,0.06632179122997348,339.9475006,333.01399963999995,369.55200087,2.3493172298285314,598.134399,-36.93724811169069
2016-03-23,378,379.450012,374.049988,377,374.520782,5766182,-0.05302544900237574,2016,03,2016-03,5.40002400000003,-0.26455026455026454,342.87000120000005,333.3499994,369.15275084,2.3484482901989856,598.134399,-36.97068741903273
2016-03-28,375.5,375.5,361.5,363.299988,360.910828,8062793,-3.6339554376657865,2016,03,2016-03,14,-3.2490045272969414,345.7200012,333.51599916,368.71325072,2.3264520430629667,598.134399,-39.261144550892155
2016-03-29,364,378.950012,363.049988,372.450012,370.000702,9364810,2.518586375510706,2016,03,2016-03,15.90002400000003,2.321431868131872,349.43250120000005,333.67299928,368.36500075,2.197385460698831,598.134399,-37.73138401290978
2016-03-30,380.5,391.5,376.799988,388.600006,386.044495,10295891,4.336150753030448,2016,03,2016-03,14.700012000000015,2.128779500657032,353.7725021,334.35899964,368.13000074999997,2.3108434742522173,598.134399,-35.03132295188393
2016-03-31,387.899994,393.600006,380.5,386.600006,384.057617,10738707,-0.5146680311682754,2016,03,2016-03,13.100006000000008,-0.3351348337478925,358.1175018,335.265,367.86275084,2.302963350293781,598.134399,-35.365695962923546
2016-04-01,386.399994,386.399994,377.700012,379.649994,377.153351,5683771,-1.7977268215562354,2016,04,2016-04,8.699981999999977,-1.7468944370635782,361.3325012,336.05399964,367.52800078,2.2076901810433616,598.134399,-36.52764418252427
2016-04-04,385.950012,391,382.399994,388.399994,385.845764,6011729,2.304754415457728,2016,04,2016-04,8.600006000000008,0.6347925699766469,364.8975006,336.73899964,367.31900069000005,2.22560147932545,598.134399,-35.064762259225965
2016-04-05,386,386,369,370.5,368.063477,6058241,-4.6086494017814,2016,04,2016-04,17,-4.015544041450777,366.5875,337.30399964,367.06250074999997,2.222169485144645,598.134399,-38.057399704911475
2016-04-06,373.700012,382.399994,372.049988,376.700012,374.222748,7323269,1.673417543859653,2016,04,2016-04,10.350006000000008,0.802782955222383,368.2475006,338.26700012000003,366.81425078,2.2110550368969055,598.134399,-37.020841364450604
2016-04-07,375.950012,384.799988,370.299988,375.200012,372.732605,8724110,-0.3981948373285425,2016,04,2016-04,14.5,-0.19949460727773563,369.7050018,338.98100036000005,366.52625090000004,2.2187818271611373,598.134399,-37.271621122730316
2016-04-08,375.5,380.049988,370.5,371.450012,369.007294,4860484,-0.9994669189935954,2016,04,2016-04,9.549987999999985,-1.0785587217043902,370.8925018,339.75800047999996,366.2150009,2.2415353802281213,598.134399,-37.89857051842959
2016-04-11,373.950012,387.799988,373.899994,386.649994,384.107300,6827449,4.092066633181311,2016,04,2016-04,13.899993999999992,3.3961710368924862,372.8000015,340.75000059999996,365.92100080999995,2.391548707005578,598.134399,-35.35733864388562
2016-04-12,387.950012,397.399994,387.149994,395.799988,393.197113,7702684,2.3664797987815285,2016,04,2016-04,10.25,2.0234503820559153,374.8775009,341.98200012,365.73475081,2.4141863653941273,598.134399,-33.82758312149842
2016-04-13,400,411.75,398.149994,408.75,406.061951,12373115,3.2718576029870965,2016,04,2016-04,13.600006000000008,2.1875,376.9925003,343.41900024,365.57600081,2.4037429221053728,598.134399,-31.66251586877885
2016-04-18,407.649994,409.899994,402.5,407.350006,404.671204,5571076,-0.3425061773700287,2016,04,2016-04,7.399993999999992,-0.07358960000376814,379.3400009,344.79600036000005,365.43275084,2.357322108282987,598.134399,-31.89657597338755
2016-04-20,407,410.350006,400.649994,404.100006,401.442535,7589901,-0.7978396838418115,2016,04,2016-04,9.700012000000015,-0.7125292383292365,381.5675018,346.28700072,365.30025084,2.3716254046005236,598.134399,-32.43993211632692
2016-04-21,408.700012,417.200012,406,411.5,408.793884,9211869,1.8312283816199675,2016,04,2016-04,11.200012000000015,0.6850961384361263,384.09750210000004,348.11100096,365.19575087,2.3862620773126495,598.134399,-31.202752978599385
2016-04-22,412.100006,420.5,408,417,414.257721,5995998,1.336573511543135,2016,04,2016-04,12.5,1.1890303151318062,386.6450027,349.94100096,365.09275084,2.384868250852471,598.134399,-30.283227198240443
2016-04-25,417.600006,417.600006,410,412.200012,409.489319,3272996,-1.151076258992802,2016,04,2016-04,7.600006000000008,-1.2931019929151994,388.5200027,351.44300108000004,365.0125009,2.3838533432515083,598.134399,-31.08572041849745
2016-04-26,408.649994,423.649994,405.049988,419.049988,416.294220,6998505,1.6618087822860057,2016,04,2016-04,18.600006000000008,2.54496369820086,390.6125015,353.35400084,364.93700086999996,2.397747778608218,598.134399,-29.940496868162906
2016-04-27,418.950012,425.25,414.649994,418.549988,415.797516,6227941,-0.119317507294619,2016,04,2016-04,10.600006000000008,-0.09548251307844105,392.6900009,355.51200072,364.80725080999997,2.3986778755682425,598.134399,-30.024090120922814
2016-04-28,418.799988,420.950012,409.700012,411.350006,408.644867,7546101,-1.720220333634313,2016,04,2016-04,11.25,-1.7788878255650706,395.0925018,357.90800108,364.68200086999997,2.25690873534119,598.134399,-31.227829951308323
2016-04-29,410,413.700012,403.049988,408.350006,405.664612,6251095,-0.7293059332056993,2016,04,2016-04,10.65002400000003,-0.4024375609756079,396.8875015,360.54800108,364.55800093,2.231875587208329,598.134399,-31.72938946786774
2016-05-02,407.950012,410.450012,402.5,407.700012,405.018890,4178821,-0.15917570477518062,2016,05,2016-05,7.950012000000015,-0.06128201805274123,397.8425018,362.73500119999994,364.44100096,2.041867346657194,598.134399,-31.83805969333658
2016-05-03,410.899994,422,407.799988,409.649994,406.956055,9620804,0.47828843331012144,2016,05,2016-05,14.200012000000015,-0.3042102745808266,398.99500120000005,364.58300108000003,364.33150099,2.034096983684753,598.134399,-31.51204901693006
2016-05-04,405.5,405.5,380.100006,381.799988,379.289154,12069134,-6.798488077116878,2016,05,2016-05,25.399993999999992,-5.844639210850805,399.1025009,366.19600096,364.21575086999997,2.5489695255557767,598.134399,-36.16819419877572
2016-05-05,384,396.049988,383.149994,391.149994,388.577698,9601341,2.448927787813343,2016,05,2016-05,12.899993999999992,1.8619776041666647,399.2400009,367.81600096,364.18250090000004,2.5558477165615088,598.134399,-34.60499936904649
2016-05-06,388.600006,400.899994,384.5,398.700012,396.078094,9953672,1.9302104348236353,2016,05,2016-05,16.399993999999992,2.599075101403886,400.65000150000003,369.5100012,364.16650099,2.334964936577567,598.134399,-33.34273824301485
2016-05-09,400.350006,405.200012,395.149994,403.350006,400.697479,8700283,1.1662889039491657,2016,05,2016-05,10.050018000000023,0.7493443124864098,401.9825012,371.21300108,364.17275099,2.323060433462732,598.134399,-32.565321995466775
2016-05-10,400.799988,400.799988,387.149994,388.950012,386.392181,9166453,-3.5700988684254518,2016,05,2016-05,13.649993999999992,-2.956580926843733,402.6700012,372.6150012,364.18775099,2.481051207003805,598.134399,-34.97280667183296
2016-05-11,384.799988,391.950012,376.100006,379.850006,377.352020,11595875,-2.3396338139205426,2016,05,2016-05,15.850006000000008,-1.2863778987435877,403.0900009,373.84100156,364.11550108000006,2.532984531885067,598.134399,-36.49420487518225
2016-05-12,379,388.600006,379,387.049988,384.504639,6506343,1.8954802912389521,2016,05,2016-05,9.600006000000008,2.1240073878627928,403.11000060000003,375.45600156,364.07450102,2.3966879420464298,598.134399,-35.29046504479674
2016-05-13,391.25,394,385.5,389.950012,387.385620,14027896,0.7492634258911359,2016,05,2016-05,8.5,-0.3322653035143731,402.8175018,377.29100156,364.03400114,2.340436315397422,598.134399,-34.805620166313155
2016-05-16,393.799988,396.700012,389,392.700012,390.117523,8248193,0.7052185960696932,2016,05,2016-05,7.700012000000015,-0.2793235229859808,402.0150024,379.10900203999995,364.0437512,2.215879107193315,598.134399,-34.34585727613369
2016-05-17,392.600006,395,386.600006,389.700012,387.137238,9425555,-0.7639419170682378,2016,05,2016-05,8.399993999999992,-0.7386637686398794,401.13250270000003,380.90900203999996,364.04675123,2.2195444150218986,598.134399,-34.84741679269311
2016-05-18,383.5,387.350006,381.600006,384.850006,382.319153,8589315,-1.2445485888258088,2016,05,2016-05,5.75,0.3520224250325965,400.17000270000005,382.29900204,364.02325132,2.228136860993785,598.134399,-35.65827234758321
2016-05-19,386.25,393.299988,381.950012,386.899994,384.355652,10988676,0.5326719418058121,2016,05,2016-05,11.34997599999997,0.16828323624595273,398.9400024,383.6950018,363.95100126,2.18370664856793,598.134399,-35.31554201750568
2016-05-20,386.700012,392.700012,383.5,384.450012,381.921783,6537509,-0.6332339203913188,2016,05,2016-05,9.200012000000015,-0.5818463744966214,397.312503,384.65000180000004,363.92200132,2.150917026354014,598.134399,-35.7251459466721
2016-05-23,388.549988,389.950012,380.100006,381.75,379.239502,8153090,-0.702305089276474,2016,05,2016-05,9.850006000000008,-1.750093478319702,395.7900024,385.4150018,363.94350125999995,2.1448153085678276,598.134399,-36.17655151781364
2016-05-24,383.799988,391.75,382.649994,389.100006,386.541168,10568106,1.9253453831041278,2016,05,2016-05,9.100006000000008,1.3809322995601612,394.2925033,386.27600215999996,364.03850126,2.158658950339396,598.134399,-34.94772969912403
2016-05-25,394,399.950012,394,397,394.389252,8897382,2.0303248209150615,2016,05,2016-05,5.950012000000015,0.7614213197969544,393.2150039,387.26200192000005,364.14125119999994,2.2231673696524092,598.134399,-33.626957308636584
2016-05-26,400.5,402,396.75,399.25,396.624420,8469732,0.5667506297229219,2016,05,2016-05,5.25,-0.3121098626716604,392.6100036,388.27700192000003,364.25025114,2.2017341042786285,598.134399,-33.25078767121702
2016-05-27,400,405,396,403.899994,401.243835,9035525,1.1646822792736362,2016,05,2016-05,9,0.9749984999999982,392.38750300000004,389.27000180000005,364.35050108,2.2150921194508713,598.134399,-32.47337142366895
2016-05-30,404.799988,423.600006,401.299988,421.25,418.479736,15767133,4.2956192764885275,2016,05,2016-05,22.300018000000023,4.063738262759043,393.0650024,390.36600156000003,364.51575102000004,2.4163486081680343,598.134399,-29.572684549781265
2016-05-31,456,464.899994,445,459.649994,456.627228,110744326,9.115725578635013,2016,05,2016-05,19.899993999999992,0.8004372807017527,395.5650024,392.35100156,364.91025099,3.1351946760675444,598.134399,-23.152723740939706
2016-06-01,455.75,458.299988,445,449.200012,446.245972,10389215,-2.2734650574149637,2016,06,2016-06,13.299987999999985,-1.4371888096544125,398.9350036,394.14400204,365.27425108000006,2.7051631733980477,598.134399,-24.899819714264588
2016-06-02,444.100006,460.5,444.100006,453.450012,450.468018,13674434,0.9461264217419477,2016,06,2016-06,16.399993999999992,2.1053829933972144,402.0500045,395.99500240000003,365.62600111,2.6791582518782833,598.134399,-24.189277065805406
2016-06-03,458.049988,461.799988,452.5,453.950012,450.964722,11672544,0.11026573751639905,2016,06,2016-06,9.299987999999985,-0.8950935721888873,404.81250450000005,397.75300288,365.92875119999997,2.668737133842953,598.134399,-24.105683813045502
2016-06-06,457.799988,465,450.200012,460.5,457.471649,9356808,1.4428875045387122,2016,06,2016-06,14.799987999999985,0.5897798319732623,407.67000420000005,399.46900264000004,366.30275113999994,2.6720835358905615,598.134399,-23.010614208128835
2016-06-07,466.450012,466.450012,459,463.049988,460.004883,12568902,0.5537433224755668,2016,06,2016-06,7.450012000000015,-0.7289149774960303,411.375003,401.18600216,366.77225111,2.477448257677669,598.134399,-22.5842906252914
2016-06-08,465.5,468.799988,463.200012,466.149994,463.084473,10467158,0.6694754519678354,2016,06,2016-06,5.59997599999997,0.13963351235230773,415.6900024,402.96900203999996,367.32700102,2.3586265153930395,598.134399,-22.06601145506096
2016-06-09,469.450012,470.25,465,467.149994,464.077911,8525017,0.21452322490000936,2016,06,2016-06,5.25,-0.48993885210509325,419.6950027,405.04600216,367.91575102,2.3570235035668428,598.134399,-21.898824949541154
2016-06-10,466.75,466.75,454.5,456.950012,453.945038,7039858,-2.1834490272946416,2016,06,2016-06,12.25,-2.0996224959828567,423.0450027,406.73600216,368.42425108000003,2.4604515668298736,598.134399,-23.60412429648608
2016-06-13,451,451.399994,436.700012,444.25,441.328522,9507282,-2.7793000692600955,2016,06,2016-06,14.699981999999977,-1.4966740576496673,425.6225021,407.84900203999996,368.86500105,2.58927487036355,598.134399,-25.727394922825702
2016-06-14,446.899994,453.850006,441.149994,448.399994,445.451202,9615226,0.9341573438379275,2016,06,2016-06,12.700012000000015,0.335645562796763,428.55750120000005,409.08500180000004,369.36400098999997,2.5682467333505574,598.134399,-25.033571928037535
2016-06-15,449.899994,453,447.25,452.100006,449.126892,5704865,0.8251587978388812,2016,06,2016-06,5.75,0.4890002287930716,431.9200012,410.53400203999996,369.86825102,2.525659519091267,598.134399,-24.41497985137618
2016-06-16,449.700012,455.5,446.049988,454.350006,451.362122,7255454,0.49767749837189784,2016,06,2016-06,9.450012000000015,1.0340213199727448,435.29250179999997,411.85300228,370.42900098999996,2.525894130807484,598.134399,-24.038810213956616
2016-06-17,461,465.75,457.299988,464.399994,461.345978,7836702,2.2119484686437936,2016,06,2016-06,8.450012000000015,0.7375258134490222,439.2900009,413.73100216,371.08900099,2.518900268982348,598.134399,-22.358587839720624
2016-06-20,464.75,484.200012,460.25,482.049988,478.879913,9261350,3.8006016856236204,2016,06,2016-06,23.950012000000015,3.7224288327057526,444.3050003,415.83800168,371.95800092999997,2.56165557087013,598.134399,-19.407747020415062
2016-06-21,484,486.200012,477.600006,484.899994,481.711182,8907801,0.5912262360641336,2016,06,2016-06,8.600006000000008,0.18594917355371743,449.09499969999996,418.03200132,372.73825087,2.5592368365972384,598.134399,-18.93126447656458
2016-06-22,483.049988,484.799988,468.049988,472.700012,469.591431,7660165,-2.5159789958669245,2016,06,2016-06,16.75,-2.1426304227545017,452.8800003,420.05700132,373.4262509,2.674976973260423,598.134399,-20.97093683454912
2016-06-23,476.100006,489.899994,476.100006,487.950012,484.741119,9628216,3.2261475804658963,2016,06,2016-06,13.799987999999985,2.488974133724335,457.3150009,422.08300168,374.19575102000005,2.72271850817462,598.134399,-18.421342625372063
2016-06-24,439.200012,453.75,421.25,449.399994,446.444641,40998600,-7.900403125720186,2016,06,2016-06,32.5,2.3224002097704806,459.5900009,423.15500180000004,374.74250105,3.377171862566348,598.134399,-24.866385422517727
2016-06-27,451.799988,457.25,443.600006,448.950012,445.997620,12450283,-0.10012950734484818,2016,06,2016-06,13.649993999999992,-0.6308047976309308,460.9750015000001,423.95900204,375.28650114,3.26441282024255,598.134399,-24.94161634064454
2016-06-28,448,448,433,440.399994,437.503845,10190394,-1.9044476604223863,2016,06,2016-06,15,-1.6964299107142873,460.01250150000004,424.6200018,375.83900113999994,2.565666243002286,598.134399,-26.37106397219599
2016-06-29,447.100006,449.799988,445.399994,447.25,444.308777,6285461,1.555405561608615,2016,06,2016-06,4.399993999999992,0.033548199057727685,459.9150009,425.48300168000003,376.45300108000004,2.544126063145868,598.134399,-25.225835406266278
2016-06-30,454.299988,462.25,451.549988,459.25,456.229858,13214064,2.6830631637786473,2016,06,2016-06,10.700012000000015,1.0895910479310897,460.20500030000005,426.43800168,377.08150113999994,2.60664954882342,598.134399,-23.219597340028596
2016-07-01,463.600006,464.75,454.700012,457.899994,454.888733,7027759,-0.29395884594447635,2016,07,2016-07,10.049987999999985,-1.2295107692470597,460.4024994,427.25600156,377.75650113999995,2.608104961271123,598.134399,-23.44530012559937
2016-07-04,467,474.850006,467,469.5,466.412445,8413087,2.5333055584185065,2016,07,2016-07,7.850006000000008,0.5353319057815845,460.85249940000006,428.40200131999995,378.48975111,2.6492464323252736,598.134399,-21.50593565845057
2016-07-05,468.5,469,459.5,460.899994,457.869019,4934087,-1.8317371671991496,2016,07,2016-07,9.5,-1.6221997865528297,460.7449997,429.23900144,379.13975111,2.6826973045279803,598.134399,-22.94374060903995
2016-07-07,460.950012,465.450012,454.100006,455.149994,452.156799,6580663,-1.2475591396948467,2016,07,2016-07,11.350006000000008,-1.2582748343653416,460.1949997,429.97100156,379.69100111,2.692187614072251,598.134399,-23.905063015778836
2016-07-08,464.299988,468.200012,462.649994,466.299988,463.233490,9263727,2.449740557395238,2016,07,2016-07,5.550018000000023,0.43075598787222025,460.1524994,431.0700012,380.25200102,2.750993714826496,598.134399,-22.04093448235202
2016-07-11,472.100006,486.799988,472.100006,484.600006,481.413147,10477166,3.9245160778344315,2016,07,2016-07,14.699981999999977,2.6477440883574146,461.5349991,432.59500119999996,380.95200102,2.830506199637093,598.134399,-18.98141842198245
2016-07-12,486,488.649994,481.100006,484.299988,481.115112,6767972,-0.061910440834790824,2016,07,2016-07,7.549987999999985,-0.3497967078189332,463.5374985,434.12700072,381.63950102,2.7369213167955877,598.134399,-19.031577382995497
2016-07-13,485.950012,488.100006,477.950012,481.100006,477.936188,5855718,-0.6607437702434915,2016,07,2016-07,10.149993999999992,-0.9980462764141279,465.1724991,435.55600096,382.37325102,2.7458704415046262,598.134399,-19.566571191301776
2016-07-14,480.100006,489.299988,478.950012,486.100006,482.903290,5983007,1.039284958977947,2016,07,2016-07,10.34997599999997,1.2497396219570138,466.8724991,437.64200131999996,383.11350111,2.7480767199212313,598.134399,-18.730638663702738
2016-07-15,480,501.700012,479.649994,494,490.751343,8889558,1.6251787497406431,2016,07,2016-07,22.050018000000023,2.9166666666666665,468.8549988,439.69900144,383.93225111,2.761721356277634,598.134399,-17.4098662732153
2016-07-18,495,505,490,492.649994,489.608429,7463954,-0.27328056680162094,2016,07,2016-07,15,-0.47474868686868843,470.2674988,441.57800108000004,384.73700102000004,2.7343386705500126,598.134399,-17.63556905878607
2016-07-19,493.899994,503.5,493.450012,499.25,496.167664,7665519,1.3396947285865606,2016,07,2016-07,10.049987999999985,1.0832164537341558,471.12749940000003,443.49600096,385.65425108000005,2.6231418083897484,598.134399,-16.53213711923631
2016-07-20,496.299988,502.450012,492.450012,493.899994,490.850708,5697901,-1.0716086129193807,2016,07,2016-07,10,-0.48357728350378126,471.5774994,445.5950006,386.57225111,2.6367021518294553,598.134399,-17.426585926886315
2016-07-21,498.450012,500,489.700012,491.049988,488.018311,3658371,-0.5770411084475551,2016,07,2016-07,10.299987999999985,-1.4846070462126963,472.4949982,447.81900024000004,387.51050108000004,2.5692417207057003,598.134399,-17.903068470736798
2016-07-22,494.450012,508.450012,493.5,507.200012,504.068634,5588143,3.288875754946568,2016,07,2016-07,14.950012000000015,2.578622649522759,473.45749820000003,450.22200072,388.62150113999996,2.573136526018994,598.134399,-15.203002394115778
2016-07-25,505.5,510.950012,503.350006,509,505.857483,4638151,0.35488721557837516,2016,07,2016-07,7.600006000000008,0.6923837784371909,476.43749850000006,452.60300048,389.72275113999996,1.7225041898278854,598.134399,-14.902068690418194
2016-07-26,506.049988,513.349976,502.100006,503.25,500.142975,6187499,-1.1296660117878194,2016,07,2016-07,11.249969999999962,-0.5533026511997438,479.15249789999996,454.81400024000004,390.74600111,1.7607024810239231,598.134399,-15.863391097157084
2016-07-27,507.75,513.049988,505.5,510.100006,506.950714,5193425,1.3611537009438663,2016,07,2016-07,7.549987999999985,0.46282737567700794,482.63749850000005,457.22200012,391.80775113999994,1.6663785727697025,598.134399,-14.71816253122737
2016-07-28,510,511.899994,498.75,506.850006,503.720764,6338260,-0.6371299670206239,2016,07,2016-07,13.149993999999992,-0.6176458823529397,485.61749879999996,459.66200012,392.76625119999994,1.6826716013100522,598.134399,-15.261518674166744
2016-07-29,507.799988,510.5,501.100006,503.200012,500.093323,3746332,-0.7201329696738707,2016,07,2016-07,9.399993999999992,-0.9058637472831075,487.81499940000003,461.98800048,393.61375119999997,1.6367198407669805,598.134399,-15.871748416195006
2016-08-01,506.799988,514.900024,505.5,508.25,505.112122,4748497,1.0035746978479771,2016,08,2016-08,9.40002400000003,0.28611129327809204,490.33249969999997,464.46400024,394.44825117,1.630523552940672,598.134399,-15.027458569558046
2016-08-02,510,511.200012,491.149994,493.299988,490.254395,5251838,-2.941468175110677,2016,08,2016-08,20.050018000000023,-3.274512156862748,491.5224991,466.695,395.19850111,1.733761200245014,598.134399,-17.526898833317233
2016-08-03,494.5,499.5,475.5,478.399994,475.446411,7925049,-3.0204732135529655,2016,08,2016-08,24,-3.255815166835189,492.3974991,468.48099976,395.80825102,1.8271668025847148,598.134399,-20.017976762443325
2016-08-04,490.100006,501.450012,488.600006,500,496.913055,9476008,4.515051478031584,2016,08,2016-08,12.850006000000008,2.019994670230629,494.6399994,470.54099976,396.49650098999996,2.0296440401214335,598.134399,-16.406747240096458
2016-08-05,507.200012,518.700012,502.149994,516.400024,513.211792,6393514,3.280004800000006,2016,08,2016-08,16.550018000000023,1.8138824491983678,497.1450012,472.88400024000003,397.27300108000003,2.07970157876819,598.134399,-13.664884537095482
2016-08-08,518.200012,522.599976,513.400024,514.799988,511.621674,4649302,-0.3098442923387713,2016,08,2016-08,9.19995199999994,-0.6561219454390963,498.65500030000004,475.10200012,398.08550108000003,1.9260067580125126,598.134399,-13.93238896464138
2016-08-09,521,522,509.200012,513.799988,510.627838,6015760,-0.19425019877817093,2016,08,2016-08,12.799987999999985,-1.3819600767754348,500.1300003,476.95299988,398.74800108000005,1.927615365096739,598.134399,-14.099575470161188
2016-08-10,515.599976,516.5,502.299988,503.450012,500.341766,6371139,-2.0143978672105325,2016,08,2016-08,14.200012000000015,-2.3564710173686967,501.2475006000001,477.82900024,399.33150113999994,1.986493039611559,598.134399,-15.829951789815052
2016-08-11,503.75,505,495.100006,503.25,500.142975,4112806,-0.039728273956226495,2016,08,2016-08,9.899993999999992,-0.09925558312655086,502.10500030000003,478.91,399.95425108,1.9784482522013436,598.134399,-15.863391097157084
2016-08-12,506.899994,519.5,506.149994,516.799988,513.609314,7167435,2.6924963735717804,2016,08,2016-08,13.350006000000008,1.9530467779015188,503.2449997,480.17699952000004,400.62250105,2.0327901325815927,598.134399,-13.598015953601767
2016-08-16,512.950012,515,503.299988,507.600006,504.466156,6034295,-1.7801823168772941,2016,08,2016-08,11.700012000000015,-1.0429877911768148,503.9925003,481.24999940000004,401.25325102000005,2.0803934600755998,598.134399,-15.136128795026888
2016-08-17,511.100006,514.25,505.850006,510.399994,507.248840,5853980,0.5516130746460205,2016,08,2016-08,8.399993999999992,-0.13696184538882888,504.55,482.24799928,401.89025098999997,2.06447491285986,598.134399,-14.668008585809497
2016-08-18,512.400024,517.900024,510.75,512.049988,508.888641,4990558,0.3232746903206257,2016,08,2016-08,7.15002400000003,-0.06831303349042105,505.45749969999997,483.22799928,402.5275009,2.045195226277696,598.134399,-14.39215185482085
2016-08-19,514,515,508.200012,510,506.851318,4567273,-0.4003491940322016,2016,08,2016-08,6.799987999999985,-0.7782101167315175,506.40500030000004,484.1049994,403.16075086999996,2.042039680824419,598.134399,-14.734882184898385
2016-08-22,509.100006,513.599976,503.100006,503.950012,500.838684,4330313,-1.1862721568627421,2016,08,2016-08,10.499969999999962,-1.011587888293993,506.2425003,484.84099976,403.74900099,1.928864928704385,598.134399,-15.74635853705515
2016-08-23,505.25,508.600006,500.450012,504,500.888336,5342115,0.009919237783446035,2016,08,2016-08,8.149993999999992,-0.24740227610094012,505.9925003,485.78199952,404.31300093,1.9269284825905717,598.134399,-15.738001218017228
2016-08-24,504.700012,506.049988,493.600006,498.350006,495.273254,5189459,-1.1210305555555542,2016,08,2016-08,12.449981999999977,-1.258174331091557,505.7475006000001,486.86399964,404.8800009,1.9266704926080058,598.134399,-16.682603971085104
2016-08-25,498.350006,503.299988,491.299988,493.850006,490.801056,8787262,-0.902979822578752,2016,08,2016-08,12,-0.902979822578752,504.9350006000001,487.77299988,405.40950087,1.9069570187455271,598.134399,-17.434943245924238
2016-08-26,502,515.349976,486,503.75,500.639923,16347856,2.0046560453013322,2016,08,2016-08,29.34997599999997,0.348605577689243,504.78000030000004,488.80599975999996,406.01800092999997,1.9617535248234375,598.134399,-15.77979784439718
2016-08-29,522.5,528.75,515.400024,525.299988,522.056885,12534399,4.277913250620345,2016,08,2016-08,13.34997599999997,0.5358828708133943,505.8849991,490.2249994,406.62025084,2.173757337804117,598.134399,-12.176930656683407
2016-08-30,528.5,530.799988,524.099976,529,525.734009,6611147,0.7043617141677938,2016,08,2016-08,6.700012000000015,0.0946073793755913,506.9224991,491.51699952,407.24525084,2.169231458962534,598.134399,-11.55833858002205
2016-08-31,529,548.799988,529,537.700012,534.380310,15725942,1.6446147448015151,2016,08,2016-08,19.799987999999985,1.6446147448015151,509.14250030000005,492.63,407.95300093,2.0566531086218687,598.134399,-10.10381397576166
2016-09-01,540.5,546.650024,540,543.650024,540.293579,7571854,1.1065672061022782,2016,09,2016-09,6.65002400000003,0.5827981498612452,512.4050018,493.80500059999997,408.61250105,1.8902477590215867,598.134399,-9.10905226168074
2016-09-02,552,555.900024,549.099976,549.849976,546.455261,10097146,1.1404307415242456,2016,09,2016-09,6.800048000000061,-0.38949710144928085,514.8975006000001,495.34799988,409.32450086999995,1.6650378615722041,598.134399,-8.07250395241021
2016-09-06,556.349976,593.299988,556.349976,588.700012,585.065430,15813178,7.065570191095189,2016,09,2016-09,36.950012000000015,5.814691722032185,518.5125,497.36299987999996,410.24825087,2.144971257951117,598.134399,-1.5773021942514989
2016-09-07,590,598.400024,584,587.400024,583.773499,13408927,-0.22082350492630612,2016,09,2016-09,14.40002400000003,-0.4406738983050796,522.1425018,500.12300048,411.18400098999996,2.142903504133892,598.134399,-1.7946426451891793
2016-09-08,590.75,591.700012,577.75,584.200012,580.593262,10456258,-0.544775599123914,2016,09,2016-09,13.950012000000015,-1.108758019466777,525.662503,502.82800047999996,412.06750105,2.151871204474625,598.134399,-2.3296414690906304
2016-09-09,580,582.950012,571.700012,573.25,569.710815,7159068,-1.8743601121322835,2016,09,2016-09,11.25,-1.163793103448276,529.1525024,505.4850006,412.90250105,2.142901229631343,598.134399,-4.160335710770587
2016-09-12,551,560,549.25,553.450012,550.033081,7055294,-3.4539883122546855,2016,09,2016-09,10.75,0.44464827586207173,531.662503,507.60900084,413.63500104999997,2.330423258043969,598.134399,-7.4706265138246994
2016-09-14,556.25,565.349976,544.099976,560.5,557.039490,12364724,1.2738256115531503,2016,09,2016-09,21.25,0.7640449438202248,533.8475036,509.63400084,414.42325102,2.281307488674821,598.134399,-6.291963656148128
2016-09-15,562,566.25,555.400024,557.549988,554.107727,5258859,-0.5263179304192712,2016,09,2016-09,10.84997599999997,-0.7918170818505365,536.3450027,511.62700072,415.20050093,2.2340862673378714,598.134399,-6.785165853669627
2016-09-16,562.400024,568.200012,546.349976,548.700012,545.312378,10931845,-1.5872973169178815,2016,09,2016-09,21.850036000000046,-2.435990649957727,538.2600036,513.21100096,415.93925092999996,2.2818468577554434,598.134399,-8.264762415043782
2016-09-19,553.799988,556.400024,549.450012,554.450012,551.026855,6979269,1.047931451475893,2016,09,2016-09,6.950012000000015,0.11737522825660127,540.3800048,515.08200132,416.58950102,2.2865361224421643,598.134399,-7.303440008304891
2016-09-20,555,556.299988,545.5,548.450012,545.063965,6874462,-1.082153462014895,2016,09,2016-09,10.799987999999985,-1.1801780180180153,542.3025054,516.9480016800001,417.24350111,2.3044679442384175,598.134399,-8.306559041423734
2016-09-21,548.599976,556.400024,544,549.900024,546.505005,5919149,0.2643836207993401,2016,09,2016-09,12.40002400000003,0.23697558455599727,544.600006,518.6200024,417.87550123,2.2749241155509794,598.134399,-8.064136602181945
2016-09-22,561.200012,562.950012,551.349976,558.450012,555.002197,6012388,1.554825900498594,2016,09,2016-09,11.600036000000046,-0.4900213722732422,547.3225066,520.09700252,418.58100126,2.284996410033017,598.134399,-6.634693986225663
2016-09-23,558.5,558.5,551.200012,553.049988,549.635498,4840360,-0.9669664041479206,2016,09,2016-09,7.299987999999985,-0.9758302596239955,550.0575057,521.47200252,419.28050123,2.279359825480894,598.134399,-7.537505128508759
2016-09-26,549.950012,549.950012,533.75,535.299988,531.995117,6858574,-3.2094748006757032,2016,09,2016-09,16.200012000000015,-2.6638828403189545,552.1300048,522.5560021599999,419.92900113999997,2.411086730593701,598.134399,-10.505065601485335
2016-09-27,537.700012,542,530.25,531.950012,528.665771,4912743,-0.6258128292728393,2016,09,2016-09,11.75,-1.06936951305108,553.5400053999999,523.47300228,420.58900113999994,2.3923964380209064,598.134399,-11.065136382500551
2016-09-28,533,545.400024,531.5,540,536.666138,6604953,1.5132978322030728,2016,09,2016-09,13.90002400000003,1.3133208255159476,554.2750060000001,524.39300228,421.29325117,2.224393524861947,598.134399,-9.719287019304172
2016-09-29,543,546.900024,516.650024,526.299988,523.050659,9315794,-2.537039259259262,2016,09,2016-09,30.25,-3.0755086556169458,554.1400054,525.06600216,421.91275113999995,2.2995501697915186,598.134399,-12.009744151163599
2016-09-30,525.599976,536.549988,521.200012,534.849976,531.547852,5659248,1.6245464934344602,2016,09,2016-09,15.34997599999997,1.75989353545937,553.9975036,525.77800168,422.61725096000004,2.2987986216354175,598.134399,-10.580301535207317
2016-10-03,539.400024,546,539,540.799988,537.461121,4505939,1.1124637313249155,2016,10,2016-10,7,0.2595409599017657,553.8550018,526.71600156,423.37325087,2.2989486381499167,598.134399,-9.585539821126396
2016-10-04,547.400024,552.400024,540.650024,549.950012,546.554688,5715454,1.6919423452354125,2016,10,2016-10,11.75,0.46583629671159543,553.8600036,527.89400204,424.23325086999995,2.316607779896653,598.134399,-8.055779283144023
2016-10-05,555.299988,562.400024,549.75,559.650024,556.194824,5929204,1.7637988523218753,2016,10,2016-10,12.65002400000003,0.7833668456697402,552.4075042000001,528.94300228,425.17350096,1.6862540239781114,598.134399,-6.434068173363825
2016-10-06,563.099976,564.200012,549.099976,551.450012,548.045471,4273945,-1.4652035465650253,2016,10,2016-10,15.100036000000046,-2.0688979748775473,550.6100036,529.79200252,426.03325102,1.7083567452442439,598.134399,-7.804999524864313
2016-10-07,554.5,567.299988,552.599976,565.700012,562.207397,9122002,2.5840964167029523,2016,10,2016-10,14.700012000000015,2.019839855725882,549.6850036,531.04100276,426.95950102,1.824223405893105,598.134399,-5.422591821207061
2016-10-10,571.099976,571.099976,560.900024,562.049988,558.579956,3673211,-0.6452225424382756,2016,10,2016-10,10.19995199999994,-1.584659145564381,549.125003,532.0800024,427.8550009,1.7831332538777895,598.134399,-6.0328265788304956
2016-10-13,556.900024,556.900024,537,544.849976,541.486145,9510827,-3.0602281589231195,2016,10,2016-10,19.90002400000003,-2.1637722177580763,548.6950012,532.8400018,428.68800078,1.7457410147866304,598.134399,-8.908436480009247
2016-10-14,546,557.450012,545,556.099976,552.666687,5872827,2.0647885648433983,2016,10,2016-10,12.450012000000015,1.8498124542124486,548.475,533.8980010800001,429.56775069,1.7861289749308786,598.134399,-7.027588292911416
2016-10-17,557.849976,557.849976,545.900024,547.549988,544.169495,3463154,-1.5374911650778396,2016,10,2016-10,11.94995199999994,-1.8463724017440821,547.975,534.68400084,430.4150006,1.8151659058912148,598.134399,-8.457030908867697
2016-10-18,549.200012,556,549.200012,554.25,550.828125,3965424,1.2236347633706852,2016,10,2016-10,6.799987999999985,0.9195170957133892,548.2524994,535.9030010800001,431.29400053999996,1.800651965210289,598.134399,-7.336879315646922
2016-10-19,552.049988,554.900024,545.049988,550.5,547.101257,4275157,-0.6765899864682002,2016,10,2016-10,9.850036000000046,-0.2807695016198397,548.0549988,537.3450012,432.13450057,1.7924180199495219,598.134399,-7.963828711346197
2016-10-20,553.049988,554,546,546.849976,543.473755,2770011,-0.6630379654859274,2016,10,2016-10,8,-1.121058156500677,547.974997,538.28200072,432.89875045,1.7817699948158918,598.134399,-8.574063468969632
2016-10-21,549,550,541.5,544.5,541.138306,2789747,-0.4297295607817618,2016,10,2016-10,8.5,-0.819672131147541,547.7049958,538.84400024,433.66200041999997,1.7831197474268647,598.134399,-8.966947744465042
2016-10-24,544,564,543.549988,559.799988,556.343872,5161299,2.8099151515151486,2016,10,2016-10,20.450012000000015,2.9044095588235264,547.7724946000001,539.74400024,434.49375030000004,1.8623125794933233,598.134399,-6.408996216250061
2016-10-25,549.849976,561,549.099976,553.799988,550.380859,5690576,-1.071811384176021,2016,10,2016-10,11.90002400000003,0.718379953152897,547.8099946,540.5440002400001,435.30625030000004,1.8654074563374663,598.134399,-7.412115249368903
2016-10-26,548,548,523.150024,530.049988,526.777527,6665017,-4.28855191668946,2016,10,2016-10,24.84997599999997,-3.2755496350364988,547.5474946,541.07599976,435.94700027,1.976150686968177,598.134399,-11.382794755464323
2016-10-27,515.599976,525.75,510.75,522,518.777222,18470182,-1.5187224190636122,2016,10,2016-10,15,1.2412770166614653,547.049994,541.45099976,436.67175033,2.000244773849838,598.134399,-12.7286441186607
2016-10-28,527,539.950012,525.099976,537,533.684631,5665910,2.8735632183908044,2016,10,2016-10,14.850036000000046,1.8975332068311195,546.899994,541.855,437.48450027,2.0786904099890733,598.134399,-10.220846535863593
2016-11-01,534.400024,537.900024,525.049988,530.599976,527.324097,6848662,-1.1918108007448847,2016,11,2016-11,12.850036000000046,-0.7110867944122811,547.1149934,542.3149994,438.30800018,2.0132583545721556,598.134399,-11.290844183666497
2016-11-02,522.599976,526,512.349976,513.299988,510.130920,4750117,-3.260457742651686,2016,11,2016-11,13.65002400000003,-1.779561505375956,546.0374939999999,542.37299928,439.15675018,2.107575514456478,598.134399,-14.183168722921092
2016-11-03,509.799988,521.450012,505.200012,510.200012,507.050079,6909458,-0.6039306589658385,2016,11,2016-11,16.25,0.07846685159200717,544.5074952,542.3359997599999,439.94100020999997,2.086838967701628,598.134399,-14.701442877556357
2016-11-04,509.25,516.349976,501.600006,512.299988,509.137115,7564243,0.4115985791078284,2016,11,2016-11,14.749969999999962,0.5989176239567963,542.624994,542.38199952,440.70150008999997,2.042654378185331,598.134399,-14.350355228440897
2016-11-07,513,521.299988,505.049988,506.350006,503.223877,5507954,-1.1614253639217298,2016,11,2016-11,16.25,-1.2962951267056515,539.9599931,542.4299994,441.45825012,1.9885450891289635,598.134399,-15.345111926926647
2016-11-08,518.400024,543,517,540.200012,536.864929,12739083,6.685100345392316,2016,11,2016-11,26,4.205244404078188,539.3974931,543.1539996399999,442.33625014999996,2.535889512541616,598.134399,-9.685847711962142
2016-11-09,501.149994,544,500,533.5,530.206238,10276017,-1.2402835711155102,2016,11,2016-11,44,6.455154422290586,537.7874925,543.85699952,443.23225020999996,2.4682881604958964,598.134399,-10.805999305182919
2016-11-10,536,549.349976,531.5,533.700012,530.404968,6906437,0.03749053420806283,2016,11,2016-11,17.84997599999997,-0.4291022388059673,536.3699937,544.6539996399999,444.19425033,2.46745970761534,598.134399,-10.772559997840888
2016-11-11,526.5,530,505,507.299988,504.167969,7823667,-4.946603598727299,2016,11,2016-11,25,-3.646725925925929,534.4924943,544.7249994,445.02975021,2.6130986784346644,598.134399,-15.186287756039935
2016-11-15,484.899994,484.899994,453,457.399994,454.576050,15356070,-9.836387774564662,2016,11,2016-11,31.899993999999992,-5.67127249747914,529.5574952,543.36699952,445.54600021,3.304140439856497,598.134399,-23.52889337835927
2016-11-16,468.450012,471.700012,450,458.450012,455.619598,10855618,0.22956231171267194,2016,11,2016-11,21.700012000000015,-2.1346994863562943,525.1024964000001,541.9559997599999,446.12700027,3.3103589760495007,598.134399,-23.353344538206372
2016-11-17,460,476,459.649994,472.850006,469.930695,8949767,3.1410172588238456,2016,11,2016-11,16.350006000000008,2.793479565217393,521.0324967,540.6589996399999,446.84850035999995,3.399553700672834,598.134399,-20.945859861840184
2016-11-18,469.899994,473.850006,461.850006,471.25,468.340546,7246244,-0.3383749560531903,2016,11,2016-11,12,0.28729644972074797,517.0699967,539.21099916,447.50725035999994,3.4007008502355367,598.134399,-21.21335927379091
2016-11-21,468,472.799988,451.5,456.950012,454.128876,7325876,-3.0344802122015886,2016,11,2016-11,21.299987999999985,-2.3611085470085436,512.5749985,537.35299988,448.12900039,3.4397961151719505,598.134399,-23.60412429648608
2016-11-22,464.049988,471,453.299988,464.850006,461.980072,6644867,1.7288530019778166,2016,11,2016-11,17.700012000000015,0.17239909938323775,508.5924988,534.87599976,448.76800047999996,3.486781670417161,598.134399,-22.283351905998643
2016-11-23,467,475.299988,462,471.5,468.589020,6727083,1.430567691549087,2016,11,2016-11,13.299987999999985,0.9635974304068522,504.17749940000004,532.55799928,449.45450042,3.4262189665047975,598.134399,-21.17156264741096
2016-11-24,466.350006,466.350006,449.700012,452.950012,450.153564,8046995,-3.9342498409331883,2016,11,2016-11,16.649993999999992,-2.8733770403339487,499.13500060000007,529.93299928,450.03475051000004,3.4973175480194896,598.134399,-24.272870318565314
2016-11-25,454.100006,456.350006,443.149994,452.350006,449.557251,7426347,-0.13246627312154868,2016,11,2016-11,13.200012000000015,-0.385377665024739,495.25000150000005,527.5149994,450.60400053999996,3.4103272949089276,598.134399,-24.37318322499623
2016-11-28,451.25,460,450.5,454.700012,451.892731,5025929,0.5195105490945893,2016,11,2016-11,9.5,0.7645455955678704,491.8850021,525.5399994,451.22975066,3.416063522031488,598.134399,-23.98029393390565
2016-11-29,455,466.299988,451.350006,459.850006,457.010925,8570549,1.1326135614880943,2016,11,2016-11,14.949981999999977,1.0659353846153863,488.02750240000006,523.52699952,451.92750075,3.343466334953982,598.134399,-23.119284433597677
2016-11-30,460,463.799988,455.100006,459.299988,456.464325,8377510,-0.11960813152626613,2016,11,2016-11,8.699981999999977,-0.15217652173913374,484.462503,521.56199952,452.59650069,3.3440687198769012,598.134399,-23.211240020990672
2016-12-01,457,457.700012,446.899994,448.200012,445.432892,7706825,-2.4167159351199397,2016,12,2016-12,10.800018000000023,-1.9255991247264737,481.2075042,519.55199952,453.15200072,3.3147910184452734,598.134399,-25.067006219784393
2016-12-02,445,453.5,431.149994,432.899994,430.227325,10450654,-3.4136585431416773,2016,12,2016-12,22.350006000000008,-2.719102471910114,477.34250330000003,517.12099916,453.69900069000005,3.3729960547387408,598.134399,-27.624962763594546
2016-12-05,436,441,428.299988,439.299988,436.587799,8211182,1.4784001128907367,2016,12,2016-12,12.700012000000015,0.7568779816513727,473.69250330000006,514.93799868,454.34225066,3.4008668783958047,598.134399,-26.554970131386813
2016-12-06,441,445.899994,438.100006,441.100006,438.376709,4209420,0.40974688121321384,2016,12,2016-12,7.799987999999985,0.022677097505670655,470.43000330000007,512.76199832,455.09000074999994,3.4080187316672648,598.134399,-26.254031412094058
2016-12-07,440,449.200012,439.25,445.350006,442.600464,5559803,0.9635003269530673,2016,12,2016-12,9.950012000000015,1.2159104545454562,465.687503,510.4999982,455.93500075,2.9740768814583847,598.134399,-25.54348876363488
2016-12-08,451.200012,464.399994,451.200012,461.549988,458.700439,8176055,3.6375843228348304,2016,12,2016-12,13.199981999999977,2.2938775985670783,462.09000240000006,508.66999819999995,456.75100066,3.141474202517682,598.134399,-22.835070383571107
2016-12-09,464.950012,468.549988,460.600006,464.100006,461.234711,5690877,0.5524901021121948,2016,12,2016-12,7.949981999999977,-0.1828166422329305,458.61000210000003,507.24599856000003,457.48525069000004,3.149705930998437,598.134399,-22.408741785138496
2016-12-12,461.950012,461.950012,451.049988,454.399994,451.594604,3837786,-2.090069354577861,2016,12,2016-12,10.90002400000003,-1.6343798687897908,455.96500240000006,505.6949982,458.25150069000006,3.005982238852046,598.134399,-24.030452894918692
2016-12-13,476.799988,486.25,462.25,470.649994,467.744232,63880404,3.5761444134174,2016,12,2016-12,24,-1.289847767361939,456.6275024,504.30799808000006,459.05400069,2.203565140886494,598.134399,-21.31367218022183
2016-12-14,470.200012,476.799988,462.649994,472.350006,469.433777,7660437,0.3612051464298999,2016,12,2016-12,14.149993999999992,0.4572509453700295,457.3225021,503.22899844,459.84575072,2.203961514939127,598.134399,-21.029453114600088
2016-12-15,464,473.600006,462.5,463.200012,460.340240,6539067,-1.9371216013068058,2016,12,2016-12,11.100006000000008,-0.17241120689654846,456.84000240000006,501.79599916,460.57075072,2.135434572632259,598.134399,-22.55920863698729
2016-12-16,465,474.899994,464.200012,473.149994,470.228821,9015744,2.1480962310510425,2016,12,2016-12,10.699981999999977,1.7526868817204284,456.9350021,500.44299928,461.34225066,2.191329331586881,598.134399,-20.895705916422312
2016-12-19,470.899994,478.549988,465.5,471.799988,468.887177,5445624,-0.28532305127747876,2016,12,2016-12,13.049987999999985,0.19112210903956656,457.6775009,498.8799988,462.10850066,2.071047087320643,598.134399,-21.121408701993087
2016-12-20,473,475,469.100006,473.149994,470.228821,3690160,0.2861394731531887,2016,12,2016-12,5.899993999999992,0.03171120507399417,458.09250030000004,497.14999819999997,462.94275069,2.0391575155516852,598.134399,-20.895705916422312
2016-12-21,473.5,474.5,467.100006,468.5,465.607513,3492856,-0.9827737628588012,2016,12,2016-12,7.399993999999992,-1.0559662090813093,457.9425003,495.49099796,463.79425063,2.0281717598125826,598.134399,-21.67312216397038
2016-12-22,468.149994,472.950012,464.799988,469.600006,466.700745,5436494,0.2347931696905032,2016,12,2016-12,8.15002400000003,0.309732354711942,458.775,493.56899784,464.63325072,1.8059358718972558,598.134399,-21.489216004779557
2016-12-23,464.950012,468.299988,460,465.649994,462.775116,3957854,-0.8411439415526787,2016,12,2016-12,8.299987999999985,0.1505499477221171,459.43999940000003,491.64099796000005,465.46300063,1.8196229460355426,598.134399,-22.149604707820863
2016-12-26,465.5,465.5,455.600006,457.850006,455.023285,3282425,-1.6750752927100832,2016,12,2016-12,9.899993999999992,-1.6433929108485485,459.5974991,489.90099856,466.17550063000004,1.8625110315382472,598.134399,-23.45365744463729
2016-12-27,460,468.75,457.399994,466.950012,464.067108,3164664,1.9875517922347712,2016,12,2016-12,11.350006000000008,1.5108721739130466,459.9524994,488.11799928,466.92475066,1.8981135346839817,598.134399,-21.932259241288012
2016-12-28,467,468.649994,462,463.350006,460.489319,3772181,-0.770961753396423,2016,12,2016-12,6.649993999999992,-0.7815832976445379,460.15500030000004,486.43399963999997,467.55800063000004,1.9075308082974738,598.134399,-22.534131664278352
2016-12-29,462.75,472.700012,459.350006,470.899994,467.992706,4763171,1.629435179072812,2016,12,2016-12,13.350006000000008,1.7612088600756333,461.28999940000006,484.76699952,468.19500059999996,1.8444227618516453,598.134399,-21.271875553841877
2016-12-30,471,475,467.5,472,469.085907,3605555,0.23359652028366934,2016,12,2016-12,7.5,0.21231422505307856,463.2449997,483.19699952,468.82475066,1.6295085847104929,598.134399,-21.087969394651054
2017-01-02,472,488.700012,469.049988,487.049988,484.042999,4024156,3.1885567796610137,2017,01,2017-01,19.65002400000003,3.1885567796610137,465.6324997,482.00099975999996,469.52150054,1.7284134730051057,598.134399,-18.571814492816028
2017-01-03,491,492.700012,479.899994,481.100006,478.129761,5814518,-1.2216368230359094,2017,01,2017-01,12.800018000000023,-2.016292057026475,467.6324997,480.73299987999997,470.18450057,1.7723883954770903,598.134399,-19.566571191301776
2017-01-04,484.649994,493.700012,484.100006,486.649994,483.645447,4769872,1.1536038101816164,2017,01,2017-01,9.600006000000008,0.41266894145468613,469.6974991,479.27,470.84650053999997,1.7757950912410345,598.134399,-18.638688091904914
2017-01-05,496,503.399994,495.549988,502.149994,499.049774,7961242,3.185040622850598,2017,01,2017-01,7.850006000000008,1.2399181451612888,471.72749940000006,478.23700012,471.52500045,1.7355934175792238,598.134399,-16.047297256347907
2017-01-06,502.950012,507.950012,496.25,497.75,494.676971,4907475,-0.8762310171410641,2017,01,2017-01,11.700012000000015,-1.0339023513135963,473.4099991,477.59100036,472.21175048,1.7598073536757048,598.134399,-16.782916877516023
2017-01-09,499.399994,504.600006,492.149994,500.149994,497.062134,3932710,0.48216855851330837,2017,01,2017-01,12.450012000000015,0.15018021806383922,475.6974991,477.15400024,472.91475051000003,1.66221277349518,598.134399,-16.38167026738752
2017-01-10,506.549988,518,505.950012,516.25,513.062744,7973024,3.219035527970037,2017,01,2017-01,12.049987999999985,1.9149170328279657,477.97749940000006,476.73900024,473.69150054,1.6289448045139177,598.134399,-13.68996652539959
2017-01-11,520.25,523.950012,517.150024,519.25,516.044250,4886398,0.5811138014527845,2017,01,2017-01,6.799987999999985,-0.19221528111484865,480.3224991,476.51200072,474.4575006,1.628871717621782,598.134399,-13.18840700884017
2017-01-12,521.700012,524,513.200012,518.25,515.050415,4219627,-0.19258545979778527,2017,01,2017-01,10.799987999999985,-0.661301882431242,483.07499850000005,476.61100096,475.17525054,1.5363102938212299,598.134399,-13.355593514359976
2017-01-13,523.25,523.25,507.5,514.849976,511.671326,6367248,-0.6560586589483899,2017,01,2017-01,15.75,-1.605355757286198,485.15999760000005,476.70400024,475.86350036,1.5128883442544845,598.134399,-13.924031645603458
2017-01-16,518.650024,529.450012,517,526.400024,523.150085,6084582,2.243381283560565,2017,01,2017-01,12.450012000000015,1.4942638853517145,487.8899994,476.98600096,476.61050048,1.5546991618827304,598.134399,-11.993019481897411
2017-01-17,528.099976,530.799988,521,523.700012,520.466736,4297426,-0.5129201893805413,2017,01,2017-01,9.799987999999985,-0.8331687559099519,490.41750030000003,477.33300108000003,477.4125006,1.572285777556189,598.134399,-12.44442505303896
2017-01-18,523.049988,529.599976,521.200012,522.450012,519.224426,5874608,-0.23868626529647666,2017,01,2017-01,8.399963999999954,-0.1147072007962592,493.1150009,476.97800108,478.1625006,1.5433814518387492,598.134399,-12.65340818493872
2017-01-19,523,535.599976,522.700012,531.450012,528.168945,5810128,1.7226528458764778,2017,01,2017-01,12.899963999999954,1.6156810707457008,496.2075012,476.93700132,478.87675063,1.5627373405454645,598.134399,-11.148729635260453
2017-01-20,527.400024,529.299988,521.25,523.200012,519.969788,5013928,-1.5523567247562693,2017,01,2017-01,8.049987999999985,-0.7963617385045881,499.0850021,476.72700132,479.55975065999996,1.6055305978786867,598.134399,-12.528018305798863
2017-01-23,523.200012,534.950012,523,532.700012,529.411194,4209879,1.8157491938283823,2017,01,2017-01,11.950012000000015,1.8157491938283823,502.82750240000007,477.2350018,480.32500074999996,1.5337294430939803,598.134399,-10.939746503360695
2017-01-24,533,543,532.349976,541.549988,538.206543,5183630,1.6613433077977797,2017,01,2017-01,10.65002400000003,1.6041253283302037,506.55750120000005,478.91800168000003,481.09075072,1.5217995074905983,598.134399,-9.460149941986542
2017-01-25,543.25,551.900024,541.549988,548.900024,545.511169,4504941,1.3572220778998607,2017,01,2017-01,10.350036000000046,1.0400412333179991,510.8350021,480.72700192,481.98275084,1.4834256342629522,598.134399,-8.231323107701751
2017-01-27,549,552,539.75,541.950012,538.604065,4493803,-1.2661708318671918,2017,01,2017-01,12.25,-1.2841508196721283,514.387503,482.10900203999995,482.80900084,1.5445373869248926,598.134399,-9.39327132730248
2017-01-30,542,543.5,530.799988,532.299988,529.013611,4163428,-1.780611456098654,2017,01,2017-01,12.700012000000015,-1.78967011070111,517.4025024,483.33000180000005,483.59450072,1.64036575460733,598.134399,-11.006625118044756
2017-01-31,530.200012,531.5,518,523.549988,520.317688,6035022,-1.6438099187032107,2017,01,2017-01,13.5,-1.254248179835958,519.2275024,484.66200132,484.3550006,1.5967521233299884,598.134399,-12.469507041343068
2017-02-01,527.5,544.5,522.900024,542.25,538.902222,4786720,3.571772023419474,2017,02,2017-02,21.59997599999997,2.7962085308056874,522.2850021,486.21000119999997,485.13300063,1.7009821209486384,598.134399,-9.343117381884607
2017-02-02,537.599976,537.599976,526.799988,531.5,528.218567,6579801,-1.98248040571692,2017,02,2017-02,10.799987999999985,-1.1346682054167299,524.5275024,487.41000119999995,485.81150069,1.7907696042583972,598.134399,-11.140372316222532
2017-02-03,531.900024,531.900024,519.5,522.599976,519.373535,5298261,-1.674510630291633,2017,02,2017-02,12.40002400000003,-1.7484579019308448,525.5500015,488.80300048,486.38075057000003,1.729761894987179,598.134399,-12.628336227824954
2017-02-06,527.900024,531.450012,523.200012,525.849976,522.603455,3642527,0.6218905758235244,2017,02,2017-02,8.25,-0.388340198294831,526.9550003,490.27299988,486.97325041999994,1.7124205361135119,598.134399,-12.084980084885581
2017-02-07,524.799988,524.799988,502,506.799988,503.671051,7987282,-3.62270397821602,2017,02,2017-02,22.799987999999985,-3.429878127207579,527.2875,491.31499940000003,487.48675033,1.9212842157872065,598.134399,-15.269881008799837
2017-02-08,512.349976,514.950012,506.299988,513.049988,509.882477,5975054,1.2332281270693322,2017,02,2017-02,8.65002400000003,0.13662770231104981,527.1274994,492.37899904,487.99450027,1.7980793746446355,598.134399,-14.22496534930104
2017-02-09,515.400024,518,505.75,512.849976,509.683685,4099871,-0.03898489517166019,2017,02,2017-02,12.25,-0.49477064052291553,526.8074982,493.4499988,488.47375015,1.7925840668995376,598.134399,-14.258404656643073
2017-02-10,513,514.799988,506.5,509.549988,506.404083,4732032,-0.6434606911242178,2017,02,2017-02,8.299987999999985,-0.6725169590643305,526.3724976000001,494.67699832,488.96050003,1.79734369172446,598.134399,-14.810118118620366
2017-02-13,512.700012,512.700012,503.299988,505.299988,502.180298,4700518,-0.8340692964553655,2017,02,2017-02,9.40002400000003,-1.4433438320262866,525.8949982,496.1249982,489.39175002999997,1.8008397627484443,598.134399,-15.520660767079548
2017-02-14,503,506.700012,466.549988,482.049988,479.073853,14901414,-4.601227103136207,2017,02,2017-02,40.15002400000003,-4.16501232604374,523.6774964,496.97999819999995,489.70925002999996,1.978082258821143,598.134399,-19.407747020415062
2017-02-15,449.049988,453,434.350006,436.450012,433.755402,38638630,-9.459594883342257,2017,02,2017-02,18.649993999999992,-2.8059183468901394,519.3149964,496.88699832,489.83475006000003,2.8287954818538212,598.134399,-27.031447659642126
2017-02-16,442.549988,447.600006,435.399994,446,443.246429,11622714,2.188105793888713,2017,02,2017-02,12.200012000000015,0.779575662309139,515.4924957999999,496.89999819999997,490.02300003,2.908133917694733,598.134399,-25.434818538166038
2017-02-17,447.899994,456.600006,442.399994,452.950012,450.153564,10063504,1.5582986547085236,2017,02,2017-02,14.200012000000015,1.1274878472090406,511.56749579999996,496.72799868000004,490.24925003,2.901013233362177,598.134399,-24.272870318565314
2017-02-20,451.5,458.450012,449,455.450012,452.638123,5866707,0.5519372853002595,2017,02,2017-02,9.450012000000015,0.8748642303433035,508.1799958,496.5549988,490.47825012,2.908707228909361,598.134399,-23.854904054765793
2017-02-21,456.899994,462.799988,454.5,458.649994,455.818329,6875914,0.702597851726476,2017,02,2017-02,8.299987999999985,0.3830159822676645,504.47749489999995,496.63999880000006,490.86250014999996,2.869439252917828,598.134399,-23.319910246459514
2017-02-22,460.25,466.700012,455.799988,460.049988,457.209686,7315280,0.3052423456479959,2017,02,2017-02,10.90002400000003,-0.04345725149375669,500.40249489999997,496.42799868000003,491.20700012000003,2.8262756111245078,598.134399,-23.08585014185082
2017-02-23,464,464.700012,457.25,462.350006,459.495514,9492419,0.49994958373958764,2017,02,2017-02,7.450012000000015,-0.35560215517241217,496.07499399999995,496.22799868000004,491.52525009,2.798635762134797,598.134399,-22.70131816979816
2017-02-27,464,464,455.100006,457.799988,454.973602,5510484,-0.9841068326924652,2017,02,2017-02,8.899993999999992,-1.336209482758624,491.86749280000004,496.1199982,491.7975,2.796956582042979,598.134399,-23.462019779270385
2017-02-28,460,460,454.100006,456.75,453.930084,5722402,-0.2293551829450867,2017,02,2017-02,5.899993999999992,-0.7065217391304348,488.0899934,495.79199832,492.13649994,2.7898794602080232,598.134399,-23.637563603828113
2017-03-01,455.899994,455.899994,448,449.450012,446.675171,8367579,-1.5982458675424158,2017,03,2017-03,7.899993999999992,-1.4147800142326776,484.3849946,495.34499880000004,492.48449996999994,2.789107367420015,598.134399,-24.858023087884636
2017-03-02,457.850006,467.899994,453.200012,461.700012,458.849548,13667695,2.725553381451461,2017,03,2017-03,14.699981999999977,0.840888052756738,480.3574952,495.11599916,492.85775008999997,2.7262561803137944,598.134399,-22.809988395267
2017-03-03,463.299988,466.850006,458.600006,459.950012,457.110321,7085620,-0.37903399491356304,2017,03,2017-03,8.25,-0.7230684409169399,476.77999579999994,494.94499940000003,493.20775009,2.7120806269422277,598.134399,-23.102564779926663
2017-03-06,462.5,472.700012,462.100006,470.799988,467.893311,4036291,2.35894678050361,2017,03,2017-03,10.600006000000008,1.7945919999999966,474.18999640000004,494.96899903999997,493.59824997,2.783566539620475,598.134399,-21.28859520751289
2017-03-07,469.5,475.899994,466.049988,467.549988,464.663391,7114541,-0.6903143761337565,2017,03,2017-03,9.850006000000008,-0.41533801916933233,471.274997,495.00699891999994,493.98749985,2.771610561299411,598.134399,-21.831951350452265
2017-03-08,469.399994,469.600006,461.149994,462.799988,459.942719,5351597,-1.0159341507672117,2017,03,2017-03,8.450012000000015,-1.4060515731493612,469.074997,495.10599856,494.37724976,2.679152970651241,598.134399,-22.626087251671347
2017-03-09,462.450012,469.700012,462,467.600006,464.713104,3837624,1.0371689983708519,2017,03,2017-03,7.700012000000015,1.1136325800333187,466.8024979,495.11899844,494.78074982,2.6731469684514693,598.134399,-21.823589015819174
2017-03-10,471,471.850006,465.100006,469.100006,466.203857,5766815,0.3207869933175322,2017,03,2017-03,6.75,-0.40339575371549735,464.61499940000004,495.23399844,495.20399979,2.6771053915099143,598.134399,-21.57280925753946
2017-03-14,481,483,468.450012,469.75,466.849823,6348198,0.13856192532216519,2017,03,2017-03,14.549987999999985,-2.338877338877339,462.625,495.21099856,495.64399979,2.6792160556004343,598.134399,-21.46413903207062
2017-03-15,475,476.549988,470.649994,473.450012,470.526978,4801312,0.7876555614688696,2017,03,2017-03,5.899993999999992,-0.3263132631578915,461.0325012,495.2399988,496.06574982,2.688962318989297,598.134399,-20.845546955409265
2017-03-16,478.700012,482,476.149994,480.950012,477.980682,6272947,1.584116550830291,2017,03,2017-03,5.850006000000008,0.47002296711870567,460.97750240000005,495.11799928,496.48549987999996,2.517120828110623,598.134399,-19.591648164010714
2017-03-17,481.350006,484.200012,471.700012,476.5,473.558167,6338248,-0.9252545771846276,2017,03,2017-03,12.5,-1.0075840738641244,462.98000179999997,495.02599915999997,496.87174988,1.2089380477926406,598.134399,-20.335630119811924
2017-03-20,476.549988,478.200012,470.75,476,473.061218,2871104,-0.1049317943336831,2017,03,2017-03,7.450012000000015,-0.11541034809552546,464.48000179999997,494.81299928,497.23224991,1.1419883185869133,598.134399,-20.419223372571828
2017-03-21,478,478.049988,470.649994,473.75,470.825134,4685410,-0.4726890756302521,2017,03,2017-03,7.399993999999992,-0.889121338912134,465.5200012,494.24499940000004,497.49474991000005,1.1172527099490357,598.134399,-20.795393009991393
2017-03-22,469.950012,469.950012,458.5,459.899994,457.060608,4695648,-2.9234841160949885,2017,03,2017-03,11.450012000000015,-2.1385291506280506,465.7425003,493.48799928,497.49599991,1.3170562549502838,598.134399,-23.110927114559754
2017-03-23,461.299988,477,461.299988,472.899994,469.980377,8665384,2.8267014937164796,2017,03,2017-03,15.700012000000015,2.5146339262423756,466.45500030000005,492.94299928,497.61449982,1.4507267459203563,598.134399,-20.937502542802264
2017-03-24,470.75,474.799988,467.549988,470.399994,467.495819,4296510,-0.5286529988833115,2017,03,2017-03,7.25,-0.07435071694105314,466.97250060000005,492.02599915999997,497.69924973,1.4583885638655374,598.134399,-21.35546880660178
2017-03-27,469,469.149994,462.100006,464.75,461.880676,4417413,-1.2011041819868715,2017,03,2017-03,7.049987999999985,-0.906183368869936,467.09250030000004,490.93599916,497.75324967,1.4845163954967164,598.134399,-22.300071559669657
2017-03-28,467.5,473,467.5,472.399994,469.483459,2982614,1.6460449704141997,2017,03,2017-03,5.5,1.0481270588235276,467.82250060000007,490.01899904,497.81274964,1.505709350979234,598.134399,-21.021095795562168
2017-03-29,474.899994,475,463.600006,469.049988,466.154144,6680569,-0.7091460716657011,2017,03,2017-03,11.399993999999992,-1.2318395607307604,468.4375,489.10299928,497.84274963999997,1.5161563293299862,598.134399,-21.581171592172556
2017-03-30,463.5,469.799988,462.850006,468.399994,465.508148,9482785,-0.13857670112550827,2017,03,2017-03,6.949981999999977,1.0571723840345184,469.3849991,487.94299868,497.85399964,1.4620505169156282,598.134399,-21.689841817641394
2017-03-31,466.5,472.5,464.5,465.850006,462.973877,6400088,-0.5444039352400131,2017,03,2017-03,8,-0.13933419078242065,469.5924988,486.78599856,497.84749969999996,1.3448798616579047,598.134399,-22.116165400478835
2017-04-03,468.25,472.299988,467.600006,470.399994,467.495819,2951896,0.9767066526559163,2017,04,2017-04,4.699981999999977,0.45915515216230485,470.1149979,485.7449982,497.91474961,1.3560612184090302,598.134399,-21.35546880660178
2017-04-05,470.399994,475,467.25,473.5,470.576660,5287168,0.6590148893581848,2017,04,2017-04,7.75,0.6590148893581848,470.24999850000006,484.58599796000004,498.06099961,1.2581539939337787,598.134399,-20.837189636371345
2017-04-06,474.299988,478.5,470.600006,473.200012,470.278503,6703078,-0.06335543822597356,2017,04,2017-04,7.899993999999992,-0.23191567105837027,470.53249969999996,483.58599796000004,498.1849997,1.2468617649878206,598.134399,-20.887343581789217
2017-04-07,468.450012,480.549988,466.649994,468.299988,465.408752,8089461,-1.035508004171401,2017,04,2017-04,13.899993999999992,-0.03202561557411815,470.8074997,482.29799748,498.26599961,1.247764261288507,598.134399,-21.706561471312412
2017-04-10,471.649994,478.299988,467.549988,474.899994,471.968018,5437523,1.4093542962038272,2017,04,2017-04,10.75,0.6890702939349556,471.1724991,480.9649976,498.36874955,1.2656503139927548,598.134399,-20.603129531762647
2017-04-11,477.899994,478.350006,471.100006,472.25,469.334381,4887918,-0.5580109567236576,2017,04,2017-04,7.25,-1.1822544613800503,471.3299988,479.43199712,498.40799957999997,1.2722743478376535,598.134399,-21.046172768271106
2017-04-12,468.700012,471.549988,461.600006,464.549988,461.681885,5991598,-1.6304948650079438,2017,04,2017-04,9.949981999999977,-0.8854328768397877,471.0699982,477.88399663999996,498.32049957999993,1.3255265982592275,598.134399,-22.333510867011686
2017-04-13,461.850006,463.350006,451.200012,453.350006,450.551056,5930185,-2.4109315013048667,2017,04,2017-04,12.149993999999992,-1.8404243563006473,470.0649979,476.304997,498.16274963999996,1.4097675015788982,598.134399,-24.20599671947642
2017-04-17,452,455.700012,447.299988,449.200012,446.426697,4913930,-0.9154061861863066,2017,04,2017-04,8.40002400000003,-0.6194663716814126,468.4774979,474.81799748,498.04524963999995,1.3522233693298735,598.134399,-24.899819714264588
2017-04-18,452,455.75,442.5,443.700012,440.960663,4235130,-1.2243988987248735,2017,04,2017-04,13.25,-1.836280530973448,466.83749850000004,472.84699772,497.82399963999995,1.3607559763390134,598.134399,-25.819345494623526
2017-04-19,443,449.5,438.299988,443.049988,440.314667,6319332,-0.14650078485912466,2017,04,2017-04,11.200012000000015,0.011283972911960457,465.1899979,471.07799747999996,497.79224961,1.3603982124557177,598.134399,-25.92802073568754
2017-04-20,447.850006,447.850006,442.100006,443.950012,441.209106,3288900,0.2031427659129133,2017,04,2017-04,5.75,-0.8708259345205842,463.69999850000005,469.5049982,497.76724961,1.3655543513505881,598.134399,-25.777548868243578
2017-04-21,446.75,448.450012,437.600006,440.600006,437.879791,5325590,-0.7545908119042933,2017,04,2017-04,10.850006000000008,-1.3766074986010057,462.7349991,467.7999988,497.76824967,1.2265877983277935,598.134399,-26.337624664853966
2017-04-24,439.799988,449,438.75,443.850006,441.109711,6214069,0.7376304938134749,2017,04,2017-04,10.25,0.9208772420430404,461.28249969999996,466.54099916,497.75124969999996,1.0274286185654953,598.134399,-25.79426852191459
2017-04-25,445.850006,447.75,443.299988,445.649994,442.898621,5894090,0.40553970387914895,2017,04,2017-04,4.450012000000015,-0.044860827028903344,460.04499969999995,465.19299928,497.68324967,1.0382135604655884,598.134399,-25.493334818217008
2017-04-26,446,454.399994,445.5,450.799988,448.016785,8438042,1.1556140624563753,2017,04,2017-04,8.899993999999992,1.0762304932735394,459.3474991,463.95199952,497.64774964,1.0598616626776838,598.134399,-24.632325317909036
2017-04-27,455,460.899994,452.700012,455.350006,452.538727,10589249,1.0093207899553056,2017,04,2017-04,8.199981999999977,0.07692439560439727,458.4949997,462.86799988,497.57699967,1.011635843217506,598.134399,-23.87162370843681
2017-04-28,457.100006,462,454.399994,458.899994,456.066803,5126904,0.7796174268634982,2017,04,2017-04,7.600006000000008,0.39378428710849434,457.9875,461.94,497.56699967000003,1.02523583616149,598.134399,-23.278113620079562
2017-05-02,456.600006,457.200012,448.549988,451.25,448.464020,6071958,-1.6670285683202672,2017,05,2017-05,8.65002400000003,-1.1717051970428594,457.1300003,461.32400024000003,497.54749969999995,1.083249572280228,598.134399,-24.55708938418705
2017-05-03,451.350006,456,444.649994,446.600006,443.842743,5158586,-1.0304695844875331,2017,05,2017-05,11.350006000000008,-1.0523983464841253,456.16750030000003,461.52700012,497.44899979,1.0972008500322723,598.134399,-25.334505631735123
2017-05-04,446.649994,448.100006,435.149994,436.5,433.805084,6204022,-2.2615328849771683,2017,05,2017-05,12.950012000000015,-2.2724715406578495,454.47250060000005,461.33700012,497.20849976,1.151234742136947,598.134399,-27.023090340604206
2017-05-05,436.5,436.5,418,419.600006,417.009460,9487539,-3.8717053837342483,2017,05,2017-05,18.5,-3.8717053837342483,451.7775009,460.67,496.88499985000004,1.3647021060595332,598.134399,-29.848541280769915
2017-05-08,424.75,428.700012,417.25,422.649994,420.040588,7427873,0.7268798752114376,2017,05,2017-05,11.450012000000015,-0.49440988816951326,449.25,460.01399963999995,496.59274979,1.3920248129717088,598.134399,-29.338624445172567
2017-05-09,424.75,428.799988,422.700012,426.799988,424.164978,2833132,0.9818985115139958,2017,05,2017-05,6.09997599999997,0.48263402001176803,447.175,459.37699952,496.2962497,1.4279256438354073,598.134399,-28.644801450384406
2017-05-10,427.799988,433,424,432.299988,429.631012,5378402,1.2886598300466683,2017,05,2017-05,9,1.0518934376407698,445.04499969999995,458.82199952,495.98774963999995,1.4198725537600492,598.134399,-27.72527567002546
2017-05-11,434,434.5,425.399994,427.450012,424.810974,4049649,-1.1219005631802077,2017,05,2017-05,9.100006000000008,-1.5092138248847893,442.8050003,458.12399963999997,495.66174973,1.4275172170743633,598.134399,-28.53612620932039
2017-05-12,429.649994,433.799988,427.450012,430.850006,428.190002,3850940,0.79541324237932,2017,05,2017-05,6.34997599999997,0.2792998991639728,441.12000120000005,457.585,495.31974976,1.4283348647239917,598.134399,-27.96769309367208
2017-05-15,434,434,430.100006,431.899994,429.233490,1885702,0.2437015168568861,2017,05,2017-05,3.8999939999999924,-0.48387235023041647,440.04750060000003,457.08799988,495.00974976,1.349473682816471,598.134399,-27.792149269114354
2017-05-16,432.25,439.5,432.25,437.25,434.550446,3452072,1.2387140713875553,2017,05,2017-05,7.25,1.156737998843262,439.45,456.84399964,494.74074981999996,1.3778334429434036,598.134399,-26.897700461464353
2017-05-17,436.5,452.5,435.100006,449.100006,446.327332,6572678,2.7101214408233294,2017,05,2017-05,17.399993999999992,2.8865993127147784,439.71999969999996,456.59199952,494.45024979000004,1.4890832148784694,598.134399,-24.916539367935602
2017-05-18,442,448.700012,436,437.950012,435.246155,6158546,-2.4827418951314804,2017,05,2017-05,12.700012000000015,-0.9162868778280508,439.4650009,456.15199952,494.09499985,1.5949259590294036,598.134399,-26.780667901362413
2017-05-19,439,444.950012,434.600006,443.350006,440.612823,4387481,1.2330160639429306,2017,05,2017-05,10.350006000000008,0.9908897494305257,439.4350006000001,455.60299987999997,493.79549987999997,1.6198134773715285,598.134399,-25.877861774674493
2017-05-22,446,452.75,442.600006,449.649994,446.873901,6145914,1.4209964846600194,2017,05,2017-05,10.149993999999992,0.8183843049327337,439.8875,455.245,493.49324981999996,1.6389986030790695,598.134399,-24.82458879613778
2017-05-23,451.450012,456.450012,444.299988,450.5,447.718658,10330814,0.1890372537178345,2017,05,2017-05,12.15002400000003,-0.21043570157220753,440.21999969999996,454.99900024000004,493.21149979,1.6326008338193478,598.134399,-24.682479263326908
2017-05-24,470,473.350006,458.100006,469.549988,466.651031,27370795,4.228632186459486,2017,05,2017-05,15.25,-0.09574723404255642,441.41499940000006,455.03799988,493.04324967,1.8773156533030675,598.134399,-21.49757833941265
2017-05-25,470,479,464.700012,476,473.061218,15108872,1.3736582184727935,2017,05,2017-05,14.299987999999985,1.276595744680851,442.675,455.17599975999997,492.88199967,1.883302172178431,598.134399,-20.419223372571828
2017-05-26,474.100006,488.25,473.5,481.100006,478.129761,7692869,1.0714298319327746,2017,05,2017-05,14.75,1.4764817362183287,443.9625,455.40299988,492.82099975999995,1.8846028376117492,598.134399,-19.566571191301776
2017-05-29,482.5,485,471.799988,481.5,478.527283,4253044,0.08314154957628339,2017,05,2017-05,13.200012000000015,-0.20725388601036268,445.09250030000004,455.56399963999996,492.83649979,1.8815569135678465,598.134399,-19.499697592212886
2017-05-30,482.700012,487,480,481.299988,478.328491,3101380,-0.04153935617861167,2017,05,2017-05,7,-0.2900401833841327,446.59499969999996,455.57099916,492.74299973,1.828407249602,598.134399,-19.53313689955492
2017-05-31,482.299988,483,474.799988,476.149994,473.210297,5393856,-1.0700174794103658,2017,05,2017-05,8.200012000000015,-1.275138742072702,448.0724991,455.56399904,492.54174958,1.8299867025592318,598.134399,-20.39414639986289
2017-06-01,476.950012,479.700012,473.549988,476.649994,473.707214,3001232,0.10500892708191444,2017,06,2017-06,6.15002400000003,-0.06290344741620905,450.0799988,455.57699892,492.35099961,1.726733684839027,598.134399,-20.310553147102986
2017-06-02,480,485.950012,477.700012,478.75,475.794250,4319080,0.44057610960549126,2017,06,2017-06,8.25,-0.26041666666666663,453.0374985,455.67699891999996,492.17574967,1.3954734778948423,598.134399,-19.95946048239236
2017-06-05,478.299988,481.899994,475.200012,478.149994,475.197937,2464819,-0.12532762402088932,2017,06,2017-06,6.699981999999977,-0.03135981680183367,455.81249850000006,456.04199891999997,492.04924958,1.4066351729807243,598.134399,-20.059773388823277
2017-06-06,482.899994,484.350006,457.600006,461,458.153839,8016939,-3.586739352756322,2017,06,2017-06,26.75,-4.5350992487276764,457.5224991,455.80399904,491.83799958,1.6888195971220534,598.134399,-22.92702095536893
2017-06-07,462.549988,463.649994,453.5,458,455.172363,5250544,-0.6507592190889371,2017,06,2017-06,10.149993999999992,-0.9836748714822116,458.8074997,455.55599916,491.54399964,1.690768086710818,598.134399,-23.428580471928353
2017-06-08,459.5,463.450012,457.350006,460.799988,457.955048,4066322,0.6113510917030535,2017,06,2017-06,6.100006000000008,0.28291360174101954,460.4749985,455.47699891999997,491.30999955,1.6580066561375704,598.134399,-22.960460262710964
2017-06-09,459.950012,468,455,467.100006,464.216187,4598706,1.3671914418539488,2017,06,2017-06,13,1.5545154502572318,462.2874985,455.37099916,491.09349961,1.67026056733421,598.134399,-21.907182268579074
2017-06-12,463.75,465.25,455.200012,456.25,453.433167,4341696,-2.322844328972243,2017,06,2017-06,10.049987999999985,-1.6172506738544474,463.50499879999995,455.1149994,490.81449967000003,1.7793846637810027,598.134399,-23.721156856588017
2017-06-13,457.149994,458.75,448,449.549988,446.774506,3577406,-1.468495780821921,2017,06,2017-06,10.75,-1.6624753581425198,464.1199982,454.73799928,490.51224961,1.8061570859313967,598.134399,-24.841308449808793
2017-06-14,450.799988,453.399994,447.049988,451.950012,449.159729,3605931,0.5338725534567316,2017,06,2017-06,6.350006000000008,0.25510737147580187,464.26249850000005,454.4599994,490.25224961,1.706903133473176,598.134399,-24.44005682408512
2017-06-15,452,457.850006,446.950012,448.299988,445.532257,3879154,-0.8076167503232703,2017,06,2017-06,10.899993999999992,-0.8185867256637203,464.7799973,454.01799928,489.97374955,1.6149374995186072,598.134399,-25.05029158170855
2017-06-16,454.700012,458.399994,452,455.75,452.936249,7042094,1.6618363148383613,2017,06,2017-06,6.399993999999992,0.23091884149763006,465.399997,453.66299928,489.76074952000005,1.6331078658577554,598.134399,-23.804750109347918
2017-06-19,453.799988,456.399994,450.5,452.350006,449.557251,3869675,-0.7460217224355441,2017,06,2017-06,5.899993999999992,-0.31952006133591554,465.53499760000005,453.24599916,489.55324952,1.616189659319041,598.134399,-24.37318322499623
2017-06-20,457,470.75,456,467.399994,464.514313,12014975,3.327067049933892,2017,06,2017-06,14.75,2.275709846827132,466.3799973,453.22799928,489.37149948999996,1.775639175704848,598.134399,-21.857028323161202
2017-06-21,466,466,455.5,457.299988,454.476654,5436141,-2.1608913413892785,2017,06,2017-06,10.5,-1.8669553648068702,465.7674973,452.87599916,489.03149949,1.5760987801751511,598.134399,-23.54561303203029
2017-06-22,458.850006,463,451.600006,452.700012,449.905090,5008885,-1.0058989986240652,2017,06,2017-06,11.399993999999992,-1.3403059648211038,464.6024979,452.4849994,488.64999955,1.5469346457390638,598.134399,-24.314666944945262
2017-06-23,454,456.5,442.399994,443.149994,440.414032,6753648,-2.109568753446382,2017,06,2017-06,14.100006000000008,-2.3898691629955966,462.7049973,452.05699952000003,488.17724946000004,1.5684639636942024,598.134399,-25.911301082016525
2017-06-27,443.799988,444.5,434.399994,442.299988,439.569275,5915274,-0.19180999921214206,2017,06,2017-06,10.100006000000008,-0.3379900947631391,460.74499670000006,451.83599916,487.67049928,1.5652238120997384,598.134399,-26.053410614827392
2017-06-28,443.899994,446.799988,440.149994,442.5,439.768036,4960238,0.04522089202498807,2017,06,2017-06,6.649993999999992,-0.3153850008837784,458.8049973,451.70199892,487.1337494,1.5664244398180676,598.134399,-26.019971307485363
2017-06-29,444.5,446.25,434,435.600006,432.910675,11085101,-1.5593206779661,2017,06,2017-06,12.25,-2.0022483689538793,456.77749789999996,451.53999880000003,486.36824937,1.5810660354082329,598.134399,-27.173557192452996
2017-06-30,433.899994,435.600006,428.049988,432.549988,429.879456,4776892,-0.7001877773160597,2017,06,2017-06,7.550018000000023,-0.31113298425166785,454.5724976,451.32999880000006,485.59399919,1.5769140434251632,598.134399,-27.683479043645516
2017-07-03,431.5,434.700012,426.25,430.25,427.593689,6230025,-0.5317276762934473,2017,07,2017-07,8.450012000000015,-0.28968713789107764,452.14749760000007,451.05599856000003,484.82424913,1.5622047527257972,598.134399,-28.068006000103
2017-07-04,434.200012,436.399994,426,426.899994,424.264374,5020683,-0.778618477629287,2017,07,2017-07,10.399993999999992,-1.6812569779477624,449.58499760000007,450.78199831999996,484.0924991,1.5603241479989671,598.134399,-28.62808179671339
2017-07-05,428.899994,433.950012,427.399994,431.75,429.084442,5050749,1.1360988681578683,2017,07,2017-07,6.550018000000023,0.6644919654627013,448.12249760000003,450.53999819999996,483.48399903999996,1.428993605545663,598.134399,-27.81722624182329
2017-07-06,435.399994,438.799988,433.799988,437.100006,434.401428,4038188,1.2391444122756243,2017,07,2017-07,5,0.39044832876134933,447.07749789999997,450.36899844,482.86699907,1.4677612274044456,598.134399,-26.92277743417329
2017-07-07,434.450012,441.450012,432.25,436.850006,434.152954,5311730,-0.05719514906618418,2017,07,2017-07,9.200012000000015,0.55242120697651,445.87999879999995,450.08999880000005,482.26349916,1.45531797309414,598.134399,-26.964574060553236
2017-07-10,446.600006,448.100006,444,446.950012,444.190613,1154721,2.312007751237162,2017,07,2017-07,4.100006000000008,0.07837124838731138,444.8724991,449.92199891999996,481.75474916,1.5244888670984995,598.134399,-25.275989351684153
2017-07-11,452,462.299988,451,456.950012,454.128876,12069006,2.2373866722258864,2017,07,2017-07,11.299987999999985,1.0951353982300918,444.90749969999996,449.88299928,481.26724916,1.532734081101526,598.134399,-23.60412429648608
2017-07-12,461,463.799988,456.600006,461,458.153839,6051540,0.8863087632438852,2017,07,2017-07,7.199981999999977,0,445.48000030000003,450.07799928000003,480.8299991,1.5026229384967726,598.134399,-22.92702095536893
2017-07-13,464.5,464.5,455.549988,459.049988,456.215881,4382063,-0.42299609544468875,2017,07,2017-07,8.950012000000015,-1.1733072120559775,445.8349991,450.32699892,480.37574892,1.5045369542835365,598.134399,-23.253036647370624
2017-07-14,460,460,450.399994,451.299988,448.513702,3974269,-1.688269295848451,2017,07,2017-07,9.600006000000008,-1.8913069565217422,445.9849991,450.62299868,479.83999879999993,1.5445044730340078,598.134399,-24.54873206514913
2017-07-17,455,458.350006,453.25,454.149994,451.346130,4922453,0.6315103203592392,2017,07,2017-07,5.100006000000008,-0.18681450549450715,445.9049988,451.31399844,479.34549883,1.50438617153837,598.134399,-24.072249521298644
2017-07-18,452.600006,459.5,452.600006,456.149994,453.333771,2349268,0.4403831391441128,2017,07,2017-07,6.899993999999992,0.7843543864203981,446.0949982,451.98399844,478.94974885999994,1.4970801835439322,598.134399,-23.73787651025903
2017-07-19,453,462.899994,453,460.600006,457.756317,3395937,0.9755589298549932,2017,07,2017-07,9.899993999999992,1.6777055187637988,445.75499879999995,452.65999880000004,478.59299883,1.3065861985867457,598.134399,-22.99389455445782
2017-07-20,463.5,464.350006,457.350006,460.149994,457.309082,3318626,-0.09770125795439422,2017,07,2017-07,7,-0.7227628910463879,445.8974991,453.21699892,478.1937488,1.2103119341996111,598.134399,-23.069130488179805
2017-07-21,460,465.899994,457.600006,464.600006,461.731598,3150269,0.9670785739486536,2017,07,2017-07,8.299987999999985,1.0000013043478277,446.49249879999996,453.95999880000005,477.88524889,1.2011181237602258,598.134399,-22.32514853237859
2017-07-24,464.950012,468.350006,461,464,461.135315,3773074,-0.12914463888319613,2017,07,2017-07,7.350006000000008,-0.20432562113795907,447.5349991,454.62299868,477.53099901,1.0819085056251305,598.134399,-22.42546143880951
2017-07-25,462.149994,464.700012,454.700012,456.100006,453.284088,7052112,-1.7025849137931017,2017,07,2017-07,10,-1.3090961978893771,448.225,455.10699891999997,477.1074991,1.1630272350409554,598.134399,-23.746233829296955
2017-07-26,457.200012,458.700012,455,457.299988,454.476654,3641559,0.2630962473611494,2017,07,2017-07,3.700012000000015,0.021867016048978068,448.9649994,455.50799868,476.64424898,1.1629144744736102,598.134399,-23.54561303203029
2017-07-27,459,460.950012,440.299988,445.399994,442.650146,13738611,-2.6022292395074356,2017,07,2017-07,20.65002400000003,-2.962964270152507,449.4549988,455.43399844,476.07299883,1.2636106495635542,598.134399,-25.53513144459696
2017-07-28,444.600006,447.450012,442.450012,445.850006,443.097351,3365171,0.10103547509253338,2017,07,2017-07,5,0.2811515931468521,450.1199997,455.59199831999996,475.5449988,1.248891055398078,598.134399,-25.459895510874976
2017-07-31,446.25,449.700012,443.700012,444.600006,441.855072,3804621,-0.2803633471297968,2017,07,2017-07,6,-0.369746554621847,450.8375,455.61699832,474.93949877,1.2428245902465678,598.134399,-25.668878642774732
2017-08-01,446.549988,452.350006,445.700012,446.899994,444.140900,4012791,0.5173162323349102,2017,08,2017-08,6.649993999999992,0.07838002673958365,451.8375,455.56199832,474.36374879999994,1.2243252065570522,598.134399,-25.284351686317247
2017-08-02,449.5,449.950012,438.149994,440.350006,437.631348,4045533,-1.4656496057146926,2017,08,2017-08,11.800018000000023,-2.0355937708565053,452.26750030000005,455.35899844,473.84124895,1.2613511254449157,598.134399,-26.37942129123391
2017-08-03,441,441.5,429.600006,431.450012,428.786285,6197142,-2.021118173891882,2017,08,2017-08,11.899993999999992,-2.165530158730155,451.98500060000003,454.59699892,473.21799913,1.3166905575867183,598.134399,-27.867380187241164
2017-08-04,435.100006,438.75,433.450012,435.600006,432.910675,4166729,0.9618713372523889,2017,08,2017-08,5.299987999999985,0.11491610965411019,451.92250060000003,453.78899903999996,472.65824922,1.336246292240193,598.134399,-27.173557192452996
2017-08-07,438.600006,439.799988,425.299988,430,427.345215,6461815,-1.285584463467617,2017,08,2017-08,14.5,-1.9607856548912148,451.075,452.76699892,472.03699922,1.2469716986363781,598.134399,-28.109802626482956
2017-08-08,432,435.5,426,430,427.345215,7134979,0,2017,08,2017-08,9.5,-0.4629629629629629,449.72749940000006,451.73699891999996,471.43449922,1.1111077712711317,598.134399,-28.109802626482956
2017-08-09,428.799988,429.899994,415,416.049988,413.481354,10849567,-3.244188837209306,2017,08,2017-08,14.899993999999992,-2.973414262315698,447.4799988,450.43199891999996,470.78049928,1.254141735402813,598.134399,-30.44205638472233
2017-08-10,401,403.600006,375.25,380.200012,377.852722,28114017,-8.616747274128024,2017,08,2017-08,28.350006000000008,-5.187029426433912,443.5375,448.51299928000003,469.95899934,2.2044949904262245,598.134399,-36.435688595131275
2017-08-11,376,379.100006,358.5,374.5,372.187866,14699477,-1.4992140505245473,2017,08,2017-08,20.600006000000008,-0.39893617021276595,439.69750060000007,446.4699994,469.0324994,2.201402421782979,598.134399,-37.38865368283225
2017-08-14,380,381.799988,372.600006,375.399994,373.082306,8216208,0.2403188251001315,2017,08,2017-08,9.199981999999977,-1.210527894736844,435.76000060000007,444.40299928,468.14049943,2.1887396130210406,598.134399,-37.23818683098345
2017-08-16,379.450012,390.700012,375.5,389.25,386.846802,11019760,3.6893996327554572,2017,08,2017-08,15.200012000000015,2.582682221657166,432.4150009,442.62499940000004,467.43649948999996,2.4051967551571054,598.134399,-34.922652726415095
2017-08-17,392.450012,392.450012,384.5,385.299988,382.921173,5971420,-1.0147750802825988,2017,08,2017-08,7.950012000000015,-1.8218941983367887,428.65,441.11099916,466.75299943,2.3704695186207903,598.134399,-35.583041429456394
2017-08-18,381.75,383,377,380.399994,378.051422,5856198,-1.2717347917488107,2017,08,2017-08,6,-0.3536361493123792,424.6625,439.55899904,465.9699994,2.365104260900521,598.134399,-36.40225430338442
2017-08-21,382,382.549988,371.299988,374.350006,372.038788,5123101,-1.5904279956429193,2017,08,2017-08,11.25,-2.00261623036649,420.15,437.8299994,465.18874955,2.326548672349256,598.134399,-37.41373065554118
2017-08-22,378.799988,379.950012,372.25,373.600006,371.293457,4163794,-0.20034726538778255,2017,08,2017-08,7.700012000000015,-1.372751363445127,415.6300003,435.9599994,464.49024963999994,2.325123407108304,598.134399,-37.53912053468104
2017-08-23,376,381.149994,373.350006,379.950012,377.604248,4448871,1.6996803795554565,2017,08,2017-08,7.799987999999985,1.0505351063829829,411.82250060000007,434.43399963999997,463.83899963999994,2.398259711325082,598.134399,-36.47748522151123
2017-08-24,380.100006,385.950012,380.100006,384.149994,381.778290,5208541,1.1054038340180332,2017,08,2017-08,5.850006000000008,1.0655059026755145,408.1650009,433.12599975999996,463.19824967,2.426636014722122,598.134399,-35.77530490768514
2017-08-28,385.850006,387.399994,378.299988,379.299988,376.958221,4403872,-1.26252924007595,2017,08,2017-08,9.100006000000008,-1.6975555003619782,404.86000060000003,431.67299928,462.56299957999994,2.393664774960142,598.134399,-36.58616046257524
2017-08-29,379,382.350006,374.450012,376.100006,373.778015,4689547,-0.8436546536352585,2017,08,2017-08,7.899993999999992,-0.7651699208443252,401.3725006,430.22899964,461.74249955,2.3848373342423157,598.134399,-37.12115427088152
2017-08-30,380.850006,382.75,377.450012,378.5,376.163177,3734824,0.6381265519043869,2017,08,2017-08,5.299987999999985,-0.6170423954253548,398.0675003,428.68399963999997,460.96749955,2.4045204753182885,598.134399,-36.719907660753016
2017-08-31,380.049988,380.450012,375.799988,376.549988,374.225220,4685511,-0.515194715984152,2017,08,2017-08,4.65002400000003,-0.9209314854655383,394.55,427.16799928,460.18174942999997,2.3863703031869328,598.134399,-37.04592335275471
2017-09-01,379.350006,392.850006,378.649994,390.850006,388.436951,7380325,3.7976413373302305,2017,09,2017-09,14.200012000000015,3.0315012041939973,392.075,425.63699952,459.59949952000005,2.593228609446719,598.134399,-34.655153314464364
2017-09-04,393,396.049988,380.5,383.399994,381.032928,8433560,-1.9061051261695554,2017,09,2017-09,15.549987999999985,-2.4427496183206125,389.6724991,424.15899964,459.22949952000005,2.589947261100254,598.134399,-35.900694786825
2017-09-05,385.700012,389.5,383.399994,388.149994,385.753601,4477993,1.2389149906976786,2017,09,2017-09,6.100006000000008,0.6352040248316033,387.2999985,422.86799928,458.87799943,2.599216527261258,598.134399,-35.106558885605914
2017-09-06,385,386.700012,381.850006,382.700012,380.337280,5953907,-1.4040917388240324,2017,09,2017-09,4.850006000000008,-0.5973994805194766,384.9349991,421.65899964,458.42724946000004,2.6011351227162356,598.134399,-36.01772233133176
2017-09-07,383.700012,384.399994,376,378.149994,375.815338,7938665,-1.1889254918549683,2017,09,2017-09,8.399993999999992,-1.4464471791572482,382.34249880000004,420.37599975999996,457.96174943,2.601538364211239,598.134399,-36.77842394080398
2017-09-08,381,381.799988,374.049988,375.049988,372.734467,7471355,-0.8197821100586894,2017,09,2017-09,7.75,-1.5616829396325498,380.29249880000003,419.02699952,457.55224931,2.5276440872976544,598.134399,-37.29670311103442
2017-09-11,380,380,374.200012,375.299988,372.982941,5402725,0.06665778109556958,2017,09,2017-09,5.799987999999985,-1.2368452631578988,380.0474976,417.82099916,457.10449922,1.6514829505434832,598.134399,-37.25490648465447
2017-09-12,378.700012,390,375.5,388.25,385.852997,9266823,3.4505761828055306,2017,09,2017-09,14.5,2.5217818054888217,380.7349976,416.93499940000004,456.68824922,1.788404600390022,598.134399,-35.0898392319349
2017-09-13,391,393.950012,387.200012,389.649994,387.244354,6537279,0.3605908564069523,2017,09,2017-09,6.75,-0.34527007672634463,381.4474976,416.12299928,456.37174913,1.7887655620325338,598.134399,-34.8557791273262
2017-09-14,390.75,406.600006,390.25,404.399994,401.903259,11476571,3.7854485376945752,2017,09,2017-09,16.350006000000008,3.4932806142034525,382.2049973,415.67299928,456.13199907,1.798723963261384,598.134399,-32.389778170909054
2017-09-15,402.850006,406.75,400,401.75,399.269623,9675506,-0.6552903163495083,2017,09,2017-09,6.75,-0.2730559721029289,383.0274979,415.07299928,455.86724901,1.7876420967159767,598.134399,-32.8328214074175
2017-09-18,411.850006,413,403.200012,404.950012,402.449921,8966503,0.7965182327318021,2017,09,2017-09,9.799987999999985,-1.6753657641078175,384.2549988,414.42999940000004,455.59274904,1.7560911565140556,598.134399,-32.29782258351605
2017-09-19,415,427.700012,414,423.649994,421.034424,28208471,4.617849474221025,2017,09,2017-09,13.700012000000015,2.084335903614456,386.7199982,414.16599916,455.41449907000003,1.9384311254103743,598.134399,-29.171437939652762
2017-09-20,422.75,422.75,413,414.799988,412.239075,5179160,-2.088989997719676,2017,09,2017-09,9.75,-1.8805468953282118,388.7799973,413.52299868,455.24749895,2.0254742135923665,598.134399,-30.651039516622085
2017-09-21,415.399994,418.450012,408.799988,413.649994,411.096191,6946502,-0.27724060589895494,2017,09,2017-09,9.65002400000003,-0.4212806993925956,390.4649964,412.65699831999996,455.15124895,2.014296058829496,598.134399,-30.843302994850834
2017-09-22,414,422.149994,408.850006,411.799988,409.257568,9781308,-0.4472394601316028,2017,09,2017-09,13.299987999999985,-0.5314038647343031,391.8474961,411.67299808,455.01374895000004,2.0174133219336152,598.134399,-31.15259903318151
2017-09-25,413.649994,415.299988,404.600006,408.200012,405.679840,6957357,-0.8742049793357376,2017,09,2017-09,10.699981999999977,-1.3175346498373157,393.29249730000004,410.65599856,454.84924897999997,2.0027182948152413,598.134399,-31.754466440576678
2017-09-26,409.399994,413.899994,403.299988,411.25,408.710968,5077291,0.7471797918516437,2017,09,2017-09,10.600006000000008,0.4518822733544074,395.04999699999996,409.85499880000003,454.67874895,1.9827777861947704,598.134399,-31.244549604979333
2017-09-27,413.5,414.25,402,404.899994,402.400208,4727360,-1.5440744072948347,2017,09,2017-09,12.25,-2.0798079806529643,396.3699967,408.8699988,454.39549897999996,2.032239509325852,598.134399,-32.30618491814914
2017-09-28,406.950012,406.950012,399,401.399994,398.921783,4850748,-0.8644109784797873,2017,09,2017-09,7.950012000000015,-1.363808290046204,397.61249699999996,407.77499880000005,454.08199892,2.0416064742392446,598.134399,-32.89133768746847
2017-09-29,401.399994,405,397.399994,401.5,399.021179,7520906,0.024914300322587346,2017,09,2017-09,7.600006000000008,0.024914300322587346,398.1449967,406.59299868,453.81749895,1.8725709552794505,598.134399,-32.874618033797454
2017-10-03,428,428,415,416,413.431671,9696920,3.61145703611457,2017,10,2017-10,13,-2.803738317757009,399.774997,405.70999880000005,453.54424897999996,1.958057109488316,598.134399,-30.450413703760255
2017-10-04,417.549988,426,412.700012,423.549988,420.935059,7663143,1.8149009615384577,2017,10,2017-10,13.299987999999985,1.436953699541239,401.5449967,404.88899844,453.30024889,1.9747948460625624,598.134399,-29.188157593323776
2017-10-05,423,425.799988,420.100006,423.299988,420.686584,4606192,-0.05902491018368297,2017,10,2017-10,5.699981999999977,0.07091914893616663,403.5749955,404.0749982,453.10074877,1.9305361308934526,598.134399,-29.22995421970373
2017-10-06,422,426,416.200012,424.850006,422.227020,5308695,0.3661748272952993,2017,10,2017-10,9.799987999999985,0.6753568720379165,405.9099961,403.4499982,452.85924883,1.8888299669644883,598.134399,-28.970812126790925
2017-10-09,424,432.100006,423.049988,425.600006,422.972412,4414381,0.17653289146946605,2017,10,2017-10,9.050018000000023,0.37735990566037914,408.437497,402.81599856,452.62824892,1.8623500803654924,598.134399,-28.84542224765107
2017-10-10,425.600006,428.899994,421.399994,423.600006,420.984741,5057869,-0.46992480540519543,2017,10,2017-10,7.5,-0.46992480540519543,410.8524979,402.3799988,452.38049897999997,1.8750242484525719,598.134399,-29.17979525869068
2017-10-11,424.899994,424.899994,414.100006,415.5,412.934753,4320451,-1.9121826924620031,2017,10,2017-10,10.799987999999985,-2.212283862729354,412.21499789999996,401.77299868,452.11549898,1.8324402062551202,598.134399,-30.534006956520155
2017-10-12,415.5,421.799988,409.350006,420.149994,417.556030,5442846,1.119132129963897,2017,10,2017-10,12.449981999999977,1.119132129963897,413.7399979,401.28399844,451.86824892,1.8403849859928219,598.134399,-29.756590708972087
2017-10-13,421,429.299988,418.899994,424.799988,422.177338,6969434,1.106746177889983,2017,10,2017-10,10.399993999999992,0.9026099762470272,414.7599976,400.84199831999996,451.66399889,1.6701290680845748,598.134399,-28.979174461424016
2017-10-16,426.299988,438,425.850006,437.049988,434.351715,8476709,2.8837100626283445,2017,10,2017-10,12.149993999999992,2.521698405489986,416.524997,400.77599796000004,451.55999879999996,1.7535095422434162,598.134399,-26.931139768806382
2017-10-17,435.75,435.75,430.200012,432.299988,429.631012,5135763,-1.0868322000731871,2017,10,2017-10,5.549987999999985,-0.7917411359724646,417.89249579999995,400.79299748,451.38674868000004,1.783466258443751,598.134399,-27.72527567002546
2017-10-18,432.25,437.299988,426.600006,433.200012,430.525482,5539785,0.20819431528645577,2017,10,2017-10,10.699981999999977,0.2197829959514205,418.36999670000006,400.7449976,451.23599871,1.4725384559133188,598.134399,-27.5748038025815
2017-10-19,433,433.100006,424.25,426.950012,424.314087,1313380,-1.442751575916392,2017,10,2017-10,8.850006000000008,-1.3972258660508048,418.9774979,400.68399784,451.01624879999997,1.4278884855096592,598.134399,-28.619719462080294
2017-10-23,429.100006,430.850006,421,422.75,420.139984,4013418,-0.983724530261874,2017,10,2017-10,9.850006000000008,-1.4798429063643517,419.4324982,400.53899784000004,450.76999879999994,1.4477207545501758,598.134399,-29.321904791501552
2017-10-24,422.75,423.799988,415.049988,416.049988,413.481354,4541742,-1.584863867534007,2017,10,2017-10,8.75,-1.584863867534007,419.64499820000003,400.53899784000004,450.4149988,1.492775765946476,598.134399,-30.44205638472233
2017-10-25,421,424.399994,415.100006,421.950012,419.344940,5666968,1.4181045956429712,2017,10,2017-10,9.299987999999985,0.22565605700712948,420.33249820000003,401.37399784,450.11924883,1.505074149752092,598.134399,-29.455651989679332
2017-10-26,421.700012,422.399994,417,419.399994,416.810669,6207936,-0.6043412554755473,2017,10,2017-10,5.399993999999992,-0.5454156828432869,420.7399979,402.27199772,449.78299883,1.508438064804502,598.134399,-29.88198058811194
2017-10-27,422.049988,434.350006,422.049988,429.899994,427.245819,7414741,2.503576573727848,2017,10,2017-10,12.300018000000023,1.8599706724787322,421.9899979,403.36199772,449.42174883,1.546054518642014,598.134399,-28.126522280153964
2017-10-30,428.25,440.950012,428.25,436.549988,433.854767,7675104,1.5468699913496609,2017,10,2017-10,12.700012000000015,1.9381174547577313,423.74749760000003,404.30799748,449.11574877,1.5435635089739967,598.134399,-27.014733021566283
2017-10-31,438.850006,438.850006,427.299988,428.399994,425.755127,6214996,-1.8669096836626171,2017,10,2017-10,11.550018000000023,-2.3812263545918726,425.0924973,405.1699976,448.75699877,1.6255989104436288,598.134399,-28.377302038433676
2017-11-01,430.950012,439.950012,428.450012,437.75,435.047394,7310931,2.182541113667711,2017,11,2017-11,11.5,1.5779064417336608,426.1799973,406.31699772,448.36449877,1.5007264871098074,598.134399,-26.814107208704446
2017-11-02,435.700012,440.399994,429.899994,434.899994,432.214966,8262211,-0.6510579097658499,2017,11,2017-11,10.5,-0.18361670368740377,426.74749760000003,407.52799747999995,447.94274874,1.4676918694190926,598.134399,-27.290589752554933
2017-11-03,434,449.350006,432.649994,447.700012,444.935974,8116263,2.9432095140475036,2017,11,2017-11,16.700012000000015,3.1566847926267316,427.9674988,409.00999759999996,447.58999879999993,1.5940839507013014,598.134399,-25.1505994725443
2017-11-06,445.75,468,443.549988,462.899994,460.042114,19456789,3.3951265563066317,2017,11,2017-11,24.450012000000015,3.8474467750981476,429.8699982,410.66899724,447.33024889,1.738759961232772,598.134399,-22.609367598000333
2017-11-07,458.200012,465.899994,450.049988,451.850006,449.060333,13266543,-2.3871220875410044,2017,11,2017-11,15.850006000000008,-1.3858589772363443,431.1824982,412.02299747999996,446.95749879999994,1.8504314054017599,598.134399,-24.456776477756133
2017-11-08,448,455,431.299988,438.200012,435.494629,11193613,-3.0209126521512077,2017,11,2017-11,23.700012000000015,-2.1874973214285682,431.9124985,413.20099796,446.52999879999993,1.990095541150888,598.134399,-26.73887127498247
2017-11-09,442.100006,450.899994,425.649994,440.149994,437.432556,40547266,0.44499816216344085,2017,11,2017-11,25.25,-0.44107938781616196,433.14499820000003,414.48199772,446.11849871,1.927980338100829,598.134399,-26.412860598575943
2017-11-10,438.950012,438.950012,420,422.549988,419.941193,22534490,-3.9986382460339205,2017,11,2017-11,18.950012000000015,-3.7361939974158216,433.26499789999997,415.36299748,445.57399859,2.1421348623098857,598.134399,-29.355344098843585
2017-11-13,423,427.5,416.100006,418.100006,415.518707,9857544,-1.0531255771802264,2017,11,2017-11,11.399993999999992,-1.1583910165484614,432.92999879999996,416.19399784,445.04849856,2.1405151145477332,598.134399,-30.09932103904962
2017-11-14,418.549988,421.850006,410.649994,414.299988,411.742157,8987515,-0.908877767392336,2017,11,2017-11,11.200012000000015,-1.0154103743517489,431.7924988,416.66299748,444.45649844,2.031433742134524,598.134399,-30.734632769381992
2017-11-15,414.299988,417.549988,407,408.649994,406.127045,9867270,-1.3637446689957404,2017,11,2017-11,10.549987999999985,-1.3637446689957404,430.6099991,417.16799748,443.79199846999995,2.038388468554215,598.134399,-31.679235522449865
2017-11-16,411.350006,415.899994,411.350006,413.450012,410.897430,6291441,1.174603712339715,2017,11,2017-11,4.549987999999985,0.5105156118558577,429.6224991,417.67399784,443.11474841,2.0614248278644784,598.134399,-30.876737286597688
2017-11-17,419.450012,423.450012,417,421.799988,419.195831,6191428,2.0195853809770767,2017,11,2017-11,6.450012000000015,0.5602517422266684,429.3649979,418.45599735999997,442.51399829,2.09776458456949,598.134399,-29.480733977983437
2017-11-20,421,425.700012,420.100006,423,420.388458,4051153,0.28449787438116647,2017,11,2017-11,5.600006000000008,0.4750593824228029,429.3774979,419.35299748,441.96749835,2.0868674641919047,598.134399,-29.280108165121604
2017-11-21,424.450012,430,422.5,424.25,421.630737,6745407,0.29550827423167847,2017,11,2017-11,7.5,-0.04712262795271523,429.7874985,420.33699772,441.47099841000005,2.052661979050934,598.134399,-29.071125033221847
2017-11-22,425.450012,433,424.5,428.600006,425.953857,7899417,1.0253402474955824,2017,11,2017-11,8.5,0.7403910944066426,430.1199982,421.40299808000003,440.90274844,2.0414139072514472,598.134399,-28.343862731091647
2017-11-23,428.600006,431.049988,422.450012,426.25,423.618378,7374216,-0.5482981724456643,2017,11,2017-11,8.59997599999997,-0.5482981724456643,430.46249850000004,422.16299808,440.37649844,2.040437244185498,598.134399,-28.736752022182227
2017-11-24,427,429.950012,424.25,425.5,422.873016,5108182,-0.17595307917888564,2017,11,2017-11,5.700012000000015,-0.351288056206089,430.24249879999996,422.8799982,439.89099856,1.9607849599281046,598.134399,-28.862141901322087
2017-11-27,423,424.75,417.799988,421.399994,418.798309,7946028,-0.9635736780258537,2017,11,2017-11,6.950012000000015,-0.3782520094562666,429.4849991,423.21999819999996,439.36874865,1.934494971688998,598.134399,-29.547607577072327
2017-11-28,419.799988,422.25,414.5,415.950012,413.381989,6217480,-1.293303767821121,2017,11,2017-11,7.75,-0.9170976917702937,428.8625,423.50399844,438.91449876999997,1.911956433039418,598.134399,-30.458771022798174
2017-11-29,415.899994,419.450012,412.049988,413.950012,411.394318,4327453,-0.48082700860698613,2017,11,2017-11,7.40002400000003,-0.4688583861821304,427.67250060000003,423.68399844,438.41899889,1.8335576758725953,598.134399,-30.793144033837788
2017-11-30,410.399994,412.25,402.25,404.149994,401.654816,25646262,-2.367439960359277,2017,11,2017-11,10,-1.522904505695485,426.13500060000007,423.29399844,437.87549898,1.8919091063742686,598.134399,-32.431574797288995
2017-12-01,407.899994,410.25,396.5,398.899994,396.437225,7959197,-1.2990226593941259,2017,12,2017-12,13.75,-2.2064231753825427,423.6949997,422.97599856,437.32224901,1.734656053850714,598.134399,-33.309303951267985
2017-12-04,405.799988,411.25,401.700012,403.649994,401.157928,10043491,1.1907746481440158,2017,12,2017-12,9.549987999999985,-0.5298161812661247,420.73249969999995,422.77599856,436.81399904,1.5277461844984244,598.134399,-32.515168050048906
2017-12-05,404.549988,405.5,396.549988,402.25,399.766571,7144542,-0.3468336481630153,2017,12,2017-12,8.950012000000015,-0.5685299884374202,418.25249940000003,422.58499880000005,436.4149991,1.4743269316785574,598.134399,-32.7492281546576
2017-12-06,400.200012,404,395,397.049988,394.598633,5573968,-1.2927313859540124,2017,12,2017-12,9,-0.7871124201765467,416.1949982,422.36199832,436.21799897999995,1.3700296785619253,598.134399,-33.618599989598664
2017-12-07,398,405.299988,397.149994,402,399.518097,7998863,1.246697430954214,2017,12,2017-12,8.149993999999992,1.0050251256281406,414.2874985,422.17699832,435.99799898,1.4097582102632087,598.134399,-32.79102478103756
2017-12-08,406,413.75,406,411.149994,408.611603,12288946,2.276117910447759,2017,12,2017-12,7.75,1.2684714285714267,413.7174988,422.30199832,435.78899889,1.2678296093779327,598.134399,-31.261269258650348
2017-12-11,412,415.200012,409.049988,410.149994,407.617767,5066242,-0.2432202394729939,2017,12,2017-12,6.15002400000003,-0.4490305825242737,413.3199982,422.47699832,435.56249879999996,1.2495627944777865,598.134399,-31.42845576417016
2017-12-12,411.549988,415.5,405.950012,406.850006,404.338165,6151197,-0.8045807749054813,2017,12,2017-12,9.549987999999985,-1.1420197149902425,412.9474991,422.58399844,435.30349886,1.2461720709508823,598.134399,-31.980169226147453
2017-12-13,407,409.850006,400,401.950012,399.468414,5140689,-1.204373584303202,2017,12,2017-12,9.850006000000008,-1.2407832923832887,412.6125,422.30299868000003,435.01299897999996,1.2380365542499367,598.134399,-32.799382100075476
2017-12-14,404,404.549988,398.200012,402.399994,399.915619,4674026,0.11194974165095366,2017,12,2017-12,6.34997599999997,-0.3960410891089128,412.0599991,421.8799988,434.71324891999996,1.2039012782838838,598.134399,-32.72415118194866
2017-12-15,406.5,409,404.200012,405.100006,402.598938,5614113,0.6709771471815715,2017,12,2017-12,4.799987999999985,-0.3444019680196783,411.225,421.51599916,434.44974901,1.1114756774872039,598.134399,-32.272745610807114
2017-12-18,399,409.899994,389.299988,405.799988,403.294617,5356208,0.17279239437976637,2017,12,2017-12,20.600006000000008,1.7042576441102721,410.36499940000004,421.1349988,434.19499895,1.1092128602547082,598.134399,-32.15571806630035
2017-12-19,407.350006,421.700012,407.350006,420.100006,417.506348,9686883,3.5239079405788507,2017,12,2017-12,14.350006000000008,3.1299864519947986,410.15749969999996,421.02499880000005,434.04824892,1.3857779337085354,598.134399,-29.764948028010007
2017-12-20,421.950012,427.75,419.25,422.600006,419.990906,11191127,0.5950963971183566,2017,12,2017-12,8.5,0.15404526164582558,409.85749969999995,421.0049988,433.85274889,1.3716356427204623,598.134399,-29.34698176421049
2017-12-21,424,426.049988,419.549988,420.799988,418.202026,4885225,-0.42593894331369764,2017,12,2017-12,6.5,-0.7547198113207583,409.5849991,421.11099856,433.65699877,1.3696219157932816,598.134399,-29.64792048350325
2017-12-22,422.049988,426.399994,420.899994,422,419.394623,5345261,0.2851739625049645,2017,12,2017-12,5.5,-0.011844094638378435,409.4099991,421.14799868,433.41299883,1.3713672356767712,598.134399,-29.447294670641412
2017-12-26,422,425.149994,421.149994,424.200012,421.581055,3700655,0.5213298578199088,2017,12,2017-12,4,0.5213298578199088,409.55,421.13599916,433.19624895,1.3584366476705885,598.134399,-29.079482352259767
2017-12-27,423.5,428.450012,420.299988,422.450012,419.841827,3673355,-0.41254124245522183,2017,12,2017-12,8.15002400000003,-0.24793105076741082,409.875,420.84399964,432.99449907,1.3267836278891139,598.134399,-29.372058736919428
2017-12-28,423.5,423.700012,416,418.600006,416.015625,5018893,-0.9113518500740408,2017,12,2017-12,7.700012000000015,-1.1570233766233748,410.10749969999995,420.57,432.74949907,1.339889537565624,598.134399,-30.01572778628972
2017-12-29,418,433.450012,417.149994,431.850006,429.183807,8640908,3.1653129025516544,2017,12,2017-12,16.300018000000023,3.3133985645933035,411.4925003,420.54299987999997,432.56324907000004,1.3818884155240616,598.134399,-27.800506588152274
2018-01-01,430.950012,436.399994,422.25,424.450012,421.829498,6807536,-1.7135565351827258,2018,01,2018-01,14.149993999999992,-1.5082955839435037,412.7700012,420.49299988,432.33674913000004,1.4105917636208978,598.134399,-29.037685725879815
2018-01-02,428.850006,440.850006,422,439.299988,436.587799,15331261,3.498639552400335,2018,01,2018-01,18.850006000000008,2.436745214829256,414.5525009,420.82399963999995,432.16599901,1.5708470363371012,598.134399,-26.554970131386813
2018-01-03,440.399994,441.399994,431.950012,433.899994,431.221130,9794953,-1.2292269855468316,2018,01,2018-01,9.449981999999977,-1.47593099195183,416.13500060000007,421.18099975999996,431.93074892,1.6059796142153104,598.134399,-27.45777625807474
2018-01-04,430,433.299988,425.75,429.950012,427.295532,8395377,-0.910343870620099,2018,01,2018-01,7.549987999999985,-0.011625116279066237,417.7800018,421.34099976,431.69799897999997,1.5870375063076054,598.134399,-28.118159945520876
2018-01-05,431.25,436.350006,429.799988,431.600006,428.935364,7021611,0.3837641479121513,2018,01,2018-01,6.550018000000023,0.08116081159420466,419.2600021,421.585,431.47599901,1.5747944854270806,598.134399,-27.842303214532226
2018-01-08,432,436.200012,431.649994,433.549988,430.873291,4635214,0.4518030521065325,2018,01,2018-01,4.550018000000023,0.35879351851851504,420.3800018,421.65799988,431.27499895,1.5099222888440693,598.134399,-27.516292538125708
2018-01-09,434.25,443.5,433,437.549988,434.848602,12629045,0.9226156408058763,2018,01,2018-01,10.5,0.7599281519861796,421.75000150000005,421.67799988,431.16324891999994,1.5113143481856457,598.134399,-26.847546516046478
2018-01-10,438,439.299988,431.299988,433.299988,430.624847,4702579,-0.9713175903458144,2018,01,2018-01,8,-1.0730621004566243,423.07250060000007,421.77599976,430.96524889,1.5183723763182702,598.134399,-27.558089164505656
2018-01-11,433.5,437.600006,432.899994,434.75,432.065887,4564895,0.3346439049520618,2018,01,2018-01,4.700012000000015,0.28835063437139563,424.7125,421.71599976,430.78699892,1.4751006433508154,598.134399,-27.31566672526387
2018-01-12,437,441.450012,432.100006,437.100006,434.401428,7408870,0.54054192064405,2018,01,2018-01,9.350006000000008,0.022884668192221416,426.44750060000007,421.76,430.64874895,1.4737595920447564,598.134399,-26.92277743417329
2018-01-15,438.049988,440.049988,431.049988,432.350006,429.680725,4042775,-1.0867078322574995,2018,01,2018-01,9,-1.3012172482926716,427.8100006000001,421.45299988,430.44849901000003,1.5102511602114435,598.134399,-27.716913335392373
2018-01-16,433,435.200012,419.5,421.899994,419.295227,5623745,-2.417025987042548,2018,01,2018-01,15.700012000000015,-2.563511778290995,428.6150009,420.63299988,430.21274904,1.6312291272053656,598.134399,-29.464014324312426
2018-01-17,422.049988,424.5,410.100006,422.950012,420.338776,10204447,0.24887841074489866,2018,01,2018-01,14.399993999999992,0.21325056879282042,428.75750120000004,420.055,429.98549913000005,1.4331126134091126,598.134399,-29.288465484159527
2018-01-18,424,428.299988,414.450012,418.950012,416.363464,9579830,-0.9457382401020006,2018,01,2018-01,13.84997599999997,-1.1910349056603737,428.57500150000004,419.67,429.75099916,1.4432787254588073,598.134399,-29.95721150623875
2018-01-19,415.200012,421.950012,415.049988,418.049988,415.468994,3894062,-0.21482849366764792,2018,01,2018-01,6.90002400000003,0.6864103847858196,428.43750150000005,419.22799987999997,429.48924913,1.4410281691520415,598.134399,-30.107683373682715
2018-01-22,419.049988,424.399994,418.450012,421.899994,419.295227,4643782,0.9209439326667336,2018,01,2018-01,5.949981999999977,0.6801112233894177,428.43250120000005,419.215,429.2312491,1.455127525078451,598.134399,-29.464014324312426
2018-01-23,422.799988,422.799988,414.75,418,415.419312,6185011,-0.9243882568057095,2018,01,2018-01,8.049987999999985,-1.1352857465076336,428.1225006000001,419.21299988,428.95524903999996,1.4642071807729558,598.134399,-30.116040692720635
2018-01-24,416,416.25,402.649994,403.600006,401.108246,10789570,-3.444974641148323,2018,01,2018-01,13.600006000000008,-2.9807677884615367,427.1800003,418.99900024000004,428.63174913,1.6477567588846311,598.134399,-32.523525369086826
2018-01-25,403.450012,407.649994,398,400.299988,397.828583,16312167,-0.817645676645511,2018,01,2018-01,9.649993999999992,-0.7807718196325224,426.2649994,418.83200012000003,428.2587491,1.6458049218143076,598.134399,-33.07524384665929
2018-01-29,402.5,405.899994,398.100006,399.25,396.785065,5789602,-0.26230028265701194,2018,01,2018-01,7.799987999999985,-0.8074534161490683,424.6349991,418.54799987999996,427.8937491,1.4415712023758842,598.134399,-33.25078767121702
2018-01-30,400,402.299988,395,395.850006,393.406067,6963005,-0.8515952410770176,2018,01,2018-01,7.299987999999985,-1.037498499999998,423.2049988,418.02900024,427.55024918999993,1.4122476603299503,598.134399,-33.81922078686533
2018-01-31,395.5,400.950012,395.25,399.5,397.033539,5111454,0.9220649096061887,2018,01,2018-01,5.700012000000015,1.0113780025284451,421.2149994,417.55900024000005,427.28099915999996,1.1338517135050008,598.134399,-33.20899104483706
2018-02-01,399.899994,403.799988,390.549988,393.649994,391.219666,7259426,-1.464331914893619,2018,02,2018-02,13.25,-1.5628907461298938,419.2024994,416.94700012,427.00324907000004,1.1433431340939946,598.134399,-34.187033105246975
2018-02-02,392,397.399994,381.299988,383.75,381.380768,10070356,-2.5149229393866044,2018,02,2018-02,16.100006000000008,-2.1045918367346936,416.8924988,416.05,426.70349901000003,1.228320943104997,598.134399,-35.84217850677403
2018-02-05,381,398,380,395.799988,393.356354,9876017,3.1400620195439704,2018,02,2018-02,18,3.8845112860892352,415.1024979,415.44099975999995,426.46724901,1.4704809647077195,598.134399,-33.82758312149842
2018-02-06,363,379.850006,356.5,375.450012,373.132019,25294860,-5.141479690999882,2018,02,2018-02,23.350006000000008,3.4297553719008307,412.1974991,414.44,426.12474901,1.7922775622144302,598.134399,-37.22982449635036
2018-02-07,380.399994,385.399994,375.200012,377.799988,375.467499,12706795,0.6259091556507846,2018,02,2018-02,10.199981999999977,-0.6834926501076674,409.2099991,413.56799988,425.81074892,1.7793087666190186,598.134399,-36.836940220854956
2018-02-08,379.899994,380,372.200012,374.850006,372.535736,12452396,-0.7808316817627791,2018,02,2018-02,7.799987999999985,-1.3292940457377278,406.2875,412.74599975999996,425.46574891999995,1.7783809331753675,598.134399,-37.330137402781276
2018-02-09,369.899994,373.200012,368,368.75,366.473389,8816777,-1.6273191682968806,2018,02,2018-02,5.200012000000015,-0.31089321942513803,402.9875,411.84199952,425.08124895000003,1.7720173952307041,598.134399,-38.349976089571136
2018-02-12,373.399994,376.200012,370.200012,371.799988,369.504517,6002369,0.8271153898305043,2018,02,2018-02,6,-0.42849652536416694,399.7224991,411.19499940000003,424.68624895,1.7845824393962806,598.134399,-37.8400592539738
2018-02-14,372.899994,382.299988,370.600006,376.850006,374.523376,9623436,1.3582620126389091,2018,02,2018-02,11.699981999999977,1.0592684536219155,396.9474991,410.75399963999996,424.29374895,1.8459099072438483,598.134399,-36.995764391741666
2018-02-15,379.799988,382.200012,373.100006,375.799988,373.479828,10225880,-0.27863021979095387,2018,02,2018-02,9.100006000000008,-1.0531859205851266,394.6424988,410.19699952,423.87824892,1.8006585211795836,598.134399,-37.171313231894565
2018-02-16,378,379.399994,367.600006,370.75,368.461029,8545282,-1.343796743282489,2018,02,2018-02,11.799987999999985,-1.917989417989418,392.0324982,409.56699952,423.47574891999994,1.7981594712286428,598.134399,-38.01560307853153
2018-02-19,373.700012,374.700012,362.799988,368.75,366.473389,5658765,-0.5394470667565745,2018,02,2018-02,11.90002400000003,-1.3245950872487569,389.5224976,409.00099975999996,423.08649889000003,1.7968291107752377,598.134399,-38.349976089571136
2018-02-20,370.350006,370.899994,366.5,369.299988,367.019958,3972114,0.14914928813558911,2018,02,2018-02,4.399993999999992,-0.2835204490316716,387.0849976,408.34699952000005,422.75049882999997,1.8029879669775253,598.134399,-38.258025517773305
2018-02-21,372.5,372.5,362.850006,364.450012,362.199921,8640166,-1.3132889676671125,2018,02,2018-02,9.649993999999992,-2.1610706040268415,384.2124985,407.41299988,422.47474886,1.7725941158376264,598.134399,-39.06887605706824
2018-02-22,363,363,357.5,358.5,356.286652,10870704,-1.6326003029463516,2018,02,2018-02,5.5,-1.2396694214876034,381.2374985,406.38,422.15399889,1.784052511778033,598.134399,-40.06363777114916
2018-02-23,360.100006,364.600006,358.75,360.200012,357.976196,6751064,0.4742013947001437,2018,02,2018-02,5.850006000000008,0.027771729612247654,379.0674988,405.44700012,421.82099901000004,1.6848883188703827,598.134399,-39.77941870552742
2018-02-26,362,373.5,362,372.049988,369.752991,10576794,3.2898322057801512,2018,02,2018-02,11.5,2.7762397790055204,377.65499880000004,404.84899964,421.51974901,1.8889787088299086,598.134399,-37.79826262759384
2018-02-27,375,376.600006,370.350006,372.549988,370.249908,6156672,0.13439054324065722,2018,02,2018-02,6.25,-0.6533365333333374,376.3199982,404.25199952,421.24524889,1.8920083357341728,598.134399,-37.71466937483394
2018-02-28,370,373.649994,367.149994,369.899994,367.616272,8009429,-0.7113123299845583,2018,02,2018-02,6.5,-0.0270286486486507,375.0224976,403.54799928,420.94049883,1.8902256828763806,598.134399,-38.15771261134239
2018-03-01,369.75,376.299988,369.049988,370.75,368.461029,6991806,0.2297934614186578,2018,03,2018-03,7.25,0.2704530087897228,373.5849976,402.84699952000005,420.63474885999995,1.872513478191422,598.134399,-38.01560307853153
2018-03-05,368.75,368.75,350.100006,352.049988,349.876465,14665325,-5.043833310856376,2018,03,2018-03,18.649993999999992,-4.5288168135593265,371.5049973,401.48599916,420.20874879999997,2.136485528453515,598.134399,-41.14199273798999
2018-03-06,355.149994,357.950012,345,346.5,344.360748,8876632,-1.5764772586783855,2018,03,2018-03,12.950012000000015,-2.4355889472435113,369.6424973,399.96399904,419.69574876999997,2.100717499987561,598.134399,-42.069875837386846
2018-03-07,345,355.299988,343.25,347.799988,345.652710,15599393,0.3751769119769076,2018,03,2018-03,12.049987999999985,0.8115907246376768,367.2424973,398.50399904,419.24499864999996,1.9337336923194852,598.134399,-41.85253538644916
2018-03-08,350.799988,351.899994,341.049988,345.149994,343.019073,7674221,-0.7619304460700536,2018,03,2018-03,10.850006000000008,-1.610602677671697,365.7274964,396.96699892,418.75399859,1.6176552708350782,598.134399,-42.29557862295762
2018-03-09,345.549988,348.700012,340.149994,341.5,339.391632,5519224,-1.0575095070116074,2018,03,2018-03,8.550018000000023,-1.1720411346100192,363.912497,395.31299868,418.21324862,1.604811520982784,598.134399,-42.90580836498588
2018-03-12,345,353.799988,340.350006,352.600006,350.423096,8238960,3.2503677891654488,2018,03,2018-03,13.449981999999977,2.2029002898550747,362.79999699999996,393.91599856,417.72374865,1.8069738148393835,598.134399,-41.050037150596985
2018-03-13,352.600006,356.450012,350,353.149994,350.969666,6184241,0.15598071203662564,2018,03,2018-03,6.450012000000015,0.15598071203662564,362.0199967,392.60699832,417.14174868000003,1.7813214937173507,598.134399,-40.95808657879916
2018-03-14,351,354.899994,349.600006,354.049988,351.864136,3820313,0.25484751955000523,2018,03,2018-03,5.299987999999985,0.8689424501424459,361.1324967,391.05099796,416.53199862,1.7684922468072182,598.134399,-40.807619726950364
2018-03-15,354.049988,358.399994,351.100006,353.100006,350.919983,4331145,-0.26831860816218334,2018,03,2018-03,7.299987999999985,-0.26831860816218334,359.9449967,389.62399784,415.89199862000004,1.728590522787661,598.134399,-40.96644389783709
2018-03-16,352.049988,352.600006,338.399994,339.75,337.652405,14205582,-3.7808002756023766,2018,03,2018-03,14.200012000000015,-3.4938186107820535,358.1424973,387.63299808000005,415.18324862000003,1.8945905655827553,598.134399,-43.19838474964554
2018-03-19,341.200012,342.100006,332.549988,335.700012,333.627441,9391347,-1.192049448123616,2018,03,2018-03,9.550018000000023,-1.6119577393215332,356.3899979,385.66899844,414.45524874,1.8912745197592946,598.134399,-43.875488090762694
2018-03-20,335.5,340.399994,333.549988,338.799988,336.708282,5080453,0.92343636853965,2018,03,2018-03,6.850006000000008,0.9836029806259269,354.8924973,383.84599796000003,413.76849870999996,1.9168954282737578,598.134399,-43.35721393612742
2018-03-21,339.899994,342.25,332.25,333.850006,331.788849,6812442,-1.4610336999185423,2018,03,2018-03,10,-1.7799317760505713,353.1199982,381.89099796000005,413.05449877,1.9261853877498882,598.134399,-44.184784129093366
2018-03-22,338.5,340.25,334.799988,338.200012,336.112030,9255091,1.3029821542073021,2018,03,2018-03,5.450012000000015,-0.08862274741506199,351.8074982,379.98399844,412.35174883,1.9556274782791756,598.134399,-43.45752182696317
2018-03-23,330,334.799988,329.600006,330.850006,328.807373,8578297,-2.173271951273617,2018,03,2018-03,5.199981999999977,0.25757757575757806,350.4249985,377.84999880000004,411.61524889,1.9778325459955932,598.134399,-44.68634364565279
2018-03-26,328.799988,333.899994,324.299988,332.350006,330.298096,8907023,0.45337765537172153,2018,03,2018-03,9.600006000000008,1.0796892121541144,349.0324982,375.83099916,410.97199892,1.9773636442473936,598.134399,-44.43556388737308
2018-03-27,333.950012,335.799988,330.100006,331.149994,329.105499,6822448,-0.3610687463023591,2018,03,2018-03,5.699981999999977,-0.838454229491096,346.9874985,373.75899904,410.33774889,1.7790452104572911,598.134399,-44.636189700234915
2018-03-28,331.5,333.649994,325.200012,326.850006,324.832092,10975624,-1.298501608911394,2018,03,2018-03,8.449981999999977,-1.4027131221719435,344.7024994,371.55399904,409.66799898,1.778234112795108,598.134399,-45.35508966773202
2018-04-02,335,340.799988,332.700012,339.149994,337.056122,9874486,3.7631903852557933,2018,04,2018-04,8.09997599999997,1.2388041791044753,343.16499940000006,369.6899988,409.02824891999995,2.0317917128611764,598.134399,-43.29869765607646
2018-04-03,338.399994,344.5,337.149994,343.100006,340.981750,6989584,1.1646799557366394,2018,04,2018-04,7.350006000000008,1.3888924596139371,341.7824997,368.11399903999995,408.46249895,2.057951090786677,598.134399,-42.63830895303515
2018-04-04,346.799988,363.700012,346.25,355.600006,353.404572,27157199,3.6432526322952032,2018,04,2018-04,17.450012000000015,2.5374908605821584,341.9600006,366.76699892,407.99274904,1.931676985390369,598.134399,-40.54847763403757
2018-04-05,362.600006,372.350006,359.799988,362.200012,359.963837,28886070,1.856019653722955,2018,04,2018-04,12.550018000000023,-0.11031273948737673,342.74500120000005,365.63199891999994,407.54399903999996,1.930380520982712,598.134399,-39.4450456944878
2018-04-06,362,368.350006,356.450012,364.100006,361.852112,13297051,0.5245703857127405,2018,04,2018-04,11.899993999999992,0.5801121546961348,343.5600021,364.55299928,407.12299913000004,1.931222256241554,598.134399,-39.127392337119204
2018-04-09,361.899994,368.600006,357,358.299988,356.087891,9555113,-1.5929738820163661,2018,04,2018-04,11.600006000000008,-0.9947516053288488,344.2175018,363.28099915999996,406.63574907000003,1.9627538708026908,598.134399,-40.09707707849119
2018-04-10,360.5,362.350006,351.5,353.25,351.069061,8201215,-1.4094301337235837,2018,04,2018-04,10.850006000000008,-2.0110957004160888,344.8050018,361.98599916,406.14024903999996,1.9762027247269884,598.134399,-40.94136692512815
2018-04-11,355,357.149994,350.5,355.799988,353.603302,5622957,0.7218649681528619,2018,04,2018-04,6.649993999999992,0.2253487323943619,344.9650009,361.02999880000004,405.58224901,1.8465931172461247,598.134399,-40.51504334229071
2018-04-12,358,364.399994,357,358.399994,356.187256,13145938,0.7307493220039141,2018,04,2018-04,7.399993999999992,0.11173016759776323,345.2275009,360.19199891999995,405.08774904,1.852606319736861,598.134399,-40.08035742482017
2018-04-13,357.899994,361,354.399994,357.049988,354.845581,5935628,-0.3766757875559584,2018,04,2018-04,6.600006000000008,-0.23749818783176832,345.3775009,359.34799868000005,404.60949891999996,1.8550304296403946,598.134399,-40.306060210390946
2018-04-16,350.799988,352.799988,337.549988,339.149994,337.056122,19157051,-5.013301946953151,2018,04,2018-04,15.25,-3.320979018961652,344.6800003,358.21399844,404.08949892,2.174883432226605,598.134399,-43.29869765607646
2018-04-17,342.299988,344.200012,332.600006,336.450012,334.372803,14241074,-0.7961026235489119,2018,04,2018-04,11.600006000000008,-1.7090202176694116,344.5150009,356.95299868,403.56024904,2.010932923403412,598.134399,-43.750098211622834
2018-04-18,338.200012,339.75,333.399994,334.799988,332.732971,6699271,-0.49042173908438746,2018,04,2018-04,6.350006000000008,-1.0053293552219125,344.4699997,355.77599856,403.02174898,1.995646668378231,598.134399,-44.025959958206656
2018-04-19,336.5,337,332.5,334.25,332.186401,7087115,-0.1642736020647602,2018,04,2018-04,4.5,-0.6686478454680534,344.2425003,354.78599856,402.51499895,1.9841041068118705,598.134399,-44.11791053000448
2018-04-20,335.950012,343.25,334.600006,336,333.925568,11908652,0.5235602094240838,2018,04,2018-04,8.649993999999992,0.014879594646356143,344.35,353.58999880000005,402.03224901,1.959229812659742,598.134399,-43.82533414534482
2018-04-23,335.950012,339.5,333,334.049988,331.987610,8056732,-0.5803607142857189,2018,04,2018-04,6.5,-0.565567474961135,344.1424988,352.76199832,401.55124895,1.9410338829021752,598.134399,-44.15134983734651
2018-04-24,334.799988,335,330.600006,331.549988,329.503052,9210931,-0.7483909863214844,2018,04,2018-04,4.399993999999992,-0.9707288281025865,344.17749790000005,351.83699831999996,401.07449892,1.8840716798213528,598.134399,-44.56931610114603
2018-04-25,330.799988,334,327.75,328.600006,326.571259,6306039,-0.8897548203198781,2018,04,2018-04,6.25,-0.6650489963137415,343.98999790000005,350.91199832,400.55874895,1.8920129687737732,598.134399,-45.062513283072356
2018-04-26,329.899994,335.950012,326,330.25,328.211090,16647689,0.5021284144468312,2018,04,2018-04,9.950012000000015,0.106094576042947,343.9449982,350.14199831999997,400.02449892,1.8941396969253446,598.134399,-44.786656552083706
2018-04-27,333,337.649994,331.049988,336.899994,334.820038,8804236,2.01362422407267,2018,04,2018-04,6.600006000000008,1.171169369369367,344.4474976,349.44399844,399.52474886,1.918942662663842,598.134399,-43.67486729349603
2018-04-30,338.5,342.75,337.25,340.399994,338.298401,5937740,1.0388839603244397,2018,04,2018-04,5.5,0.561298079763661,344.5099976,348.71499819999997,398.99199877,1.7386082080315672,598.134399,-43.089714524176706
2018-05-02,349.200012,351.649994,335,336.049988,333.975250,16022148,-1.2779101282827894,2018,05,2018-05,16.649993999999992,-3.7657570298136274,344.1574967,347.91999819999995,398.38749865,1.7407093294672993,598.134399,-43.8169768263069
2018-05-03,335.5,335.899994,329.149994,333.5,331.441010,6870513,-0.7588121086318815,2018,05,2018-05,6.75,-0.5961251862891207,343.0524964,347.17499819999995,397.74999864999995,1.5064626484573749,598.134399,-44.24330040914434
2018-05-04,333.75,337.299988,329.5,334.399994,332.335449,6660062,0.2698632683658148,2018,05,2018-05,7.799987999999985,0.19475475655430483,341.66249550000003,346.48799808,397.12674868,1.426073575616462,598.134399,-44.09283355729555
2018-05-07,337.850006,337.850006,333.700012,335.149994,333.080811,3888627,0.22428230067492166,2018,05,2018-05,4.149993999999992,-0.79917476751503,340.2149949,345.8049982,396.54599871,1.4175076717078638,598.134399,-43.96744367815569
2018-05-08,336.299988,336.600006,330.25,332.149994,330.099335,8114997,-0.8951216033738018,2018,05,2018-05,6.350006000000008,-1.2340155064174407,338.90749519999997,345.15899784,395.93599871,1.395103592973952,598.134399,-44.469003194715114
2018-05-09,331,347.25,331,341.950012,339.838867,19019847,2.95047965588704,2018,05,2018-05,16.25,3.3081607250755334,338.3424958,344.82799808000004,395.36499879999997,1.5553652093519823,598.134399,-42.830572431263896
2018-05-10,343.75,343.75,332.75,333.600006,331.540375,11158000,-2.4418791364159995,2018,05,2018-05,11,-2.952725527272725,337.2324967,344.29599796,394.7299988,1.6214222401914125,598.134399,-44.22658075547332
2018-05-11,334,334,330,330.799988,328.757690,7365579,-0.83933391775779,2018,05,2018-05,4,-0.9580874251497052,335.8524964,343.47099796000003,394.08324877,1.6063721429793691,598.134399,-44.69470598028588
2018-05-14,333,333,323,323.600006,321.602112,8312976,-2.1765363546506467,2018,05,2018-05,10,-2.8228210210210185,334.1799973,342.49199832,393.37824876999997,1.6554033330011404,598.134399,-45.89844581067139
2018-05-15,324,324.049988,305.700012,310.100006,308.185486,15323964,-4.171816980745049,2018,05,2018-05,18.34997599999997,-4.290121604938269,332.7274979,341.29599856,392.60874879999994,1.540776720362176,598.134399,-48.15546363518879
2018-05-16,309.950012,315.75,306.700012,310.25,308.334534,12051269,0.04836955727114446,2018,05,2018-05,9.049987999999985,0.0967859294678733,331.41749730000004,340.08599856,391.87949877,1.5419421453787026,598.134399,-48.13038666247985
2018-05-17,313.100006,319.5,309.299988,314.899994,312.955811,10214660,1.498789363416597,2018,05,2018-05,10.200012000000015,0.5748923556392346,330.4224976,339.34299868,391.1674988,1.5984587047318954,598.134399,-47.35297041493178
2018-05-18,314.75,315,303.5,304.600006,302.719452,11688577,-3.270875895920146,2018,05,2018-05,11.5,-3.2247796664019037,328.93999790000004,338.5049988,390.46349885999996,1.7306911543651142,598.134399,-49.074989415547726
2018-05-21,304.75,307.200012,294.700012,295.899994,294.073151,11549490,-2.856208742162669,2018,05,2018-05,12.5,-2.9040216570959827,326.9349976,337.46699892,389.71374879999996,1.7945518409871875,598.134399,-50.52951401980812
2018-05-22,296.549988,312.5,296.549988,307.700012,305.800293,17199292,3.9878398916087923,2018,05,2018-05,15.950012000000015,3.759913826062954,325.6174988,336.71799928,389.02924883,2.069287910729761,598.134399,-48.55671024531729
2018-05-23,311.100006,317.25,305.399994,309.450012,307.539520,17698475,0.5687357594253197,2018,05,2018-05,11.850006000000008,-0.530374145990853,324.5125,336.07699952,388.34199892,2.078208768968746,598.134399,-48.26413386065763
2018-05-24,300,307.649994,284.100006,288.649994,286.867920,46104103,-6.721608399873006,2018,05,2018-05,23.549987999999985,-3.783335333333336,322.5149994,334.79799928,387.58349885999996,2.523277308996681,598.134399,-51.741616184826725
2018-05-25,290.399994,297.450012,286.25,294.149994,292.333954,19240172,1.9054218307033812,2018,05,2018-05,11.200012000000015,1.2913223407298005,320.7099991,333.61799928,386.89699877,2.574967809469542,598.134399,-50.82209040446778
2018-05-28,293.75,299.899994,290.299988,296.299988,294.470642,8516862,0.7309175739775784,2018,05,2018-05,9.600006000000008,0.8680810212765906,318.6799988,332.46299928,386.20049868,2.5233371485500498,598.134399,-50.46264042071923
2018-05-29,296.799988,300,293,294.649994,292.830872,9816561,-0.5568660367276128,2018,05,2018-05,7,-0.7243915387220273,316.3924988,331.29399903999996,385.52374864999996,2.49353070326775,598.134399,-50.738497151707875
2018-05-30,289.950012,292.25,286.149994,288.899994,287.116333,11649429,-1.9514678829418202,2018,05,2018-05,6.100006000000008,-0.3621375949451669,314.0349991,330.27699892,384.81824862,2.50641687110988,598.134399,-51.69981955844677
2018-05-31,289.950012,290.850006,281.600006,282.5,280.755890,28771987,-2.215297380726146,2018,05,2018-05,9.25,-2.569412551015868,311.4849991,329.21299868,384.15049868,2.5285797372840206,598.134399,-52.7698121906545
2018-06-01,284.5,290.350006,283.049988,287.200012,285.426880,15840810,1.663721061946908,2018,06,2018-06,7.300018000000023,0.949037609841833,309.125,328.18099916,383.68549868,2.578213825257097,598.134399,-51.98403360847333
2018-06-04,292.5,293.850006,286,286.649994,284.880249,10835487,-0.19151043768063028,2018,06,2018-06,7.850006000000008,-2.000002051282054,306.7,327.23699892,383.24624865,2.5718169568713605,598.134399,-52.075989195866335
2018-06-05,286.649994,288.25,283.600006,284.950012,283.190765,7456195,-0.5930514688934468,2018,06,2018-06,4.649993999999992,-0.5930514688934468,304.3400009,326.17199892,382.79399874,2.5717865059078364,598.134399,-52.3602032458929
2018-06-06,286.850006,296.899994,285.25,295.649994,293.824677,19754001,3.7550382696597246,2018,06,2018-06,11.649993999999992,3.0678012257039957,302.025,325.46799868,382.32599870999996,2.6378569029271515,598.134399,-50.571310646188074
2018-06-07,296.299988,306.899994,295.25,305.399994,303.514496,22839023,3.2978184332383247,2018,06,2018-06,11.649993999999992,3.0712137592121698,300.61499940000004,324.92899844,381.92649874,2.747340851791337,598.134399,-48.941242217369954
2018-06-08,305.700012,315.549988,302.399994,309.950012,308.036407,27249374,1.4898553010449709,2018,06,2018-06,13.149993999999992,1.3902518263558328,299.5725006,324.5049988,381.57424883,2.777138954221795,598.134399,-48.180540607897726
2018-06-11,310.899994,313.899994,306.649994,309.75,307.837646,14650133,-0.06453040563199434,2018,06,2018-06,7.25,-0.36989193380299407,298.8800003,324.16299868,381.2512488,2.741470865311456,598.134399,-48.213979915239754
2018-06-12,310.950012,313.649994,307.200012,307.799988,305.899658,7932388,-0.6295438256658644,2018,06,2018-06,6.449981999999977,-1.0130322812143935,298.7649994,323.53599856,380.92224870999996,2.5798229368457903,598.134399,-48.53999560724145
2018-06-13,309.200012,311.25,307,308.399994,306.495972,7280886,0.19493373079663914,2018,06,2018-06,4.25,-0.25873802359361575,298.6724991,322.84199831999996,380.56449862,2.5801913202180464,598.134399,-48.43968270081053
2018-06-14,308.5,309.600006,303.799988,305.899994,304.011414,6532693,-0.8106355540331172,2018,06,2018-06,5.800018000000023,-0.8427896272285277,298.2224991,321.84799808,380.17324862000004,2.561292551591035,598.134399,-48.85764896461004
2018-06-15,305.75,307.649994,300.549988,302.950012,301.079620,8224497,-0.9643615749792978,2018,06,2018-06,7.100006000000008,-0.9157769419460294,298.1399994,320.66299808,379.79149874,2.461626485510384,598.134399,-49.35084614653638
2018-06-18,302.899994,311,302.100006,308.799988,306.893494,8787098,1.9310037195179148,2018,06,2018-06,8.899993999999992,1.9478356278871345,298.7849991,319.55699772,379.45499865,2.4010820479211126,598.134399,-48.37280910172164
2018-06-19,309.600006,312.799988,303.299988,305.049988,303.166626,10498362,-1.2143782855328351,2018,06,2018-06,9.5,-1.469644028366079,298.6524979,318.49199772,379.08774859,2.2509437094081717,598.134399,-48.99975849742091
2018-06-20,304.899994,308.25,304.049988,305.600006,303.713257,6607472,0.18030421951697398,2018,06,2018-06,4.200012000000015,0.22958741022474902,298.4599976,317.53899784000004,378.73299868000004,2.247280366837688,598.134399,-48.90780291002792
2018-06-21,307.899994,308.5,305.5,307,305.104614,5085379,0.4581132109009161,2018,06,2018-06,3,-0.29230075269179523,299.37749790000004,316.56299808,378.31374865,1.6051929049467788,598.134399,-48.673742805419224
2018-06-22,306.850006,308.899994,303.200012,308,306.098450,6033095,0.32573289902280134,2018,06,2018-06,5.699981999999977,0.3747739864798935,300.0699982,315.5549982,377.93674868,1.5613824285859552,598.134399,-48.506556299899415
2018-06-25,306.299988,306.299988,287.600006,289.399994,287.613281,16392183,-6.038962987012989,2018,06,2018-06,18.699981999999977,-5.517464793371129,299.72499849999997,314.20199832,377.44299868,2.093064133050286,598.134399,-51.616226305686865
2018-06-26,288.399994,288.399994,275.100006,276.850006,275.140747,30728620,-4.336554340080596,2018,06,2018-06,13.299987999999985,-4.004850291363039,298.8349991,312.95599856,376.91374865,2.297455223448164,598.134399,-53.714414943722375
2018-06-27,278.5,279.5,270,271.049988,269.376556,19077416,-2.0950037472637884,2018,06,2018-06,9.5,-2.675049192100544,297.9424988,311.64799808,376.37824862,2.303149789539194,598.134399,-54.68409968509435
2018-06-28,272,272.649994,261.850006,263.350006,261.724121,19507165,-2.8407977645805977,2018,06,2018-06,10.799987999999985,-3.180144852941174,296.9849991,310.21899844,375.81974871,2.3346602605632127,598.134399,-55.97143276823977
2018-06-29,265.450012,270.5,262.649994,269.299988,267.637360,14765516,2.259343787522062,2018,06,2018-06,7.850006000000008,1.4503581939939674,296.0899979,308.9199982,375.28974870999997,2.364954558800081,598.134399,-54.976676069754014
2018-07-02,276,276.049988,265.600006,266.700012,265.053436,16495647,-0.9654571540493236,2018,07,2018-07,10.449981999999977,-3.369560869565212,295.09249880000004,307.53399844,374.68199877,2.3695106750058033,598.134399,-55.411356971629374
2018-07-03,269.5,271.5,267.200012,269.450012,267.786469,11484332,1.0311210634666188,2018,07,2018-07,4.299987999999985,-0.01854842300556023,294.3174988,306.24199892,374.08099885999997,2.3878918552478794,598.134399,-54.951594081449905
2018-07-04,270,271.5,265.649994,267.049988,265.401245,7394858,-0.8907121518332055,2018,07,2018-07,5.850006000000008,-1.0925970370370428,292.8874985,304.95199892,373.39424883,2.1958379559364705,598.134399,-55.35284570717358
2018-07-05,263.5,263.75,252.550003,261.549988,259.935211,20820454,-2.059539504641356,2018,07,2018-07,11.199996999999996,-0.7400425047438388,290.6949982,303.61099856,372.69324876999997,2.030763915158718,598.134399,-56.272371487532524
2018-07-06,262,272.5,261.850006,270.850006,269.177795,19215897,3.5557325278868004,2018,07,2018-07,10.649993999999992,3.377864885496186,288.73999790000005,302.42299868,372.02274874,2.1965679657847907,598.134399,-54.71753397684122
2018-07-09,274.600006,277,272.049988,273.5,271.811432,9387556,0.9783990922267111,2018,07,2018-07,4.950012000000015,-0.40058484193915406,286.92749790000005,301.1549988,371.27199877,2.223382179668635,598.134399,-54.27449074033276
2018-07-10,274.899994,276.899994,272.899994,275.450012,273.749420,6351033,0.7129842778793474,2018,07,2018-07,4,0.20007930593116813,285.3099991,299.85599916,370.57524889,2.242517917870804,598.134399,-53.94847504833107
2018-07-11,276.399994,276.399994,267.100006,267.799988,266.146606,7356582,-2.777282144391422,2018,07,2018-07,9.299987999999985,-3.111434944531876,283.27999880000004,298.49099916,369.84599885999995,2.289969417501941,598.134399,-55.22745582803373
2018-07-12,269.600006,272,265.5,266.100006,264.457153,8573517,-0.6347953981237584,2018,07,2018-07,6.5,-1.2982195556776064,281.28999940000006,297.14299928,369.11749895,2.2897711204883824,598.134399,-55.511669878060296
2018-07-13,267.299988,269.399994,262.700012,263.600006,261.972565,8352827,-0.9394964087298818,2018,07,2018-07,6.699981999999977,-1.3842058234585395,279.3224991,295.72699952,368.39449892,2.289609200626761,598.134399,-55.92963614185982
2018-07-16,260.5,260.799988,250.5,252.100006,250.543564,11067012,-4.362670613899758,2018,07,2018-07,10.299987999999985,-3.224565834932819,276.4875,294.06599976,367.59874895,2.345421015624139,598.134399,-57.8522809553376
2018-07-17,253,259,252.300003,257.950012,256.357452,6350966,2.3205100598053963,2018,07,2018-07,6.699996999999996,1.9565264822134447,274.13250120000004,292.58200012000003,366.86399903999995,2.4575524481963806,598.134399,-56.8742388949277
2018-07-18,259.450012,259.450012,247.300003,251.850006,250.295120,9348644,-2.3648015957448405,2018,07,2018-07,12.150009000000011,-2.9292756401953866,271.44500120000004,290.78,366.1162491,2.4696595919202946,598.134399,-57.89407758171755
2018-07-19,254,257.850006,251.199997,252.5,250.941101,9556686,0.25808774449661614,2018,07,2018-07,6.650009000000011,-0.5905511811023622,268.7200012,289.15799988,365.3712491,2.464127498956224,598.134399,-57.78540735624871
2018-07-20,252.699997,254,251,253.399994,251.835526,6422014,0.3564332673267297,2018,07,2018-07,3,0.27700712635940244,265.9900009,287.61,364.55824907000004,2.464969003661926,598.134399,-57.63494050439992
2018-07-23,254.949997,259.5,251.100006,258.75,257.152527,8891743,2.111288921340704,2018,07,2018-07,8.399993999999992,1.4904895252852284,264.4575012,286.31299988,363.73424913,2.241501543091252,598.134399,-56.74049169674992
2018-07-24,258.75,263.75,257.100006,258.799988,257.202179,9906160,0.019319033816419254,2018,07,2018-07,6.649993999999992,0.019319033816419254,263.5550003,285.28699952,362.91174913000003,2.05659034707782,598.134399,-56.73213437771199
2018-07-25,260,261.700012,256.100006,257.850006,256.258087,6721386,-0.3670718871903415,2018,07,2018-07,5.600006000000008,-0.8269207692307663,262.8950012,284.23899964,362.07674913000005,2.0137873139471036,598.134399,-56.89095854859871
2018-07-26,260.100006,263,257.5,258.25,256.655579,8817721,0.1551266203965077,2018,07,2018-07,5.5,-0.7112671885136395,262.6400009,283.10599976000003,361.2399991,1.9185321783432567,598.134399,-56.824084949509825
2018-07-27,259.100006,269.700012,258.549988,268.149994,266.494446,15275469,3.8334923523717297,2018,07,2018-07,11.15002400000003,3.492855187351861,262.5825012,282.37699951999997,360.46274904,2.0475157270081743,598.134399,-55.16893954798277
2018-07-30,267.75,271.649994,266.200012,267.5,265.848480,7801098,-0.24239940874285176,2018,07,2018-07,5.449981999999977,-0.09337068160597572,262.6225006,281.80899964,359.72274904,2.035949572739768,598.134399,-55.27760977345161
2018-07-31,268.950012,270.450012,262.200012,264.100006,262.469482,10026055,-1.2710257943925205,2018,07,2018-07,8.25,-1.8033113157102247,262.35500030000003,280.93699952,358.94249909999996,2.041719223760988,598.134399,-55.84604288909991
2018-08-01,250,268,250,265.049988,263.413605,53282545,0.3597054064436398,2018,08,2018-08,18,6.019995199999994,262.2550003,280.04899904,358.1437491,2.0347338221179765,598.134399,-55.6872187182132
2018-08-02,263.450012,266.450012,258.700012,260.850006,259.239532,17421472,-1.5845999585557338,2018,08,2018-08,7.75,-0.9869067684840369,262.2200012,279.49299928,357.26274918999997,2.012299960494185,598.134399,-56.389399032039286
2018-08-03,262.149994,263.850006,257.600006,258.450012,256.854370,9041836,-0.9200666838397512,2018,08,2018-08,6.25,-1.4113988497745216,261.6000015,278.77899964,356.39349931,1.8380719260392782,598.134399,-56.79064564216779
2018-08-06,259.950012,261.799988,252.5,254.050003,252.481522,11371744,-1.702460358175573,2018,08,2018-08,9.299987999999985,-2.269670601130809,260.62750165,277.93399994,355.49774926500004,1.843978334732184,598.134399,-57.52626777113349
2018-08-07,255.199997,256,250.550003,251.600006,250.046661,14490727,-0.9643758988658607,2018,08,2018-08,5.449996999999996,-1.4106547971471914,259.43500135,277.07300018,354.620999235,1.8310918268227006,598.134399,-57.9358742080975
2018-08-08,253.5,258.25,251.850006,255.149994,253.574722,16125867,1.4109649901995571,2018,08,2018-08,6.399993999999992,0.6508852071005887,258.80250165,276.39800018,353.782999205,1.7882133594677991,598.134399,-57.34236411974025
2018-08-09,256.649994,260.399994,255.5,257.850006,256.258087,7777719,1.0582057862012002,2018,08,2018-08,4.899993999999992,0.46756751531426693,258.39000165000004,275.9050003,352.99199929499997,1.8078292799538769,598.134399,-56.89095854859871
2018-08-10,257.25,258.649994,249.550003,250.100006,248.555923,14606037,-3.005623354532712,2018,08,2018-08,9.099990999999989,-2.7793951409135054,257.71500165000003,275.16300018000004,352.13274926500003,1.9118528107724886,598.134399,-58.18665396637721
2018-08-13,249.25,249.699997,243.100006,248.699997,247.164551,13877900,-0.5597796746954142,2018,08,2018-08,6.599990999999989,-0.22066318956870762,257.5450012,274.40400023999996,351.27924928,1.652270592461916,598.134399,-58.42071657878349
2018-08-14,248.600006,249.850006,247.199997,248.800003,247.263947,9171033,0.04021150028401794,2018,08,2018-08,2.6500090000000114,0.08044931422889676,257.08750075,273.68100006000003,350.373749325,1.5555707225167905,598.134399,-58.40399692511248
2018-08-16,245.800003,252.800003,245.25,251.300003,249.748505,14148347,1.0048231390093672,2018,08,2018-08,7.550003000000004,2.2375915105257342,257.0600006,272.79400024,349.4474994,1.4861570032409,598.134399,-57.98603066131296
2018-08-17,253.699997,260.100006,253,258.25,256.655579,16117660,2.765617555523864,2018,08,2018-08,7.100006000000008,1.7934580424926077,257.3475006,271.85100036,348.59674943,1.6097511971988245,598.134399,-56.824084949509825
2018-08-20,261.850006,271.850006,259.200012,270.100006,268.432465,25576718,4.588579283639887,2018,08,2018-08,12.649993999999992,3.1506587019134917,258.18250120000005,271.05400024,347.75849946,1.894730119313429,598.134399,-54.84292385598108
2018-08-21,271.850006,274.700012,266.700012,268.799988,267.140472,19505584,-0.48130987453588686,2018,08,2018-08,8,-1.1219488440989855,258.6850006,270.235,346.92799943,1.8551902070776498,598.134399,-55.060269322513925
2018-08-23,269.200012,269.200012,256,256.899994,255.313919,18667622,-4.427081298828032,2018,08,2018-08,13.200012000000015,-4.569100093502232,258.5900009,269.21700012,345.97399934000003,2.125566908555469,598.134399,-57.04978773508059
2018-08-24,257,258.649994,255,255.5,253.922577,8703468,-0.5449568052539513,2018,08,2018-08,3.6499939999999924,-0.5836575875486382,258.4725006,268.15900024,344.93699936999997,2.127486967286079,598.134399,-57.28384783968929
2018-08-27,257,259.5,256.5,258.799988,257.202179,6127707,1.2915804305283698,2018,08,2018-08,3,0.7003844357976595,258.5,267.21700012,343.97174928,2.147614274886392,598.134399,-56.73213437771199
2018-08-28,261.700012,263.25,259.049988,260,258.394806,8506857,0.46368317451390884,2018,08,2018-08,4.200012000000015,-0.6496033328420386,258.09250030000004,266.35799987999997,343.08074922,1.9574839077332444,598.134399,-56.53150856485015
2018-08-29,261.049988,263.5,261,261.700012,260.084290,5117552,0.6538507692307751,2018,08,2018-08,2.5,0.24900365059585078,257.8025009,265.41600036,342.18849931,1.9651641086766378,598.134399,-56.247289499228415
2018-08-30,262.299988,263,259,259.350006,257.748810,6333570,-0.897977031808469,2018,08,2018-08,4,-1.1246596015856385,257.5650009,264.50200072,341.37249940000004,1.9551211251047884,598.134399,-56.640178790319
2018-08-31,259.100006,268.25,258.100006,267.5,265.848480,12360078,3.1424691773479245,2018,08,2018-08,10.149993999999992,3.2419891182866247,257.6875015,263.7400006,340.61949936999997,2.082379597890608,598.134399,-55.27760977345161
2018-09-03,271.399994,273,265.25,266.600006,264.954041,14597832,-0.33644635514018406,2018,09,2018-09,7.75,-1.7686028393943092,257.9750015,262.93200072,339.88099946,2.0487211966594994,598.134399,-55.42807662530039
2018-09-04,270.5,270.799988,260.350006,261.950012,260.332764,14775900,-1.7441837566950364,2018,09,2018-09,10.449981999999977,-3.1608088724584045,258.15000150000003,262.01100096000005,339.14749955,2.078995490993241,598.134399,-56.20549287284846
2018-09-05,261,271,255.399994,266.5,264.854675,10084307,1.7369680441167472,2018,09,2018-09,15.600006000000008,2.10727969348659,258.77250134999997,261.55300108,338.41274949,2.0653218715375097,598.134399,-55.44479627897141
2018-09-06,269.700012,272,263.850006,269.950012,268.283386,14736214,1.2945636022514129,2018,09,2018-09,8.149993999999992,0.09269558356563959,259.69000165,261.4150012,337.65349961,2.0566029625788422,598.134399,-54.868000828690015
2018-09-07,269.549988,279.899994,269.25,277.399994,275.687378,26189156,2.759763537258141,2018,09,2018-09,10.649993999999992,2.912263531616261,260.80250165,261.54200132,336.92549957999995,2.1137618367378166,598.134399,-53.62246437192455
2018-09-10,276,282,271.75,275.700012,273.997864,21322969,-0.6128269779270353,2018,09,2018-09,10.25,-0.1086913043478206,261.69500195,261.78900144,336.18274963999994,2.121059019739104,598.134399,-53.90667842195111
2018-09-11,277.25,278.850006,265.700012,267.299988,265.649719,13444031,-3.046798561619225,2018,09,2018-09,13.149993999999992,-3.5888230838593382,262.55500105,261.74900144,335.37624955,2.124511420541714,598.134399,-55.31104908079364
2018-09-12,268.200012,268.200012,258.850006,262.399994,260.779968,14456273,-1.8331441152178403,2018,09,2018-09,9.350006000000008,-2.1625718644636085,263.2400009,261.66300108,334.55699952000003,2.1719058915385117,598.134399,-56.13026195472165
2018-09-14,265,269.600006,263.399994,266.600006,264.954041,10710620,1.6006143658677123,2018,09,2018-09,6.200012000000015,0.6037758490566066,264.13000105000003,261.60600096,333.76249955,2.1903759455021623,598.134399,-55.42807662530039
2018-09-17,263.350006,264.100006,259.649994,260.25,258.643250,9461420,-2.3818476583230113,2018,09,2018-09,4.450012000000015,-1.1771429388158083,264.5775009,261.4700012,332.95674957999995,2.268153139979374,598.134399,-56.48971193847021
2018-09-18,257.75,259.799988,250.600006,251.5,249.947266,11554420,-3.3621517771373677,2018,09,2018-09,9.199981999999977,-2.424830261881668,264.2400009,261.26900144,332.13449952,2.3166385092233415,598.134399,-57.95259386176852
2018-09-19,253.550003,255,251,252.600006,251.040482,7845650,0.4373781312127267,2018,09,2018-09,4,-0.3746783627527688,263.3650009,260.90400144,331.32774949,2.0436952439144385,598.134399,-57.768687702577694
2018-09-21,255.050003,257.700012,228.850006,250.350006,248.804367,18547453,-0.8907363208851229,2018,09,2018-09,28.850006000000008,-1.8427747283735556,262.4425018,260.44100156,330.55874955,2.0475022513599583,598.134399,-58.14485733999726
2018-09-24,250.199997,251,239.350006,240.199997,238.717041,8889259,-4.054327444274162,2018,09,2018-09,11.649993999999992,-3.9968026058769297,261.60750195,259.73600126,329.765249565,2.009638125534583,598.134399,-59.84180187570185
2018-09-25,241,243.5,235.449997,240.800003,239.313339,9030367,0.2497943411714562,2018,09,2018-09,8.050003000000004,-0.08298630705394033,260.8725021,259.19600156,328.95099961,2.012732402212201,598.134399,-59.74148896927094
2018-09-26,242.300003,243.199997,229.550003,233.350006,231.909332,17810869,-3.0938525362061546,2018,09,2018-09,13.649993999999992,-3.693766772260418,259.600003,258.54100156,328.10649964,2.0709499424803846,598.134399,-60.98702793383398
2018-09-27,234.800003,236.550003,223.100006,225.25,223.859329,17430781,-3.4711831119472984,2018,09,2018-09,13.449996999999996,-4.067292537470711,257.862503,257.77400144,327.2474997,2.159998654574952,598.134399,-62.341239631663456
2018-09-28,227.899994,230.699997,219.5,223.699997,222.318893,14196824,-0.6881256381798019,2018,09,2018-09,11.199996999999996,-1.842912290730467,255.96250225000003,257.20600126,326.355999685,2.1366919018767283,598.134399,-62.60037921677867
2018-10-01,225,230.449997,220,229.350006,227.934021,9743094,2.52570812506538,2018,10,2018-10,10.449996999999996,1.9333360000000033,254.46250225000003,256.63400114,325.44699974499997,2.258686516380475,598.134399,-61.655773955913205
2018-10-03,230,232.800003,225.800003,227.600006,226.194824,9094685,-0.7630259229206212,2018,10,2018-10,7,-1.0434756521739097,252.46750255,256.14900114,324.534249805,2.080991073084831,598.134399,-61.94835034057288
2018-10-04,224,230.800003,221.75,223.25,221.871674,13898979,-1.9112503889828578,2018,10,2018-10,9.050003000000004,-0.33482142857142855,250.30000225000003,255.56400114,323.61624977499997,2.0929368536143707,598.134399,-62.67561264270307
2018-10-05,222.75,226.449997,214.75,216.25,214.914886,10471026,-3.135498320268757,2018,10,2018-10,11.699996999999996,-2.9180695847362514,248.01500165000002,254.82100126,322.687749715,2.146231237459846,598.134399,-63.84591818134172
2018-10-08,217.800003,218.5,208.100006,212.350006,211.038986,11854170,-1.803465433526008,2018,10,2018-10,10.399993999999992,-2.502294272236533,245.30750195000002,253.89300138,321.737499775,2.0587323342308093,598.134399,-64.49794454974993
2018-10-09,205.699997,206,170.300003,184.350006,183.211853,142760251,-13.185777823806607,2018,10,2018-10,35.699996999999996,-10.37918877558369,241.02750165000003,252.40400174,320.633749775,3.325468159676212,598.134399,-69.17916670430454
2018-10-10,186,190.949997,185.050003,188.75,187.584686,35670907,2.386760974664678,2018,10,2018-10,5.899993999999992,1.478494623655914,236.59500195,251.02200162,319.54849983500003,3.2992977902087413,598.134399,-68.44354708313641
2018-10-11,180.649994,187.75,178,182.949997,181.820480,19323517,-3.0728492715231805,2018,10,2018-10,9.75,1.2731818856301782,231.95750120000002,249.51600156,318.36274978999995,3.296535868844014,598.134399,-69.41322931671081
2018-10-12,185.949997,188.399994,182.600006,183.75,182.615555,18014894,0.4372795917564316,2018,10,2018-10,5.799987999999985,-1.1831121460034206,227.78000179999998,247.82800168000003,317.16849976,3.3287982574832884,598.134399,-69.27947961073545
2018-10-15,186.5,186.5,182.699997,184.350006,183.211853,11658409,0.32653387755102453,2018,10,2018-10,3.800003000000004,-1.1528117962466449,223.8775024,246.1650018,315.98624985,3.36254126351438,598.134399,-69.17916670430454
2018-10-16,185.199997,187.25,184.550003,185.850006,184.702576,9695745,0.8136696236397192,2018,10,2018-10,2.699996999999996,0.3509767875428267,219.8400024,244.6000018,314.80549988,3.3263881892977,598.134399,-68.92838694602482
2018-10-17,187.600006,187.800003,179.100006,179.949997,178.839005,12004524,-3.174607914728833,2018,10,2018-10,8.699996999999996,-4.077829826935086,215.82500225000004,242.89800198,313.584249805,3.3392399226000107,598.134399,-69.91478883327024
2018-10-19,178.949997,179.75,174,174.699997,173.621414,10469358,-2.9174771256039533,2018,10,2018-10,5.75,-2.374965113858035,211.98500210000003,241.1750018,312.34549973000003,3.3295576878924007,598.134399,-70.79251798724921
2018-10-22,176.399994,176.850006,170.050003,170.75,169.695816,11721075,-2.261017211122217,2018,10,2018-10,6.800003000000004,-3.2029445533881327,207.8925018,239.42100156,311.10624970000003,3.2907335254571985,598.134399,-71.45290418249294
2018-10-23,170,175.699997,169.550003,170.649994,169.596420,15588511,-0.058568667642757005,2018,10,2018-10,6.149993999999992,0.38234941176470144,203.9075012,237.75300138,309.80024964,3.3091651369152495,598.134399,-71.46962383616395
2018-10-24,173.899994,175,169,170.649994,169.596420,15421903,0,2018,10,2018-10,6,-1.8688902312440563,200.43000105000002,236.13400114,308.53124955,3.2906739854016784,598.134399,-71.46962383616395
2018-10-25,168.949997,169.75,164.600006,165.350006,164.329163,14877057,-3.105765125312565,2018,10,2018-10,5.149993999999992,-2.1308026421568913,196.6575012,234.33800137999998,307.16149964,3.27476273600112,598.134399,-72.35571030918086
2018-10-26,166,172.800003,165.899994,168.5,167.459702,19584723,1.9050461963696526,2018,10,2018-10,6.900009000000011,1.5060240963855422,193.41500090000002,232.55100126000002,305.83449967,3.3610575671454845,598.134399,-71.82907381991251
2018-10-29,169.949997,176.5,167.699997,175.350006,174.267410,14171750,4.065285459940657,2018,10,2018-10,8.800003000000004,3.1774104709163433,190.92000120000003,231.05600126000002,304.56149964,3.552269771979878,598.134399,-70.6838452539828
2018-10-30,177,181.5,176.050003,177.25,176.155670,15602414,1.0835437325277264,2018,10,2018-10,5.449996999999996,0.14124293785310735,188.59750135000002,229.62700132,303.28974961,3.587122999629858,598.134399,-70.3661918966142
2018-10-31,178.300003,180,173.449997,179.100006,177.994263,12579712,1.0437269393512032,2018,10,2018-10,6.550003000000004,0.4486836716430138,186.08500135000003,228.23300138,302.01749970000003,3.523189863472254,598.134399,-70.05689585828353
2018-11-01,182,186.050003,178.199997,179.449997,178.342102,28947802,0.1954165205332202,2018,11,2018-11,7.850006000000008,-1.4011005494505515,183.6775009,226.79600126000003,300.726999745,3.5354618577120362,598.134399,-69.99838208603013
2018-11-02,180.949997,191.850006,180.899994,190.300003,189.125107,29425248,6.046255882634542,2018,11,2018-11,10.950012000000015,5.16717665378022,182.03000105,225.43700132,299.51199981999997,3.873178447626709,598.134399,-68.18440749802119
2018-11-05,191.300003,191.300003,186.649994,189.800003,188.628204,14818506,-0.26274303316747716,2018,11,2018-11,4.650009000000011,-0.784108717447328,180.70750120000002,223.83100126000002,298.287249835,3.8319559118817814,598.134399,-68.2680007507811
2018-11-06,192.449997,199.949997,191.75,193.25,192.056885,35339222,1.817701235758145,2018,11,2018-11,8.199996999999996,0.41569395295963757,179.75250090000003,222.3200015,297.067999805,3.8564240227312565,598.134399,-67.69120780829728
2018-11-07,194.949997,195.75,193.350006,194.850006,193.647018,3932893,0.8279461836998746,2018,11,2018-11,2.3999939999999924,-0.05129058811936715,180.2775009,221.07900174000002,295.880499805,2.41339616951837,598.134399,-67.42370839634656
2018-11-09,192.899994,200.75,192,195.25,194.044540,22341961,0.20528303191327202,2018,11,2018-11,8.75,1.2182509450985302,180.60250090000002,219.87400174,294.747249835,2.363122045670417,598.134399,-67.35683479725768
2018-11-12,194.449997,194.449997,185.199997,186.050003,184.901352,20789180,-4.7119062740076805,2018,11,2018-11,9.25,-4.319873555976446,180.75750120000004,218.41900204,293.56274979,2.5065129691423755,598.134399,-68.89495014648037
2018-11-13,180.75,183,178.350006,179.5,178.391785,22189598,-3.5205605452207402,2018,11,2018-11,4.649993999999992,-0.6915629322268326,180.54500120000003,216.80900204000002,292.36549973,2.6326901737444706,598.134399,-69.99002225919463
2018-11-14,180.5,183,176.25,176.800003,175.708466,15795883,-1.504176601671307,2018,11,2018-11,6.75,-2.049859833795012,180.16750105,215.11100186,291.159249805,2.649433627372147,598.134399,-70.44142532253859
2018-11-15,178,182.699997,177.5,180.199997,179.087463,18740276,1.9230734967804228,2018,11,2018-11,5.199996999999996,1.2359533707865147,179.8850006,213.52800168000002,289.95074982,2.6826422041929927,598.134399,-69.87299220689029
2018-11-16,180.899994,181.850006,177.850006,179.899994,178.789307,10022823,-0.16648335460294364,2018,11,2018-11,4,-0.5527916159024306,179.88250045,211.77600156,288.76024979,2.584925645521178,598.134399,-69.92314866010574
2018-11-19,180.600006,185.5,179.100006,184.600006,183.460297,14522581,2.6125692922480117,2018,11,2018-11,6.399993999999992,2.214839350559047,180.37750090000003,210.13600156,287.66524978999996,2.5485332228103057,598.134399,-69.13737007792457
2018-11-20,184.050003,188.300003,183.199997,183.75,182.615555,13114982,-0.4604582732245456,2018,11,2018-11,5.100006000000008,-0.1630008123390271,181.0275009,208.57200132000003,286.58249985,2.4840391212208277,598.134399,-69.27947961073545
2018-11-21,184.399994,186.75,183.75,184.149994,183.013077,8097107,0.2176838095238054,2018,11,2018-11,3,-0.13557484172152415,181.70250090000002,206.9250012,285.50699982,2.4821413236229044,598.134399,-69.21260601164656
2018-11-22,185.5,186.149994,181.75,182.550003,181.422958,9135857,-0.8688520511165418,2018,11,2018-11,4.399993999999992,-1.5902948787061975,182.29750135,205.17700101999998,284.440499805,2.4972626769436115,598.134399,-69.4801029157997
2018-11-26,183.899994,184.449997,177,181.75,180.627899,9865426,-0.43823773588215376,2018,11,2018-11,7.449996999999996,-1.1691104242232833,183.11750105000002,203.26400114,283.351749805,2.370009235940322,598.134399,-69.61385262177507
2018-11-27,181.699997,184.550003,178.550003,180.050003,178.938400,11639680,-0.935349105914716,2018,11,2018-11,6,-0.9080869715149156,183.69500120000004,201.35100096000002,282.28374985,2.366515142896215,598.134399,-69.89806917959922
2018-11-28,181,181.350006,174,174.449997,173.372971,12504717,-3.1102504341530097,2018,11,2018-11,7.350006000000008,-3.618786187845306,183.65000075,199.49400114,281.237249835,2.318402784555871,598.134399,-70.83431461362918
2018-11-29,175.949997,179.350006,173.449997,177.25,176.155670,20892744,1.6050461726290564,2018,11,2018-11,5.900009000000011,0.7388479807703571,183.65000075,197.79100126,280.144499895,2.3341137085715493,598.134399,-70.3661918966142
2018-11-30,172,174.899994,170.350006,171.949997,170.888397,18393012,-2.990128631875884,2018,11,2018-11,4.549987999999985,-0.02907151162790918,183.2925003,195.89800108,279.12699982,2.4144256482001656,598.134399,-71.25228087742869
2018-12-03,173.25,176.449997,170,175.449997,174.366791,14068885,2.0354754644165536,2018,12,2018-12,6.449996999999996,1.269839538239536,183.0925003,194.20200101999998,278.115249865,2.4638717819595,598.134399,-70.66712810810937
2018-12-04,177.949997,178.75,175.300003,175.75,174.664948,11481923,0.17099059853503662,2018,12,2018-12,3.449996999999996,-1.2363006670913268,182.36500015000001,192.68700102,277.119749835,2.0013518388221345,598.134399,-70.6169716548939
2018-12-05,173,173,168.600006,169.199997,168.155365,14960527,-3.726886486486489,2018,12,2018-12,4.399993999999992,-2.196533526011563,181.33499985,191.01900084000002,276.12199982,2.1362388356648694,598.134399,-71.71204376760815
2018-12-06,168.5,168.699997,161.600006,162.649994,161.645813,15428019,-3.8711602341222284,2018,12,2018-12,7.099990999999989,-3.4718136498516365,179.80499955,189.26500059999998,275.07624985,2.1824995666580445,598.134399,-72.80711588032241
2018-12-07,162.25,164.199997,160.800003,162.399994,161.397354,13545006,-0.15370427864878985,2018,12,2018-12,3.3999939999999924,0.09244622496147452,178.18249895000002,187.70900054,274.00399978999997,2.1539773287371426,598.134399,-72.84891250670236
2018-12-10,159.899994,160.5,156.5,157.100006,156.130096,13520495,-3.2635395294411063,2018,12,2018-12,4,-1.7510869950376515,176.27499925,186.0350006,272.91049988,2.2007653748168057,598.134399,-73.73499897971926
2018-12-11,155,159.5,154.649994,158.100006,157.123917,12094881,0.6365372131176111,2018,12,2018-12,4.850006000000008,2.000003870967747,174.8774994,184.5300006,271.84724991,2.0533983019270776,598.134399,-73.56781247419947
2018-12-12,159.5,167.100006,158,164.100006,163.086884,22461175,3.7950662696369535,2018,12,2018-12,9.100006000000008,2.8840163009404436,174.1074997,183.30700072,270.82399994,2.1886014819970816,598.134399,-72.56469344108062
2018-12-13,166,168,165.550003,166.850006,165.819885,12235499,1.6758073732184995,2018,12,2018-12,2.449996999999996,0.5120518072289203,173.60999985,182.17000090000002,269.81175003,2.2213131787251963,598.134399,-72.10493055090116
2018-12-14,166,168.399994,164.850006,166.949997,165.919266,10091732,0.05992867629863233,2018,12,2018-12,3.549987999999985,0.5722873493975881,172.94749985,180.92200072,268.82424995499997,2.1629946979426093,598.134399,-72.08821340502773
2018-12-17,167.25,175.949997,167.25,173.949997,172.876053,28526103,4.192872192744035,2018,12,2018-12,8.699996999999996,4.005977279521672,172.65,179.84900054000002,267.90149994,2.391023634044621,598.134399,-70.91790786638907
2018-12-18,174,177.600006,173.100006,174.75,173.671112,18015933,0.45990400333263803,2018,12,2018-12,4.5,0.43103448275862066,172.15749970000002,178.87900054000002,266.97424988,2.307548982865071,598.134399,-70.78415816041371
2018-12-19,176.5,176.5,172.5,173.899994,172.826355,11540042,-0.4864125894134521,2018,12,2018-12,4,-1.473091218130316,171.6649994,178.03200042,265.98349991,2.3076817736583806,598.134399,-70.92626769322459
2018-12-20,173,177.300003,171.75,176.399994,175.310928,15819006,1.4376078701877357,2018,12,2018-12,5.550003000000004,1.9653144508670475,171.2774994,177.31300018000002,265.00274994,2.336628308781535,598.134399,-70.50830142942507
2018-12-21,177,180.5,175.149994,176.25,175.161850,23742481,-0.08503061513709145,2018,12,2018-12,5.350006000000008,-0.423728813559322,170.96249925,177.15100006,264.03449997,2.331188173230972,598.134399,-70.533378402134
2018-12-24,176.25,177.850006,171.5,172.5,171.434998,11374468,-2.127659574468085,2018,12,2018-12,6.350006000000008,-2.127659574468085,170.49999925000003,176.82600006,263.04324997,2.3724417678726315,598.134399,-71.16032779783328
2018-12-26,171.449997,172.199997,167.600006,170.899994,169.844879,12044191,-0.9275397101449319,2018,12,2018-12,4.599990999999989,-0.3207949895735512,170.04249880000003,176.585,262.1375,2.3723209077817358,598.134399,-71.427827209784
2018-12-27,172.75,173.399994,167.699997,168.25,167.211243,15231581,-1.5506109379968689,2018,12,2018-12,5.699996999999996,-2.6049204052098407,169.73249895,176.275,261.24625,2.297231371148947,598.134399,-71.87087044629246
2018-12-28,169.399994,172.199997,169.149994,170.850006,169.795197,8669584,1.5453230312035706,2018,12,2018-12,3.050003000000004,0.8559693337415438,169.41249925000002,176.005,260.36150009,2.29485975685119,598.134399,-71.43618452882193
2018-12-31,172.449997,173.899994,171.75,172.699997,171.633774,8511388,1.0828158823711065,2018,12,2018-12,2.1499939999999924,0.14496955891509816,169.44999925000002,175.74199982,259.499250105,2.209499018431745,598.134399,-71.12689099828884
2019-01-01,173.5,174.199997,171.300003,173.449997,172.379135,6715543,0.4342791042434123,2019,01,2019-01,2.8999939999999924,-0.028820172910665014,169.34999925000002,175.61199982,258.65900009,2.162079311160731,598.134399,-71.00150111914898
2019-01-02,170.600006,171.75,168,168.550003,167.509384,13410104,-2.825018209714926,2019,01,2019-01,3.75,-1.2016429823572243,168.98999940000002,175.48899993999999,257.738750075,2.2490898169949642,598.134399,-71.820713993077
2019-01-03,169,170.149994,165.100006,166.050003,165.024826,9321842,-1.483239368438338,2019,01,2019-01,5.049987999999985,-1.7455603550295837,168.83249970000003,175.395,256.80325012000003,2.1150822344428417,598.134399,-72.23868025687652
2019-01-04,169,171.949997,168.5,170.949997,169.894577,17650435,2.950914731389672,2019,01,2019-01,3.449996999999996,1.1538443786982227,169.24749985,175.40100006,255.887750165,2.0181367161400856,598.134399,-71.4194673829485
2019-01-07,173.199997,178.199997,173.199997,175.350006,174.267410,21438351,2.5738573133756835,2019,01,2019-01,5,1.2413447097230674,169.89500045000003,175.4950003,254.99900016499998,2.079341239812339,598.134399,-70.6838452539828
2019-01-08,176.100006,180.5,176.100006,179.949997,178.839005,20128985,2.6233195566585774,2019,01,2019-01,4.399993999999992,2.1862526228420394,171.0375,175.78700012000002,254.20000014999997,1.9450609385761373,598.134399,-69.91478883327024
2019-01-09,181.5,183.600006,180.199997,183.050003,181.919876,17468948,1.7227041131876248,2019,01,2019-01,3.4000090000000114,0.8539961432506907,172.28499985000002,176.07800018,253.436750105,1.9583393064947359,598.134399,-69.3965096630398
2019-01-10,183.649994,186.850006,183.550003,185.75,184.603210,16961888,1.475005165665032,2019,01,2019-01,3.300003000000004,1.1434827490383734,173.36749955,176.28600006,252.671500165,1.833415225178113,598.134399,-68.94510659969583
2019-01-11,186.550003,187.75,179.399994,180.300003,179.186844,25902974,-2.934049528936741,2019,01,2019-01,8.350006000000008,-3.350308174479097,174.0399994,176.34700012000002,251.90375014999998,1.9799205314003536,598.134399,-69.85627255321927
2019-01-14,180.300003,198.300003,177.449997,182.399994,181.273880,18935120,1.1647204465104688,2019,01,2019-01,20.850006000000008,1.1647204465104688,174.81249925000003,176.41299988,251.12475006,1.9851340681546674,598.134399,-69.50518239630622
2019-01-15,183.300003,185.800003,181.25,185.350006,184.205673,13536578,1.6173311935525694,2019,01,2019-01,4.550003000000004,1.118386779295363,175.3824997,176.53100006,250.39725006,1.8058249248211007,598.134399,-69.01198019878471
2019-01-16,186,187.350006,184.050003,185.449997,184.305054,11874245,0.053947125310580574,2019,01,2019-01,3.300003000000004,-0.2957005376344106,175.91749955,176.43399994,249.66275001499997,1.8066096355100398,598.134399,-68.9952630529113
2019-01-17,186,187.300003,183.399994,184.899994,183.758438,9365756,-0.2965775189524558,2019,01,2019-01,3.9000090000000114,-0.5914010752688212,176.46749955,176.33599976000002,248.93150001499998,1.8026823365752134,598.134399,-69.0872161325067
2019-01-18,185.649994,185.649994,181.300003,183.300003,182.168335,6797621,-0.8653277728067361,2019,01,2019-01,4.349990999999989,-1.2658179778879974,176.8125,176.13699981999997,248.21375,1.8012625073145907,598.134399,-69.35471303665985
2019-01-21,184.300003,184.949997,180.649994,181.5,180.379425,6918258,-0.9819983472668048,2019,01,2019-01,4.300003000000004,-1.519263675758054,177.075,175.8699997,247.42550003,1.819997331380464,598.134399,-69.65564924815502
2019-01-22,181.5,181.5,175.949997,180.850006,179.733459,9775717,-0.3581234159779572,2019,01,2019-01,5.550003000000004,-0.3581234159779572,177.49250030000002,175.58199982,246.61425003,1.7442338339022445,598.134399,-69.76431947362386
2019-01-23,181.699997,182.699997,178.550003,180.25,179.137161,9778926,-0.33176996411048365,2019,01,2019-01,4.149993999999992,-0.7980170742655522,177.9600006,175.46599976000002,245.7375,1.7280578746441038,598.134399,-69.86463238005477
2019-01-24,180,180.300003,173.699997,175.399994,174.317093,13461254,-2.6907106796116547,2019,01,2019-01,6.600006000000008,-2.555558888888893,178.3175003,175.38399964,244.80349991,1.8085831322622061,598.134399,-70.67548793494487
2019-01-25,175.949997,178.899994,171.949997,173.25,172.180374,12136892,-1.225766290505114,2019,01,2019-01,6.949996999999996,-1.5345251753542208,178.4375,175.31299958,243.84924988,1.808164920739619,598.134399,-71.03493791869342
2019-01-28,173.300003,175.350006,169.399994,172.300003,171.236237,8167430,-0.5483388167388146,2019,01,2019-01,5.950012000000015,-0.5770340350196069,178.4175003,175.15499970000002,242.91924995499997,1.7975601198599853,598.134399,-71.19376459737772
2019-01-29,172.350006,174.899994,170.899994,173.600006,172.528214,6141180,0.7544996966715106,2019,01,2019-01,4,0.7252683240405573,178.42500075,175.02899994,242.02099998499997,1.8030144780848536,598.134399,-70.97642163864245
2019-01-30,174.300003,176.75,173.300003,174.600006,173.522049,7757847,0.5760368464503394,2019,01,2019-01,3.449996999999996,0.17211875779486002,178.72750090000002,174.82899994,241.11500007499998,1.6765350236234111,598.134399,-70.80923513312266
2019-01-31,175.800003,183.899994,175.800003,181.199997,180.081284,22277646,3.780063443984068,2019,01,2019-01,8.099990999999989,3.07166888956196,179.4850006,174.77799987999998,240.22900009,1.8080260883153212,598.134399,-69.70580570137047
2019-02-01,182,185.899994,179.550003,181.649994,180.528503,14931422,0.24834271934342042,2019,02,2019-02,6.349990999999989,-0.1923109890109932,180.02000045000003,174.72799988,239.35200012,1.7098360834120092,598.134399,-69.63057227544608
2019-02-04,181,183.699997,178.199997,180.25,179.137161,11854351,-0.7707096318428683,2019,02,2019-02,5.5,-0.4143646408839779,180.26500015000002,174.68199982,238.55750014999998,1.6396949517818842,598.134399,-69.86463238005477
2019-02-05,180.699997,181.149994,174.699997,175.800003,174.714645,12064426,-2.4687916782246857,2019,02,2019-02,6.449996999999996,-2.711673536995129,180.05750045000002,174.56299987999998,237.75425010499998,1.6308552286810798,598.134399,-70.6086118280584
2019-02-06,176,179.449997,171.899994,178.5,177.397949,10334594,1.53583444478098,2019,02,2019-02,7.550003000000004,1.4204545454545454,179.8300003,174.53199981999998,236.972750165,1.6203404278348594,598.134399,-70.15720876471443
2019-02-07,179,185,178.899994,182.850006,181.721100,16152722,2.4369781512605084,2019,02,2019-02,6.100006000000008,2.150841340782127,179.68500060000002,174.7,236.215750195,1.6830350324591639,598.134399,-69.42994646258424
2019-02-08,164.600006,164.600006,129,150.699997,149.769592,102256857,-17.582722420036458,2019,02,2019-02,35.60000600000001,-8.444719619269037,178.2050003,174.16899994,235.28925017999998,4.240922471377004,598.134399,-74.80499411972458
2019-02-11,150.149994,153.25,145.850006,152.649994,151.707550,26161867,1.293959547988575,2019,02,2019-02,7.399993999999992,1.6650017315352008,176.7175003,173.78299987999998,234.38225021,4.244167164082352,598.134399,-74.47898093552048
2019-02-12,152.949997,154.399994,150.600006,151.800003,150.862808,14174912,-0.5568234742282326,2019,02,2019-02,3.799987999999985,-0.7518757911449926,175.04000015000003,173.31,233.48350028500002,4.206909979213162,598.134399,-74.62108796053377
2019-02-14,155.949997,161,153.800003,159.850006,158.863098,16348306,5.303032174511883,2019,02,2019-02,7.199996999999996,2.500807358143143,173.7600006,172.99200012,232.63975028500002,4.427501596716436,598.134399,-73.2752360895398
2019-02-15,159.800003,162.300003,153.149994,161.649994,160.651993,20705576,1.1260481278930856,2019,02,2019-02,9.150009000000011,1.1576914676278127,172.59750060000002,172.84100006,231.796750255,4.444660684597136,598.134399,-72.97430238584222
2019-02-18,162.800003,163.449997,159.199997,162.899994,161.894272,13503666,0.7732756241240566,2019,02,2019-02,4.25,0.06141953203771662,171.57750015000002,172.84600006,230.926750255,4.453951555378193,598.134399,-72.76531925394247
2019-02-19,164,165.949997,161.550003,163.75,162.739029,14533142,0.5217962132030574,2019,02,2019-02,4.399993999999992,-0.1524390243902439,170.69000015,172.87300018000002,230.04350028500002,4.457800460499828,598.134399,-72.62320972113159
2019-02-20,164.449997,166.699997,163.75,164.800003,163.782532,11610728,0.6412232061068726,2019,02,2019-02,2.949996999999996,0.21283430002130532,169.8875,173.02700012000003,229.18725036,4.4639995538771355,598.134399,-72.44766338877628
2019-02-21,165.600006,170.600006,165.100006,169.699997,168.652298,14811723,2.9732972759715257,2019,02,2019-02,5.5,2.47583988614106,169.35999985,173.25899994,228.36825034499998,4.525816820276162,598.134399,-71.62845051484825
2019-02-22,170,175.300003,167.850006,174.300003,173.223892,13011477,2.710669464537473,2019,02,2019-02,7.449996999999996,2.529413529411767,169.30500030000002,173.46299987999998,227.56775039000001,4.530143786137164,598.134399,-70.8593915863381
2019-02-25,175.149994,177.5,173.5,175.75,174.664948,15554532,0.8318972891813411,2019,02,2019-02,4,0.34256695435570933,169.43000030000002,173.64099976,226.77075042,4.522380289050183,598.134399,-70.6169716548939
2019-02-26,173,183.449997,172.5,182.649994,181.522339,31859427,3.9260278805120867,2019,02,2019-02,10.949996999999996,5.578031213872828,169.94749985,173.9549997,226.02325042,4.594601738733435,598.134399,-69.46338576992626
2019-02-27,183.550003,186.100006,176.100006,177.350006,176.255066,19723906,-2.901718135287749,2019,02,2019-02,10,-3.377824515753343,170.13499985,174.02299988,225.20025039,4.652242999249194,598.134399,-70.34947224294318
2019-02-28,180,181.550003,176.600006,177.449997,176.354446,18692372,0.05638060141931352,2019,02,2019-02,4.949996999999996,-1.4166683333333354,170.2774994,174.07699981999997,224.419500345,4.651600301108833,598.134399,-70.33275509706975
2019-03-01,178.649994,184,177.350006,180.300003,179.186844,20539919,1.6060896298578171,2019,03,2019-03,6.649993999999992,0.9235986876103738,170.2324997,174.205,223.66700042,4.588359059298948,598.134399,-69.85627255321927
2019-03-05,183.800003,198.350006,181.399994,194.050003,192.851959,58138551,7.6261784643453385,2019,03,2019-03,16.950012000000015,5.57671372834526,170.85250015000003,174.55800018000002,223.01925040499998,4.888901457315324,598.134399,-67.55745810232192
2019-03-06,195.399994,195.399994,187.75,188.800003,187.634384,22468702,-2.705488234390803,2019,03,2019-03,7.649993999999992,-3.3776822940946403,171.2800003,174.80900024,222.41275039,4.933352908877493,598.134399,-68.4351872563009
2019-03-07,191.399994,193.449997,187.800003,189.300003,188.131287,27051501,0.26483050426646443,2019,03,2019-03,5.649993999999992,-1.0971740155853866,171.9550003,175.1450003,221.80800040499997,4.888597133291031,598.134399,-68.35159400354101
2019-03-08,187.800003,187.949997,180,181.199997,180.081284,28012914,-4.278925447243657,2019,03,2019-03,7.949996999999996,-3.5143801355530373,172.09000015,175.35100036,221.13950042,4.99512672507345,598.134399,-69.70580570137047
2019-03-11,182,184.600006,181.050003,181.850006,180.727280,25669662,0.35872461962568986,2019,03,2019-03,3.550003000000004,-0.08241428571428154,172.04000015000003,175.62300048,220.52575042,4.967756097138202,598.134399,-69.59713296810405
2019-03-12,184.399994,186,183.550003,184.800003,183.659073,18657724,1.622214408945357,2019,03,2019-03,2.449996999999996,0.21692462744874677,173.74500045000002,175.90200042,219.970250465,2.7155877256600456,598.134399,-69.10393327838014
2019-03-13,184.449997,184.899994,180.399994,181.699997,180.578201,9769821,-1.6774923970104088,2019,03,2019-03,4.5,-1.4909189724736076,175.1975006,176.08200042000001,219.34025039,2.7825527491254447,598.134399,-69.62221244861057
2019-03-14,181.5,182.449997,177.649994,179.550003,178.441483,15737080,-1.183265842321391,2019,03,2019-03,4.800003000000004,-1.074378512396692,176.5850006,176.20400054,218.69075034499997,2.803393582008143,598.134399,-69.98166243235912
2019-03-15,180.199997,181.399994,177.600006,180,178.888702,17490993,0.25062489138471145,2019,03,2019-03,3.799987999999985,-0.11098612837379582,177.5925003,176.43300048,218.147500375,2.604401384079095,598.134399,-69.90642900643472
2019-03-18,181,184.699997,179.5,182.25,181.124802,14690339,1.25,2019,03,2019-03,5.199996999999996,0.6906077348066298,178.62250060000002,176.75700042,217.58800040499997,2.60579826116257,598.134399,-69.53025936901516
2019-03-19,182,184.5,180.75,182.850006,181.721100,10318028,0.32922139917695886,2019,03,2019-03,3.75,0.4670362637362679,179.62000120000002,176.9950006,217.020750495,2.6064346841360773,598.134399,-69.42994646258424
2019-03-20,183,183.449997,179.600006,180.199997,179.087463,7543753,-1.4492802368297495,2019,03,2019-03,3.8499909999999886,-1.5300562841530074,180.44250105,177.09200042,216.44850051,2.6469398841712635,598.134399,-69.87299220689029
2019-03-22,181.949997,182,174.899994,175.399994,174.317093,11505994,-2.663708701393599,2019,03,2019-03,7.100006000000008,-3.599891787852024,180.97250060000002,177.00100036,215.88100051,2.740010826358272,598.134399,-70.67548793494487
2019-03-25,173.699997,173.800003,170.550003,171.300003,170.242416,11864723,-2.337509201967241,2019,03,2019-03,3.25,-1.3816891430343505,181.0525009,176.76600036,215.325000525,2.729447409546555,598.134399,-71.36095110289753
2019-03-26,171.899994,173.600006,171.600006,173.100006,172.031311,7820112,1.0507898239791646,2019,03,2019-03,2,0.6980872844009612,180.99250105000002,176.51300048000002,214.754500495,2.669889795179469,598.134399,-71.06001489140236
2019-03-27,174,175,169.149994,169.850006,168.801361,10047628,-1.8775273757067346,2019,03,2019-03,5.850006000000008,-2.3850540229885016,180.69750135,176.30400054,214.170500555,2.694021767062578,598.134399,-71.60337103434173
2019-03-28,169,171.399994,167.550003,170.550003,169.497040,13203927,0.4121265677199895,2019,03,2019-03,3.8499909999999886,0.9171615384615407,180.0925018,176.06700072,213.59850051,2.524359726585393,598.134399,-71.48634098203739
2019-04-01,176.350006,189.75,176.350006,187.350006,186.193329,46389181,9.850485314855142,2019,04,2019-04,13.399993999999992,6.237595478165167,180.5925018,176.10700072,213.05700056999999,3.320778642563832,598.134399,-68.67760718774511
2019-04-02,188.050003,204.399994,185.300003,202.949997,201.697006,100834335,8.326656258553838,2019,04,2019-04,19.09999099999999,7.923421304066659,181.8675018,176.45700072,212.544750585,3.7700664714251224,598.134399,-66.06949920631466
2019-04-03,205,208.949997,199.199997,201.350006,200.106888,81779620,-0.7883670971426467,2019,04,2019-04,9.75,-1.7804848780487765,182.92000195,176.78600096000002,212.001750555,3.7790816138104737,598.134399,-66.33699611046781
2019-04-04,201.850006,206.899994,201.050003,206.149994,204.877258,41268908,2.3839025860272307,2019,04,2019-04,5.849990999999989,2.1302887650149414,183.5250015,177.24300078,211.483750525,3.4334891578997278,598.134399,-65.5345028902108
2019-04-05,208,209.5,202.300003,205.149994,203.883423,32057373,-0.485083691052642,2019,04,2019-04,7.199996999999996,-1.3701951923076958,184.34250105,177.71600066,210.970500555,3.3644606241907318,598.134399,-65.70168939573061
2019-04-08,206,207.399994,198.800003,200.550003,199.311829,23877595,-2.2422574382332123,2019,04,2019-04,8.599990999999989,-2.6456296116504836,184.90500105,178.11000059999998,210.4312506,3.418693629815704,598.134399,-66.47074581644317
2019-04-09,200,207.600006,198.149994,205.899994,204.628784,29611268,2.667659396644331,2019,04,2019-04,9.450012000000015,2.949996999999996,186.14000090000002,178.62300048,209.9312506,3.2742775398306208,598.134399,-65.57629951659075
2019-04-10,206,217.399994,205.600006,216.050003,214.716141,69349488,4.929581979492438,2019,04,2019-04,11.799987999999985,4.87864223300971,187.85000075,179.43600066,209.496750555,3.4067858265331314,598.134399,-63.87935498088616
2019-04-11,216.600006,219.199997,213.300003,218.199997,216.852859,41859862,0.995137222932597,2019,04,2019-04,5.899993999999992,0.7386846517446488,189.52000045000003,180.33500059999997,209.04375059999998,3.4028511621576403,598.134399,-63.51990499713761
2019-04-12,218.949997,219,215,215.949997,214.616745,21788548,-1.0311640838381864,2019,04,2019-04,4,-1.37017585800652,191.23250045000003,181.20800048,208.598250645,3.3802075639699973,598.134399,-63.89607463455717
2019-04-15,217.149994,233.25,217.149994,231.75,230.319199,57283251,7.31650994188252,2019,04,2019-04,16.100006000000008,6.723465992819695,193.8425003,182.37100036,208.22900061500002,3.627234297816778,598.134399,-61.2545273457847
2019-04-16,233.800003,234.100006,225.649994,230.5,229.076920,41653657,-0.5393743257820928,2019,04,2019-04,8.450012000000015,-1.4114640537451164,196.36750030000002,183.48900024,207.846500615,3.6440346722957657,598.134399,-61.463510477684466
2019-04-18,231.899994,239.300003,230.600006,236.25,234.791428,42451178,2.4945770065075923,2019,04,2019-04,8.699996999999996,1.8758111740184036,199.0675003,184.59000029999999,207.487750615,3.6536620348757936,598.134399,-60.50218807094557
2019-04-22,235,239.350006,231.699997,234.850006,233.400070,30282217,-0.5925900529100497,2019,04,2019-04,7.650009000000011,-0.06382723404254996,201.6675003,185.65400054000003,207.215000675,3.673206113783105,598.134399,-60.73624817555427
2019-04-23,235,235.850006,230.25,231.649994,230.219803,18975358,-1.3625769292081753,2019,04,2019-04,5.600006000000008,-1.4255344680851096,204.24000015000001,186.68200042,206.989000615,3.6698140761339317,598.134399,-61.27124699945572
2019-04-24,231.649994,232.949997,217.600006,223.600006,222.219513,50317411,-3.475065058710938,2019,04,2019-04,15.349990999999989,-3.475065058710938,206.65000075000003,187.63800048000002,206.751750705,3.720368359307443,598.134399,-62.617096362652106
2019-04-25,223.399994,225.899994,220.25,221.850006,220.480331,27132908,-0.7826475639718901,2019,04,2019-04,5.649993999999992,-0.6938173865841666,209.17750089999998,188.5050006,206.54425070500002,3.656386074943343,598.134399,-62.90967274731176
2019-04-26,221.899994,221.899994,214,215.600006,214.268906,26038093,-2.817218765367083,2019,04,2019-04,7.899993999999992,-2.839111388168846,211.30250089999998,189.1600006,206.275750795,3.7741442630631132,598.134399,-63.95458840681055
2019-04-30,216.199997,218.649994,210.300003,214.300003,212.976929,21289116,-0.6029698347967596,2019,04,2019-04,8.349990999999989,-0.8788131481796423,213.52500075000003,190.43200072,206.01375074999999,3.730500914397205,598.134399,-64.17193136554582
2019-05-02,211,212.649994,206.5,207.300003,206.020157,21986007,-3.266448857679204,2019,05,2019-05,6.149993999999992,-1.7535530805687185,215.36250075000004,191.5250009,205.70300070500002,3.861481376610104,598.134399,-65.34223690418447
2019-05-03,205,213.649994,203.050003,209.449997,208.156876,37153857,1.0371413260423312,2019,05,2019-05,10.599990999999989,2.170730243902437,216.46750030000004,192.67800078,205.41500075,3.2602782420604273,598.134399,-64.98278692043591
2019-05-06,204,204.5,198,199.800003,198.566467,30117667,-4.607302047371236,2019,05,2019-05,6.5,-2.0588220588235275,216.31000060000002,193.47700072,205.106250825,2.9129765404713086,598.134399,-66.59613569558303
2019-05-07,201.699997,202.850006,189.350006,190.949997,189.771088,30516908,-4.429432365924443,2019,05,2019-05,13.5,-5.329697649921135,215.79000015000003,194.06300078,204.70675078,3.0717632379555866,598.134399,-68.07573727255235
2019-05-08,190,190.899994,183.800003,185.100006,183.957230,28443735,-3.06362455716613,2019,05,2019-05,7.099990999999989,-2.578944210526312,214.73750075000004,194.50700102,204.26475081,3.0701939882863662,598.134399,-69.05377682516468
2019-05-09,184.300003,189.800003,182.300003,186.350006,185.199509,32841616,0.6753106210055984,2019,05,2019-05,7.5,1.1123184843355667,213.79750135,194.95900114,203.81925078,3.081292977206983,598.134399,-68.84479369326492
2019-05-10,187,190.600006,184.300003,185.899994,184.752258,28910719,-0.24148751570204682,2019,05,2019-05,6.300003000000004,-0.5882385026738008,213.0650009,195.38100096000002,203.40975081,3.051862468991201,598.134399,-68.9200296269869
2019-05-13,186.199997,187.149994,179.600006,180.75,179.634079,15373536,-2.7703034783314693,2019,05,2019-05,7.549987999999985,-2.926958693774843,211.80750120000002,195.60200102,202.98300078,3.012271194757524,598.134399,-69.78103912729486
2019-05-14,178.25,186.050003,177.800003,184.5,183.360916,21412933,2.0746887966804977,2019,05,2019-05,8.25,3.506311360448808,210.23000105,195.80600096,202.58750075,2.795990543495253,598.134399,-69.15408973159559
2019-05-15,185.550003,185.949997,167.399994,169.449997,168.403839,31427815,-8.15718319783198,2019,05,2019-05,18.550003000000004,-8.676909587546602,207.79250105,195.6800009,202.17425070500002,3.2132662782534123,598.134399,-71.6702471412282
2019-05-16,176,177.550003,172.800003,175.399994,174.317093,30308248,3.5113585750019203,2019,05,2019-05,4.75,-0.34091250000000434,205.7650009,195.5350009,201.76150061500002,3.3824416161964628,598.134399,-70.67548793494487
2019-05-17,174.949997,177.699997,170.199997,176.850006,175.758148,21575989,0.8266887397955187,2019,05,2019-05,7.5,1.0860297414009168,203.02000120000002,195.5250009,201.38650061500002,2.8069871112068627,598.134399,-70.43306549570309
2019-05-20,181.449997,192,179.25,190.149994,188.976028,29873588,7.52049055627399,2019,05,2019-05,12.75,4.7947077122299415,201.00250090000003,195.77900084,201.074750585,3.4316643537454827,598.134399,-68.2094869785277
2019-05-21,185.25,186.899994,174.050003,176.800003,175.708466,57822527,-7.020768562317173,2019,05,2019-05,12.849990999999989,-4.56140188933873,198.03000105,195.70900084000002,200.69175063,3.5919239853981098,598.134399,-70.44142532253859
2019-05-22,177.600006,180.399994,174.800003,179.100006,177.994263,25845734,1.300906652133939,2019,05,2019-05,5.599990999999989,0.8445945660609944,195.24250105000002,195.4100009,200.29350065999998,3.6383469719300447,598.134399,-70.05689585828353
2019-05-23,182.850006,182.850006,173.5,175.149994,174.068634,22912106,-2.205478429743891,2019,05,2019-05,9.350006000000008,-4.211108420745698,192.41750105,195.13700072,199.87525069,3.644200297915069,598.134399,-70.71728456132482
2019-05-24,177,183.5,175.350006,182.300003,181.174500,22494409,4.08222052237125,2019,05,2019-05,8.149993999999992,2.994351977401132,190.35250090000002,194.99700072,199.497500675,3.7980487841616957,598.134399,-69.52189954217965
2019-05-27,181.75,183.5,179.300003,181.350006,180.230377,14774311,-0.5211173803436504,2019,05,2019-05,4.199996999999996,-0.2200792297111375,188.32750090000002,195.0000009,199.11300070500002,3.799093784549798,598.134399,-69.68072622086396
2019-05-28,181.350006,185.300003,179.800003,180.25,179.137161,23272915,-0.6065651853355921,2019,05,2019-05,5.5,-0.6065651853355921,186.56000060000002,194.96800078,198.67350073499998,3.7734829636747915,598.134399,-69.86463238005477
2019-05-29,179.850006,180,175.350006,176.350006,175.261246,15222008,-2.16365825242718,2019,05,2019-05,4.649993999999992,-1.9460661013266798,184.66250075,194.79900084000002,198.21775076499998,3.784809380314802,598.134399,-70.51665874846299
2019-05-30,177.5,178.5,173.100006,175.149994,174.068634,18078726,-0.6804717659040029,2019,05,2019-05,5.399993999999992,-1.3239470422535256,183.05500030000002,194.66800078,197.77300070500002,3.7437032020753196,598.134399,-70.71728456132482
2019-05-31,177.800003,177.850006,170,172.600006,171.534393,21488115,-1.4558881457911925,2019,05,2019-05,7.850006000000008,-2.9246326840613133,181.21250075,194.52900084,197.310750795,3.7217374463951254,598.134399,-71.14360814416226
2019-06-03,170.5,175,168.399994,174.5,173.422653,21288078,1.1008076094736592,2019,06,2019-06,6.600006000000008,2.346041055718475,179.9475006,194.41900084,196.87900076499997,3.6401723897021214,598.134399,-70.82595478679366
2019-06-04,174.25,177.199997,172.399994,173.25,172.180374,17428731,-0.7163323782234957,2019,06,2019-06,4.800003000000004,-0.5738880918220948,179.06250075,194.23900084000002,196.45300070500002,3.528148919801551,598.134399,-71.03493791869342
2019-06-06,174.050003,175.850006,168.850006,169.699997,168.652298,16874819,-2.049063780663783,2019,06,2019-06,7,-2.49928521977676,178.2925003,193.97600065999998,196.03125067500002,3.495363048442109,598.134399,-71.62845051484825
2019-06-07,169.899994,171.699997,167.25,169.5,168.453522,14465703,-0.11785327256075095,2019,06,2019-06,4.449996999999996,-0.23542908424116388,177.45,193.76200072,195.62075064500002,3.4873118892025783,598.134399,-71.6618873143927
2019-06-10,170.899994,172.050003,163.550003,166.199997,165.173889,20209862,-1.9469044247787632,2019,06,2019-06,8.5,-2.7501446255170707,176.46500015,193.57800078,195.17600066,3.5036718825662088,598.134399,-72.21360328416758
2019-06-11,166.850006,171.899994,165.649994,170.75,169.695816,20363493,2.7376673177677637,2019,06,2019-06,6.25,2.3374251481896815,175.96500015,193.56700072,194.74050062999999,3.532159556466422,598.134399,-71.45290418249294
2019-06-12,170.899994,172.199997,168.100006,169.050003,168.006317,12819208,-0.995605856515371,2019,06,2019-06,4.099990999999989,-1.082499160298384,175.1925003,193.48600066,194.335250615,3.493489879921437,598.134399,-71.7371207403171
2019-06-13,166.899994,168.899994,164.5,167.399994,166.366486,15144315,-0.9760478974969384,2019,06,2019-06,4.399993999999992,0.29958059794777464,175.09000015,193.43700042,193.92875059999997,2.983693937475634,598.134399,-72.01297997910333
2019-06-14,167.5,167.5,163.5,164.199997,163.186234,10920508,-1.9115872847641775,2019,06,2019-06,4,-1.9701510447761215,174.5300003,193.31000029999998,193.50575056999998,2.890971211579376,598.134399,-72.54797629520719
2019-06-17,163.75,164.149994,158,158.75,157.769897,14381813,-3.319121254307938,2019,06,2019-06,6.149993999999992,-3.0534351145038165,173.625,192.73800018000003,193.043000555,2.9546249888948117,598.134399,-73.45914224873063
2019-06-18,159,161,156.75,158.300003,157.322678,14003043,-0.28346267716535195,2019,06,2019-06,4.25,-0.4402496855345888,172.03250045000001,191.84500029999998,192.54325056999997,2.2778488867390103,598.134399,-73.53437567465502
2019-06-19,160,163.75,152.5,154.649994,153.695206,25257018,-2.305754220358424,2019,06,2019-06,11.25,-3.3437537500000043,170.925,190.91100006,191.96600051000001,1.8044596684110858,598.134399,-74.14460792448087
2019-06-20,153.449997,160,152.149994,159.25,158.266800,19247947,2.9744624497043355,2019,06,2019-06,7.850006000000008,3.7797348409202014,169.93249970000002,189.97300018,191.41825056999997,1.9339303540090342,598.134399,-73.37554899597072
2019-06-21,155,160.75,154.5,158.899994,157.918961,23304207,-0.21978398744113506,2019,06,2019-06,6.25,2.5161251612903177,169.11999970000002,189.04800018000003,190.92825057,1.8960397306588261,598.134399,-73.43406527602168
2019-06-24,158.699997,160.199997,156.199997,159.300003,158.316498,13185118,0.251736321651473,2019,06,2019-06,4,0.37807562151372165,167.96999970000002,188.22300018,190.447250585,1.5791214087089156,598.134399,-73.36718916913522
2019-06-25,158,161,156.850006,160.449997,159.459412,13368928,0.7219045689534559,2019,06,2019-06,4.149993999999992,1.5506310126582254,166.92499925,187.31400023999998,189.95550063,1.6090622564916992,598.134399,-73.17492569090646
2019-06-26,160.100006,162.199997,158.75,161.100006,160.105392,18481332,0.4051162431620434,2019,06,2019-06,3.449996999999996,0.6246095955799027,165.96749955,186.21500029999999,189.46100066,1.6246083482518396,598.134399,-73.06625295764005
2019-06-27,161.850006,168,161.100006,165.850006,164.826065,26612983,2.9484790956494438,2019,06,2019-06,6.899993999999992,2.471424066552089,165.44249955,185.16800048000002,188.98175063,1.7539551831186702,598.134399,-72.27211705642095
2019-06-28,165.199997,166.75,161.350006,162.550003,161.546432,15092229,-1.9897515107717292,2019,06,2019-06,5.399993999999992,-1.6041126199294014,164.8125,184.1000006,188.497750615,1.7932161170628926,598.134399,-72.82383302619584
2019-07-01,163.699997,169.399994,163.199997,168,166.962784,23990900,3.3528126111446435,2019,07,2019-07,6.199996999999996,2.626758142213041,164.58249970000003,182.82500059999998,188.000250615,1.9533936605452475,598.134399,-71.9126670726724
2019-07-02,166.800003,167.350006,161.350006,163.75,162.739029,16903683,-2.5297619047619047,2019,07,2019-07,6,-1.8285389359375515,164.0449997,181.49000059999997,187.486000585,2.0023555282207646,598.134399,-72.62320972113159
2019-07-03,163.75,165,161.699997,162.300003,161.297989,13606179,-0.8854943511450358,2019,07,2019-07,3.300003000000004,-0.8854943511450358,163.49749985,180.01100065999998,186.98775053999998,2.004569683082422,598.134399,-72.86562965257579
2019-07-04,162.5,167.75,162,165.199997,164.180069,19512938,1.786810811087904,2019,07,2019-07,5.75,1.661536615384613,163.27249985,178.61800048,186.481250525,2.012598367639813,598.134399,-72.38078978968738
2019-07-05,165.149994,166.949997,159.5,160.199997,159.210938,14374084,-3.026634437529681,2019,07,2019-07,7.449996999999996,-2.997273496722014,162.80749970000002,177.18900054000002,185.93250045000002,2.115288034503022,598.134399,-73.21672231728643
2019-07-08,159.350006,159.5,153.5,154.550003,153.595825,15149035,-3.526837768917057,2019,07,2019-07,6,-3.0122389829091087,162.225,175.80800048,185.318250495,2.209006368224964,598.134399,-74.1613250703543
2019-07-09,154,157.149994,152.75,155.800003,154.838104,16112345,0.8087997254843147,2019,07,2019-07,4.399993999999992,1.1688331168831194,161.47750015000003,174.48700042000002,184.71875045000002,2.107354489417361,598.134399,-73.95234193845454
2019-07-10,156.25,156.25,149.100006,151.649994,150.713730,31737846,-2.6636770989022454,2019,07,2019-07,7.149993999999992,-2.944003840000005,160.6074997,173.20800018000003,184.14050048000001,2.1629442151748894,598.134399,-74.64616744104029
2019-07-11,153,157.699997,150.350006,156.800003,155.831924,24099895,3.3959836490333206,2019,07,2019-07,7.349990999999989,2.4836620915032706,160.07750015000002,172.05800018000002,183.612500525,2.3289268368360196,598.134399,-73.78515543293473
2019-07-12,155.899994,162.850006,154,159.300003,158.316498,27307153,1.5943877245971734,2019,07,2019-07,8.850006000000008,2.1808910396750956,159.83250045000003,171.09800018,183.07600051,2.3332440487107124,598.134399,-73.36718916913522
2019-07-15,159,162.600006,157.850006,160.949997,159.956314,19924720,1.0357777582716006,2019,07,2019-07,4.75,1.2264132075471674,159.9425003,170.12800018000002,182.579500495,2.219975425199619,598.134399,-73.09133243814657
2019-07-16,159.800003,170.949997,159.050003,170,168.950439,39025331,5.622866212293253,2019,07,2019-07,11.899993999999992,6.382976726226968,160.52750015,169.53200012000002,182.172000495,2.5375058181228765,598.134399,-71.5782940616328
2019-07-17,170,172.350006,166.300003,167.899994,166.863388,25236730,-1.235297647058828,2019,07,2019-07,6.050003000000004,-1.235297647058828,161.19000015,169.07100006000002,181.74850043499998,2.48852297620607,598.134399,-71.92938672634342
2019-07-18,167.25,167.25,160,160.75,159.757553,19055022,-4.258483773382382,2019,07,2019-07,7.25,-3.8863976083707024,161.26500015000002,168.58399993999998,181.30050040499998,2.6229202167681587,598.134399,-73.12476923769101
2019-07-19,161.449997,162.399994,153.850006,154.850006,153.893982,18954216,-3.6702917573872424,2019,07,2019-07,8.549987999999985,-4.087947428082014,161.06250075,167.95399994,180.87375045000002,2.7538509343356607,598.134399,-74.11116861713883
2019-07-22,155.449997,159.300003,155.25,156.75,155.782257,15995349,1.2269899427708075,2019,07,2019-07,4.050003000000004,0.8362837086449116,160.93500060000002,167.37100006,180.453500435,2.768871425442849,598.134399,-73.79351525977023
2019-07-23,157.399994,159,154.800003,156.199997,155.235626,12942555,-0.3508791068580566,2019,07,2019-07,4.199996999999996,-0.7623869413870474,160.72250060000002,166.88,180.06775039000001,2.763632964818828,598.134399,-73.88546833936564
2019-07-24,156.350006,157.550003,150.5,151.25,150.316193,16292964,-3.1690122247569548,2019,07,2019-07,7.050003000000004,-3.2619160884458216,160.2300003,166.215,179.69775039,2.8437861471151,598.134399,-74.71304104012918
2019-07-25,151.300003,152.5,143.75,144.300003,143.409119,34364032,-4.595039338842972,2019,07,2019-07,8.75,-4.626569637278857,159.15250015,165.71200012,179.30075042000001,2.893339967378184,598.134399,-75.87498675193231
2019-07-26,138.100006,150.149994,138.100006,147.149994,146.241501,83905651,1.9750456969844892,2019,07,2019-07,12.049987999999985,6.553213328607664,158.3824997,165.14700012,178.88975036,2.9325512514022694,598.134399,-75.39850671587942
2019-07-29,146.899994,146.899994,136.850006,137.550003,136.700790,38844222,-6.523949297612604,2019,07,2019-07,10.049987999999985,-6.364868197339741,156.85999985,164.36100006,178.43950034499997,3.0851143390516276,598.134399,-77.003495664191007
2019-07-30,138,139.699997,132.600006,133.449997,132.626083,35725524,-2.9807385754837155,2019,07,2019-07,7.099990999999989,-3.2971036231884083,155.34499970000002,163.22700011999999,177.99050033,3.098890051159026,598.134399,-77.68896133994126
2019-07-31,133.5,136.399994,132.5,135.600006,134.762833,27024859,1.6110970763079233,2019,07,2019-07,3.8999939999999924,1.5730382022471967,154.00999985,162.40300018,177.58725035999998,3.152379626236822,598.134399,-77.32950884839512
2019-08-01,135.5,136.300003,127.550003,129.550003,128.750168,38991424,-4.461653932375198,2019,08,2019-08,8.75,-4.3911416974169715,152.22750015000003,161.41200012,177.17325034499999,3.1870388903594473,598.134399,-78.34098770834947
2019-08-02,128.5,133.199997,127,130.699997,129.893082,44016138,0.88768349932033,2019,08,2019-08,6.199996999999996,1.7120599221789854,150.75250015,160.52300018,176.90500029999998,3.1865374833574274,598.134399,-78.14872423012073
2019-08-05,128,128.199997,122.300003,123.75,122.985985,35452262,-5.31751886727281,2019,08,2019-08,5.899993999999992,-3.3203125,149.2125,159.35200011999999,176.5800003,3.28594743076674,598.134399,-79.31066994192388
2019-08-06,123.050003,126.550003,121.75,122.5,121.743698,34790369,-1.0101010101010102,2019,08,2019-08,4.800003000000004,-0.44697520243051414,147.54749985,158.175,176.27775031500002,3.2567358790934904,598.134399,-79.51965307382363
2019-08-07,122.599998,123.849998,116.5,117.400002,116.675186,37287779,-4.1632636734693875,2019,08,2019-08,7.349997999999999,-4.2414323693545235,145.83500025,156.91800004,175.946000325,3.310376973354622,598.134399,-80.37230391760164
2019-08-08,118,125,116.900002,124.050003,123.284134,35876237,5.664395985274347,2019,08,2019-08,8.099998,5.127121186440681,144.19750025000002,155.87199998,175.64450031,3.509689978370322,598.134399,-79.26051348870841
2019-08-09,124.5,126.5,120.699997,122.050003,121.296478,39245417,-1.612253084750026,2019,08,2019-08,5.800003000000004,-1.967869076305218,142.33500025,154.81000016,175.32550029499998,3.4526211876207884,598.134399,-79.59488649974803
2019-08-13,123.800003,126.300003,121,121.949997,121.197098,35498118,-0.08193854776063184,2019,08,2019-08,5.300003000000004,-1.4943505292160675,140.38500025000002,153.79699998,175.035500295,3.422311525373272,598.134399,-79.61160615341905
2019-08-14,122.699997,123.800003,118.599998,120.900002,120.153580,30136178,-0.86100453122602,2019,08,2019-08,5.200005000000004,-1.4669886259247387,137.93000035,152.72500002,174.76650031999998,3.012342240328227,598.134399,-79.78715114828232
2019-08-16,119.900002,122.449997,117.349998,121.349998,120.600800,35264621,0.37220512204788775,2019,08,2019-08,5.099998999999997,1.2093377613121297,135.60250055,151.68699998,174.51950031,3.045153013934281,598.134399,-79.71191788954441
2019-08-19,121.199997,122.599998,120,120.800003,120.054192,23194786,-0.45323033297453835,2019,08,2019-08,2.5999979999999994,-0.3300280609742857,133.6050007,150.7090001,174.270250355,2.9863767849827902,598.134399,-79.80386963164779
2019-08-20,120,124.800003,119,123.849998,123.085358,34809225,2.5248302353105037,2019,08,2019-08,5.800003000000004,3.208331666666666,132.05500030000002,149.79600006,174.03625037499998,3.0563148714289645,598.134399,-79.2939516257449
2019-08-21,123,123,109.5,112.400002,111.706055,83509593,-9.245051420993967,2019,08,2019-08,13.5,-8.617884552845528,129.8375004,148.72000016,173.771500355,3.506668772027047,598.134399,-81.20823644520068
2019-08-22,112,114,106.199997,107.699997,107.035072,58612708,-4.181499035916391,2019,08,2019-08,7.800003000000004,-3.8392883928571466,127.41250040000003,147.4590001,173.46750034000002,3.539909620711248,598.134399,-81.9940138570763
2019-08-23,108.900002,111.599998,107.650002,111.050003,110.364395,41178606,3.1104977653806323,2019,08,2019-08,3.9499959999999987,1.974289219939595,125.40250055000001,146.2990001,173.146000325,3.68580083493614,598.134399,-81.4339380604659
2019-08-26,114.550003,115.400002,106.800003,110.550003,109.867477,47757623,-0.45024762403653423,2019,08,2019-08,8.599998999999997,-3.491924832162597,123.71500055000001,145.16200028,172.81250034,3.6165426532984837,598.134399,-81.51753131322582
2019-08-27,112.699997,121.400002,111.800003,120.349998,119.606972,70636441,8.864762310318522,2019,08,2019-08,9.599998999999997,6.787933632331865,122.37500075,144.28500029999998,172.5187503,4.218866389075895,598.134399,-79.87910439506423
2019-08-28,120.550003,124,114.800003,116.349998,115.631668,74245952,-3.3236394403596083,2019,08,2019-08,9.199996999999996,-3.4840355831430414,121.31500050000002,143.43700026,172.203250305,4.05234957379814,598.134399,-80.54785041714345
2019-08-29,116.5,118.5,112.099998,114.300003,113.594322,48098849,-1.7619209585203393,2019,08,2019-08,6.400002000000001,-1.8884094420600825,120.3575008,142.55700026,171.823250305,4.026201806886796,598.134399,-80.89058191752653
2019-08-30,115.599998,117.300003,112,116.699997,115.979507,42250518,2.0997322283534783,2019,08,2019-08,5.300003000000004,0.9515562448366105,119.41250035,141.79800032,171.457750275,4.042378347771423,598.134399,-80.48933530739804
2019-09-03,113.050003,115.349998,111.199997,112.650002,111.954514,36905736,-3.4704328227189203,2019,09,2019-09,4.150001000000003,-0.35382661599752735,118.5675003,140.86600036,171.054750285,3.99929080641733,598.134399,-81.16643981882072
2019-09-04,112,113,106,109.5,108.823959,76317447,-2.7962733635814767,2019,09,2019-09,7,-2.232142857142857,117.50750045000002,139.87800048,170.62800025500002,4.010996374519816,598.134399,-81.69307764558113
2019-09-05,109.75,119.349998,109.5,118.050003,117.321175,75789807,7.808221917808222,2019,09,2019-09,9.849998,7.562645102505698,117.22250060000002,139.05300048,170.24200026999998,4.297328994858946,598.134399,-80.26363252182726
2019-09-06,118.349998,122.300003,116.550003,121.25,120.501419,67761586,2.710713188207201,2019,09,2019-09,5.75,2.450360835663048,117.16000060000002,138.26900054,169.918000255,4.338401379525226,598.134399,-79.72863620572339
2019-09-09,119,122.599998,117.349998,121.900002,121.147408,51297512,0.5360841237113407,2019,09,2019-09,5.25,2.436976470588236,117.38500060000001,137.48500046,169.63000026499998,4.224668269313604,598.134399,-79.61996464276251
2019-09-11,127,135,125.300003,134.350006,133.520554,96568372,10.213292695434088,2019,09,2019-09,9.699996999999996,5.787406299212605,117.90000075,136.85500046,169.41775028,4.632942762486611,598.134399,-77.53849198029489
2019-09-12,134.600006,135.350006,126.699997,127.949997,127.160049,72084195,-4.7636834493330875,2019,09,2019-09,8.650009000000011,-4.940571102203377,118.19500045000002,136.16300034,169.15650028,4.76040736051894,598.134399,-78.6084871203002
2019-09-13,129.199997,130.949997,125.5,129.550003,128.750168,69088728,1.2504931907110617,2019,09,2019-09,5.449996999999996,0.27090248307049697,118.57500075,135.3940004,168.90475032499998,4.763476353371952,598.134399,-78.34098770834947
2019-09-16,128,130.300003,126.5,128.600006,127.806046,40951047,-0.7333052705525573,2019,09,2019-09,3.800003000000004,0.46875468750000593,118.96000095000002,134.69100052,168.62475032499998,4.761769450632982,598.134399,-78.49981438703378
2019-09-17,129,130.5,121.349998,122,121.246780,47652658,-5.132197272214752,2019,09,2019-09,9.150002,-5.426356589147287,118.99250105000002,133.88500046000001,168.31600032499998,4.920823201748453,598.134399,-79.60324632658353
2019-09-18,123.050003,125.900002,120.5,121.75,120.998329,53048836,-0.20491803278688525,2019,09,2019-09,5.400002000000001,-1.0564835175176743,119.04000090000002,133.01600052,168.004000355,4.919559803186571,598.134399,-79.64504295296348
2019-09-19,123.5,125.349998,121.199997,124.199997,123.433197,51011848,2.012317864476383,2019,09,2019-09,4.150001000000003,0.5667991902833978,119.05750085000003,132.29600052,167.71225032499999,4.907874567099535,598.134399,-79.23543651599948
2019-09-20,125,137.75,122.599998,133.25,132.427338,89223235,7.286637052012171,2019,09,2019-09,15.150002,6.6000000000000005,120.10000075,131.87000046,167.46975032499998,4.630634661714928,598.134399,-77.7223981394857
2019-09-23,135,138.399994,126.5,127.900002,127.110359,51032391,-4.015007879924952,2019,09,2019-09,11.899993999999992,-5.259257777777777,121.11000100000001,131.31200044000002,167.20900031999997,4.621056853112406,598.134399,-78.61684560964368
2019-09-24,128.050003,132.199997,128,130.899994,130.091827,41659100,2.3455761947525158,2019,09,2019-09,4.199996999999996,2.2256860079886045,122.10250055000002,130.89700044,166.991250305,4.605478623562917,598.134399,-78.11528743057629
2019-09-25,129.899994,129.899994,121.5,123.050003,122.290306,47567575,-5.996937631639608,2019,09,2019-09,8.399993999999992,-5.273280459119952,122.72750055000002,130.22200044000002,166.72025032,4.852935417676494,598.134399,-79.42769999422822
2019-09-26,123.900002,127.25,122.800003,124.5,123.731346,45866398,1.1783803044685794,2019,09,2019-09,4.449996999999996,0.48425987918870206,122.93500065,129.52600038,166.48300033499999,4.455967766417488,598.134399,-79.18528006278402
2019-09-27,122,122.449997,118.199997,119.900002,119.159752,45875793,-3.69477751004016,2019,09,2019-09,4.25,-1.7213098360655734,123.11250085000002,128.70500048,166.20525035999998,4.472429182930114,598.134399,-79.95433765380213
2019-09-30,120.650002,120.849998,116.400002,117.449997,116.724876,32158885,-2.0433736106192932,2019,09,2019-09,4.449995999999999,-2.6523041416940916,123.27000055,127.65400041999999,165.913750345,4.479508937949045,598.134399,-80.36394542825818
2019-10-01,118,119.849998,113,115.300003,114.588150,40232789,-1.8305611365830792,2019,10,2019-10,6.849997999999999,-2.2881330508474544,123.20000085000001,126.60200060000001,165.644250375,4.4793558169909256,598.134399,-80.72339541200672
2019-10-03,112.650002,123.5,112.650002,122.400002,121.644318,65103359,6.15784806180794,2019,10,2019-10,10.849998,8.655126344338635,123.68750085000002,125.83500064,165.443000415,4.598811262042617,598.134399,-79.5363713900026
2019-10-04,122.800003,123.800003,118.800003,119.650002,118.911293,35712218,-2.246731989432484,2019,10,2019-10,5,-2.5651473314703446,124.19500095000001,125.13100055999999,165.229250455,4.579590870693523,598.134399,-79.99613428018208
2019-10-07,120.25,120.550003,116.349998,117.5,116.774567,35471184,-1.7969092888105431,2019,10,2019-10,4.200005000000004,-2.2869022869022873,124.16750080000001,124.34600056,165.031250425,4.2706965642338925,598.134399,-80.35558560142266
2019-10-09,118.5,121.699997,115.449997,120.900002,120.153580,44666296,2.8936187234042556,2019,10,2019-10,6.25,2.025318143459916,124.15000090000001,123.64000066,164.845250405,4.276859233680176,598.134399,-79.78715114828232
2019-10-10,119.300003,119.699997,116.199997,116.800003,116.078888,31229192,-3.391231540260849,2019,10,2019-10,3.5,-2.0955573655769313,123.89500095000001,122.95100072000001,164.60875038999998,4.344003095766111,598.134399,-80.47261565372702
2019-10-11,118.050003,122.199997,117.25,121.300003,120.551109,41027561,3.852739627070044,2019,10,2019-10,4.949996999999996,2.753070662776688,123.24250080000002,122.49100072000002,164.381000375,3.737779273520487,598.134399,-79.72027637888787
2019-10-14,122.599998,130,122.5,127.849998,127.060661,68048611,5.399830863977798,2019,10,2019-10,7.5,4.28221866692037,123.23750085000002,122.1050008,164.18550038,3.8097286830177364,598.134399,-78.62520560366568
2019-10-15,127.099998,128.899994,123.699997,126.949997,126.166222,57548920,-0.7039507345162439,2019,10,2019-10,5.199996999999996,-0.11801809784450443,123.10750055000001,121.89300068,163.95050038000002,3.8027680749748076,598.134399,-78.77567362582
2019-10-16,127.300003,128.300003,124.5,125.849998,125.073013,31522518,-0.8664821000350216,2019,10,2019-10,3.800003000000004,-1.1390455348221826,122.97000015,121.7410007,163.70600037,3.804174953187828,598.134399,-78.95957861470528
2019-10-17,127.099998,144.350006,125.099998,139.5,138.638733,67933615,10.846247291954665,2019,10,2019-10,19.250008000000008,9.756099288058211,123.84500015,121.81900058,163.5340004,4.321131572805334,598.134399,-76.6774824799869
2019-10-18,139,141.800003,135.600006,136.850006,136.005112,64884113,-1.8996372759856577,2019,10,2019-10,6.199996999999996,-1.5467582733812895,124.60000045000001,121.96500064,163.33625046,4.357494367504301,598.134399,-77.12052571649537
2019-10-22,133.350006,135.600006,129.800003,131.75,130.936584,53532482,-3.7267122955040333,2019,10,2019-10,5.800003000000004,-1.19985446419853,124.97750060000001,121.9860007,163.11375046,4.45267569288373,598.134399,-77.97317789776541
2019-10-23,130.449997,133.800003,127.25,132.649994,131.831024,50293574,0.6831074003795009,2019,10,2019-10,6.550003000000004,1.6864676508961487,124.9475003,122.16400057999999,162.91450042999998,4.148608578728091,598.134399,-77.82271104591662
2019-10-24,133,135.149994,130.5,133.5,132.675781,41951668,0.640788570258064,2019,10,2019-10,4.649993999999992,0.37593984962406013,125.22750020000001,122.38400057999999,162.72750046,4.037205287450407,598.134399,-77.68060151310576
2019-10-25,132,133,125.699997,126.849998,126.066841,42868958,-4.981274906367042,2019,10,2019-10,7.300003000000004,-3.901516666666667,125.02500040000002,122.57300049999999,162.52050045,4.171071564701058,598.134399,-78.79239210918549
2019-10-27,139.5,150.699997,139.5,147.699997,146.788116,39489993,16.436735773539386,2019,10,2019-10,11.199996999999996,5.8781340501792085,126.25750010000002,123.04600038000001,162.404750405,5.3460358178534255,598.134399,-75.30655363628401
2019-10-29,151.899994,175.5,151.199997,172.449997,171.385315,184435614,16.756940083079353,2019,10,2019-10,24.300003000000004,13.528639770716518,128.65499995,124.05400026,162.403500405,6.397872388098973,598.134399,-71.16868762466878
2019-10-30,175,175.649994,166.550003,171.899994,170.838699,90759545,-0.31893476924792513,2019,10,2019-10,9.099990999999989,-1.7714320000000043,131.25499955,125.0530002,162.39575039,6.288192785111488,598.134399,-71.2606407042642
2019-10-31,169.800003,179.649994,168.949997,177.699997,176.602905,81392641,3.3740565459240237,2019,10,2019-10,10.699996999999996,4.652528775279228,134.26749955,126.18900009999999,162.44150036,6.221492734682337,598.134399,-70.2909584706898
2019-11-01,175.199997,178,172.399994,175.050003,173.969269,40613555,-1.491274082576373,2019,11,2019-11,5.600006000000008,-0.0856130151646021,137.25499955,127.26300020000001,162.48650035999998,6.210192722087321,598.134399,-70.73400170719826
2019-11-04,171.600006,178.449997,170.850006,172.199997,171.136856,40641411,-1.6281096550452543,2019,11,2019-11,7.599990999999989,0.34964509266974536,139.74499930000002,128.29100008,162.49275036,6.198397735220089,598.134399,-71.21048425104874
2019-11-05,173.25,175.75,169.949997,172,170.938095,36268596,-0.11614227844614668,2019,11,2019-11,5.800003000000004,-0.7215007215007215,142.3624992,129.25400012,162.47600032999998,6.141578093377705,598.134399,-71.24392105059319
2019-11-06,172,176.350006,170.5,174.5,173.422653,28923778,1.4534883720930232,2019,11,2019-11,5.850006000000008,1.4534883720930232,145.2124992,130.49600008,162.44875034499998,6.078549182636592,598.134399,-70.82595478679366
2019-11-07,174.699997,174.699997,167.600006,171.5,170.441177,38625387,-1.7191977077363898,2019,11,2019-11,7.099990999999989,-1.831709819663017,147.7424991,131.77200014,162.39100033,6.136512318022184,598.134399,-71.32751430335308
2019-11-08,170.75,178.899994,167.800003,169.050003,168.006317,39102947,-1.4285696793002893,2019,11,2019-11,11.099990999999989,-0.995605856515371,150.35499910000001,132.93200014,162.307500345,6.0621803204335825,598.134399,-71.7371207403171
2019-11-11,169.199997,172.949997,169.050003,172,170.938095,22192924,1.7450440388338806,2019,11,2019-11,3.8999939999999924,1.6548481380883262,152.88999895,134.16100008,162.26600033,6.047094186700054,598.134399,-71.24392105059319
2019-11-13,171.5,176,169.399994,170.600006,169.546738,33926248,-0.8139499999999956,2019,11,2019-11,6.600006000000008,-0.5247778425655932,155.02749935000003,135.16600024,162.20700039,6.0186074990898435,598.134399,-71.47798115520187
2019-11-14,170.199997,170.300003,165.5,167.050003,166.018661,25433481,-2.080892658350788,2019,11,2019-11,4.800003000000004,-1.8507603146432443,157.03249965,136.18000034,162.11550037499998,6.054265209948352,598.134399,-72.07149375135671
2019-11-15,169,173.399994,167.350006,168.550003,167.509384,29614682,0.8979347339490918,2019,11,2019-11,6.049987999999985,-0.2662704142011812,159.1674999,137.26500034,162.031000405,6.030110156000595,598.134399,-71.820713993077
2019-11-18,172.100006,172.100006,169.25,170.100006,169.049835,19053232,0.9196101883190141,2019,11,2019-11,2.8500060000000076,-1.1621150088745493,160.6975002,138.33300052,161.957000465,5.626770152835822,598.134399,-71.56157440796179
2019-11-19,170.800003,171.75,167.100006,167.75,166.714340,19599195,-1.3815437490343223,2019,11,2019-11,4.649993999999992,-1.7857160107895336,162.2424999,139.43500047999999,161.87925045,5.613239503437825,598.134399,-71.95446369905237
2019-11-20,167.75,170.199997,166.199997,167.399994,166.366486,19504078,-0.20864739195231452,2019,11,2019-11,4,-0.20864739195231452,164.0249996,140.59300036000002,161.80875042,5.50610986866134,598.134399,-72.01297997910333
2019-11-21,166.949997,170.100006,163,164.149994,163.136551,21609120,-1.941457656205173,2019,11,2019-11,7.100006000000008,-1.6771506740428415,165.5999996,141.51500018000002,161.72525036,5.553584644496175,598.134399,-72.5563361220427
2019-11-22,164.899994,165.25,160.550003,162.350006,161.347672,21200979,-1.0965507558897534,2019,11,2019-11,4.699996999999996,-1.5463845317059168,167.0424999,142.3370003,161.63575039,5.5764267317010034,598.134399,-72.85726982574029
2019-11-25,160.699997,166.600006,159.899994,166.100006,165.074524,26131453,2.309824367976925,2019,11,2019-11,6.700012000000015,3.3603043564462616,169.0050003,143.22100038,161.58925045,5.391918238960879,598.134399,-72.230320430041
2019-11-26,166.649994,167.300003,162.550003,163.399994,162.391190,25520822,-1.6255339569343636,2019,11,2019-11,4.75,-1.9501950897159948,169.79000015000003,143.80200014,161.54000041999998,4.117577601476486,598.134399,-72.68172600118255
2019-11-27,165.300003,169.300003,165,165.899994,164.875748,29527702,1.5299878162786225,2019,11,2019-11,4.300003000000004,0.36297095529997575,169.4625,144.56100007999999,161.508000375,1.6183133308748803,598.134399,-72.26375973738304
2019-11-28,165.75,166.300003,163.550003,164.800003,163.782532,16609775,-0.6630446291637531,2019,11,2019-11,2.75,-0.5731505279034668,169.10750045000003,145.26600008,161.46400036,1.6216822586250164,598.134399,-72.44766338877628
2019-11-29,164.800003,167.75,160.600006,161.5,160.502914,20010205,-2.0024289684023877,2019,11,2019-11,7.149993999999992,-2.0024289684023877,168.2975006,145.92399996,161.39850033,1.432987101155543,598.134399,-72.99937935855115
2019-12-02,160.949997,163,158.949997,161.050003,160.055710,19441998,-0.27863591331269116,2019,12,2019-12,4.050003000000004,0.062134825637808234,167.59750060000002,146.70500002,161.29775035999998,1.4128840223432348,598.134399,-73.07461278447556
2019-12-03,162.949997,162.949997,157.399994,158.199997,157.223282,21156471,-1.7696404513572146,2019,12,2019-12,5.550003000000004,-2.915004656305701,166.8975006,147.43399996,161.18050037499998,1.4196630606247738,598.134399,-73.55109532832603
2019-12-04,158.5,170.350006,157.699997,169.399994,168.354141,72084687,7.0796442556190415,2019,12,2019-12,12.650009000000011,6.876967823343843,166.7675003,148.3379999,161.126250345,2.1976481701058073,598.134399,-71.67860696806372
2019-12-05,170.350006,172.199997,165.199997,166.100006,165.074524,31787128,-1.948044933224723,2019,12,2019-12,7,-2.494863428416903,166.34750060000002,148.99500002000002,161.07775035999998,2.2064702248344816,598.134399,-72.230320430041
2019-12-06,167,168,160.050003,161.5,160.502914,27727162,-2.769419526691653,2019,12,2019-12,7.949996999999996,-3.293413173652695,165.84750060000002,149.66699998000001,160.99275036,2.2558755169691915,598.134399,-72.99937935855115
2019-12-09,162,166.449997,159.75,160.5,159.509079,30920409,-0.6191950464396285,2019,12,2019-12,6.699996999999996,-0.9259259259259258,165.42000045000003,150.25900009999998,160.88100032999998,2.241329907514578,598.134399,-73.16656586407096
2019-12-10,162.149994,163.25,159.050003,159.699997,158.714035,26259395,-0.498444236760127,2019,12,2019-12,4.199996999999996,-1.5109448601027986,164.80500030000002,150.99199998,160.92600033,2.192583207303177,598.134399,-73.30031557004632
2019-12-11,160.399994,163,157.399994,161.800003,160.801056,21154277,1.3149693421722528,2019,12,2019-12,5.600006000000008,0.8728235987340569,164.36500015000001,151.73800004,160.971750375,2.2202754129410347,598.134399,-72.9492229053357
2019-12-12,163.449997,174.899994,162.5,173.350006,172.279770,66138915,7.138444243415745,2019,12,2019-12,12.399993999999992,6.0569037514268125,164.68000030000002,152.80700012,161.07950039,2.719274571122673,598.134399,-71.0182182650224
2019-12-13,177.25,183.949997,175.5,176.699997,175.609070,93019636,1.9325012310642715,2019,12,2019-12,8.449996999999996,-0.31029788434414884,165.0875,153.99200012,161.16375034499998,2.742601891241783,598.134399,-70.4581449762096
2019-12-16,177,178.800003,173.350006,174.949997,173.869873,26249975,-0.990379190555391,2019,12,2019-12,5.449996999999996,-1.1581937853107367,165.32999955,155.185,161.23025035999999,2.7520697871440296,598.134399,-70.75072136086926
2019-12-17,176,181.149994,175.350006,180.199997,179.087463,38213263,3.000857439283066,2019,12,2019-12,5.799987999999985,2.3863619318181795,165.95249940000002,156.3409999,161.316750375,2.7956809514662315,598.134399,-69.87299220689029
2019-12-18,182.100006,184.5,170.449997,174.800003,173.720810,63861334,-2.9966670865149863,2019,12,2019-12,14.050003000000004,-4.008787896470472,166.32249985,157.44399992,161.37200038999998,2.895093147669074,598.134399,-70.7757983335782
2019-12-19,174.649994,180.199997,174,179.149994,178.043945,53466924,2.4885531609515983,2019,12,2019-12,6.199996999999996,2.5765818234153506,167.07249985,158.6769998,161.44375034499998,2.8876306047229945,598.134399,-70.0485385392456
2019-12-20,180.399994,181.699997,174.850006,175.949997,174.863693,48818008,-1.7862110561946187,2019,12,2019-12,6.849990999999989,-2.466738995567814,167.7524994,159.7779997,161.47500034499998,2.911428113371776,598.134399,-70.58353485534946
2019-12-23,176.850006,179,174.149994,176.050003,174.963089,27192195,0.05683773896285294,2019,12,2019-12,4.850006000000008,-0.45236243870978654,168.24999925000003,160.9629997,161.48375034499998,2.8787721442600103,598.134399,-70.56681520167845
2019-12-24,177.649994,178,174.649994,175.5,174.416473,20560311,-0.3124129455425251,2019,12,2019-12,3.3500060000000076,-1.2102415269431377,168.85499955,162.04699964,161.48250034499998,2.8466266948279144,598.134399,-70.65876828127385
2019-12-26,175.899994,176.449997,174.100006,174.600006,173.522049,18785333,-0.5128170940170897,2019,12,2019-12,2.3499909999999886,-0.739049485129593,169.29000015000003,162.98199979999998,161.44225040499998,2.84041467103933,598.134399,-70.80923513312266
2019-12-27,176,176.949997,174.850006,176.149994,175.062454,12095797,0.8877365101579576,2019,12,2019-12,2.0999909999999886,0.08522386363635932,169.8574997,163.96599974,161.436250345,2.8340960316119075,598.134399,-70.55009805580501
2019-12-30,177.199997,184.350006,176.300003,183.699997,182.565857,40948394,4.286121633362079,2019,12,2019-12,8.050003000000004,3.6681716196643053,170.96749955,165.12299972,161.467500345,2.904901606856979,598.134399,-69.28783943757095
2019-12-31,184,187.899994,181.550003,185.149994,184.006912,52869996,0.7893288098420581,2019,12,2019-12,6.349990999999989,0.6249967391304306,172.1724991,166.0359996,161.4917503,2.8960542198197663,598.134399,-69.04541950612675
2020-01-01,185.149994,186.699997,183.600006,184.449997,183.311234,25968357,-0.37807022559233583,2020,01,2020-01,3.0999909999999886,-0.37807022559233583,173.4849991,166.98799942000002,161.44375027,2.8489551426629594,598.134399,-69.1624495584311
2020-01-02,185,194.699997,184.600006,193.75,192.553818,57289863,5.04201851518599,2020,01,2020-01,10.099990999999989,4.72972972972973,174.70249940000002,168.22799942,161.468500255,2.641778079683314,598.134399,-67.60761455553738
2020-01-03,192.899994,195.649994,189.25,191.100006,189.920181,47572728,-1.3677388387096736,2020,01,2020-01,6.399993999999992,-0.933119780190343,175.95249940000002,169.39699966,161.47750027,2.614132706452387,598.134399,-68.05065779204583
2020-01-06,191,191,185.050003,185.649994,184.503815,28621212,-2.851916184659887,2020,01,2020-01,5.949996999999996,-2.8010502617801087,177.1599991,170.43999954,161.499750255,2.6200123257251224,598.134399,-68.96182625336685
2020-01-07,187,189.399994,182.300003,184.699997,183.559677,34995035,-0.5117139944534532,2020,01,2020-01,7.099990999999989,-1.2299481283422482,178.36999895000002,171.59699952,161.51400021,2.617205451720183,598.134399,-69.12065293205116
2020-01-08,180.199997,184.199997,180.199997,182.550003,181.422958,21862695,-1.1640465808995073,2020,01,2020-01,4,1.3041098996244753,179.51249925000002,172.29399964,161.50275021,2.637886198015141,598.134399,-69.4801029157997
2020-01-09,184.850006,192.75,184.25,192,190.814621,40803142,5.176662199233158,2020,01,2020-01,8.5,3.8679977105329346,181.0224991,172.68499970000002,161.554250225,2.820058399382066,598.134399,-67.90019094019704
2020-01-10,192,199,190,196.350006,195.137756,60252338,2.2656281250000037,2020,01,2020-01,9,2.2656281250000037,182.1724991,173.17399994,161.63825024,2.43684293552163,598.134399,-67.17292863806684
2020-01-13,194.75,197.75,191.399994,196.25,195.038376,40535961,-0.05093251690555466,2020,01,2020-01,6.350006000000008,0.7702182284980745,183.14999925,173.545,161.71950024,2.4223349696013683,598.134399,-67.18964829173785
2020-01-14,195.699997,198.25,193.600006,195.850006,194.640839,29867542,-0.2038185987261108,2020,01,2020-01,4.649993999999992,0.07665253055676408,184.1949997,173.96100006,161.78750027,2.4022510942226507,598.134399,-67.25652189082675
2020-01-15,195,201.699997,194,200.350006,199.113068,38485962,2.2976767230734727,2020,01,2020-01,7.699996999999996,2.7435928205128244,185.20250015000002,174.52400024,161.87500027,2.370083668341712,598.134399,-66.50418261598762
2020-01-16,199.5,200.600006,196.899994,197.550003,196.330353,28118140,-1.3975557355361414,2020,01,2020-01,3.700012000000015,-0.9774421052631561,186.34000015,175.03500029999998,161.9617503,2.268668078367808,598.134399,-66.9723053330026
2020-01-17,197.25,199.449997,195.699997,197.300003,196.081894,18204088,-0.12655023852366126,2020,01,2020-01,3.75,0.025350063371358072,187.24750060000002,175.49100036,162.07125034499998,2.231432741955997,598.134399,-67.01410195938254
2020-01-20,198,201.449997,194.300003,195,193.796097,28976013,-1.1657389584530335,2020,01,2020-01,7.149993999999992,-1.5151515151515151,188.20000075000002,175.96100035999999,162.18975032999998,2.201992506868632,598.134399,-67.39863142363762
2020-01-21,195.5,196.399994,190.199997,191.399994,190.218307,20859400,-1.8461569230769268,2020,01,2020-01,6.199996999999996,-2.0971897698209756,188.9675003,176.40800018000002,162.28125027,2.264113849882409,598.134399,-68.00050384662796
2020-01-22,191.949997,192.5,184.25,185.600006,184.454132,32952072,-3.0302968557041776,2020,01,2020-01,8.25,-3.3081485278689473,189.47250060000002,176.6800003,162.36000027,2.3898981366947,598.134399,-68.97018357240478
2020-01-23,186.75,190.399994,183.800003,188.399994,187.236832,33032086,1.508614175368068,2020,01,2020-01,6.599990999999989,0.883530923694775,190.1625,177.03600006,162.449250225,2.3961433599817568,598.134399,-68.502063363187375
2020-01-24,188,191,185,186.5,185.348557,21791825,-1.0084894164062406,2020,01,2020-01,6,-0.7978723404255319,190.68000030000002,177.425,162.445000195,2.4136119092364443,598.134399,-68.81971672055597
2020-01-27,185.699997,186.899994,180.850006,182.199997,181.075104,30132428,-2.305631635388742,2020,01,2020-01,6.049987999999985,-1.8847603966304856,190.6050003,177.69799988,162.341250195,2.2894023142163302,598.134399,-69.53861919585067
2020-01-28,183.899994,184.300003,174.899994,176.100006,175.012787,38283588,-3.347964380043315,2020,01,2020-01,9.400009000000011,-4.241429175903065,190.1525009,177.81799988,162.215000195,2.3971458628482933,598.134399,-70.55845537484294
2020-01-29,178.800003,188.899994,178.550003,188.050003,186.889008,61585660,6.78591515777688,2020,01,2020-01,10.349990999999989,5.173377989260996,190.33250120000002,178.22399994,162.12450024,2.8628186491081697,598.134399,-68.56057713544075
2020-01-30,190.949997,192.550003,184.25,186.199997,185.050415,70900581,-0.9837840842789072,2020,01,2020-01,8.300003000000004,-2.4875622281366154,189.95500105000002,178.6,162.029750255,2.626534510639253,598.134399,-68.86987317377144
2020-01-31,186.300003,188.350006,175.949997,176.600006,175.509689,75621897,-5.155741758685414,2020,01,2020-01,12.400009000000011,-5.206654237144589,189.23000105,178.84900023999998,161.91000027,2.8451983207401117,598.134399,-70.47486212208304
2020-02-03,163.5,168.300003,159.550003,163.850006,162.838409,66616190,-7.219705303973773,2020,02,2020-02,8.75,0.21407094801223706,188.14000165000002,178.87900023999998,161.69975033,3.1932223154773904,598.134399,-72.60649006746057
2020-02-04,166.550003,168.600006,161.199997,165.699997,164.676987,49034642,1.1290759427863486,2020,02,2020-02,7.400009000000011,-0.5103608434038921,187.19000165000003,178.87100006,161.4480003,3.2159084875857062,598.134399,-72.29719653692749
2020-02-05,167.399994,184.949997,166.600006,183.75,182.615555,92982265,10.893182454312297,2020,02,2020-02,18.34999099999999,9.767029023907856,187.2500015,179.27800018000002,161.27575031499998,4.0936703385488125,598.134399,-69.27947961073545
2020-02-06,182,183.399994,175.75,178.850006,177.745804,61821140,-2.66666340136054,2020,02,2020-02,7.649993999999992,-1.7307659340659298,186.5925018,179.53700042,161.09025036,3.9561996066238936,598.134399,-70.09869248466347
2020-02-07,177.399994,178.149994,173,173.600006,172.528214,45195760,-2.9354206451634113,2020,02,2020-02,5.149993999999992,-2.1420451682766037,185.45500180000002,179.71300048,160.79950039,3.950897510721358,598.134399,-70.97642163864245
2020-02-10,173.199997,173.199997,168,168.899994,167.857224,33279372,-2.707380090758761,2020,02,2020-02,5.199996999999996,-2.4826807589378905,184.0875015,179.86100036,160.49150036,3.9780964755707546,598.134399,-71.76220022082362
2020-02-11,171.850006,175.149994,168.399994,169.75,168.701981,42868276,0.5032599349885161,2020,02,2020-02,6.75,-1.221999375432089,182.7825012,180.03500029999998,160.15900036,3.9856327973829853,598.134399,-71.62009068801275
2020-02-12,173,173.300003,169,170.949997,169.894577,34621395,0.7069201767304838,2020,02,2020-02,4.300003000000004,-1.1849728323699444,181.31250075,180.2900003,159.83950031499998,3.939550571083159,598.134399,-71.4194673829485
2020-02-13,171.350006,172.350006,168.100006,169.5,168.453522,25049848,-0.848199488415315,2020,02,2020-02,4.25,-1.079664975325421,179.91000060000002,180.29200042,159.528750345,3.93648077616585,598.134399,-71.6618873143927
2020-02-14,172,176.199997,168.300003,169.100006,168.056015,56676430,-0.23598466076695718,2020,02,2020-02,7.899993999999992,-1.6860430232558097,178.50000075,180.35200042,159.25625034499998,3.9357308255092445,598.134399,-71.72876091348158
2020-02-17,170.399994,171.350006,166.350006,169.100006,168.056015,32893274,0,2020,02,2020-02,5,-0.762903782731345,177.20500105000002,180.50400054000002,158.992500345,3.937047833963649,598.134399,-71.72876091348158
2020-02-18,168,168,158.600006,161.600006,160.602310,52744122,-4.435245259541859,2020,02,2020-02,9.399993999999992,-3.8095202380952333,175.71500165000003,180.52600066,158.722500345,4.0205372410655364,598.134399,-72.98265970488013
2020-02-19,162.850006,164.600006,153.050003,158.050003,157.074219,78914233,-2.196783953089707,2020,02,2020-02,11.550003000000004,-2.9474994308566393,174.3375015,180.49300078,158.441250345,4.00011733539286,598.134399,-73.57617230103497
2020-02-20,157.949997,162.300003,156,158.5,157.521439,54328194,0.2847181217706122,2020,02,2020-02,6.300003000000004,0.3482133652715447,172.8425018,180.42700072,158.19725032999997,3.973404920360233,598.134399,-73.50093887511058
2020-02-24,154,155.899994,149.600006,150.649994,149.719894,39706007,-4.952685173501583,2020,02,2020-02,6.299987999999985,-2.1753285714285764,171.0500015,179.97300048,157.90325031499998,4.081379287811699,598.134399,-74.8133539465601
2020-02-25,152.199997,153.399994,147.449997,149.899994,148.974533,52719851,-0.4978427015403665,2020,02,2020-02,5.949996999999996,-1.511171514674868,169.43500135000002,179.43700042,157.65375027,4.070582411437535,598.134399,-74.93874382569994
2020-02-26,146.899994,147.899994,143.699997,144.550003,143.657562,47605927,-3.569040169541294,2020,02,2020-02,4.199996999999996,-1.599721644644852,167.85750120000003,178.82900054,157.4217503,4.077890514564998,598.134399,-75.83319012555236
2020-02-27,144.149994,146.75,141.100006,145.25,144.353241,51328153,0.48425941575386633,2020,02,2020-02,5.649993999999992,0.7630981933998607,165.71750105,178.1300006,157.22250027,3.6760109036502833,598.134399,-75.71616007324802
2020-02-28,138.850006,139.600006,127.050003,128.949997,128.153870,94469619,-11.222033046471603,2020,02,2020-02,12.550003000000004,-7.130002572704254,162.85500105,177.21300048,156.935500225,4.301093579182599,598.134399,-78.4413006147804
2020-03-02,133,133.899994,123.800003,125.400002,124.625793,111585697,-2.7530012272896722,2020,03,2020-03,10.099990999999989,-5.714284210526315,160.29500085,176.13800064,156.633000265,4.233455761445365,598.134399,-79.03481187344319
2020-03-03,127.5,131.399994,125.25,130.350006,129.545242,86765576,3.9473715478888165,2020,03,2020-03,6.149993999999992,2.2352988235294178,158.62000085000003,175.22600082,156.381000295,4.191120193392659,598.134399,-78.20723800237411
2020-03-04,129.600006,129.600006,120.550003,126.199997,125.420853,97546902,-3.1837428530689986,2020,03,2020-03,9.050003000000004,-2.6234636131112614,156.64500085000003,174.2290007,156.08950027999998,4.183853134899175,598.134399,-78.90106350495986
2020-03-05,127.550003,129.149994,124.25,125.75,124.973633,87795649,-0.35657449342094377,2020,03,2020-03,4.899993999999992,-1.411213608517127,153.74500085000003,173.2340007,155.871000295,3.0708223733610387,598.134399,-78.97629693088426
2020-03-06,115,117.300003,112.800003,114.199997,113.494942,83971462,-9.184893041749506,2020,03,2020-03,4.5,-0.695654782608699,150.51250040000002,172.02600052000003,155.56500031,3.482413899408064,598.134399,-80.90730157119754
2020-03-09,109,109.849998,104.25,105.699997,105.047417,81549809,-7.443082507261361,2020,03,2020-03,5.599997999999999,-3.027525688073398,147.11749995,170.61700058,155.20925026499998,3.675897027816797,598.134399,-82.32838686811591
2020-03-11,104.849998,106.5,97.800003,98.900002,98.289406,111146790,-6.433297249762454,2020,03,2020-03,8.699996999999996,-5.674769779204,143.61750035,168.92100068,154.753000305,3.785969511922367,598.134399,-83.46525426971807
2020-03-12,91.099998,94.900002,84.099998,88,87.456696,143550830,-11.021235368630226,2020,03,2020-03,10.800004000000001,-3.4028518859023458,139.53000035,166.97800080000002,154.30900029,4.1529429467473165,598.134399,-85.28758751425698
2020-03-13,81.900002,94.150002,78.050003,89.75,89.195892,106151311,1.9886363636363635,2020,03,2020-03,16.099998999999997,9.584856908794702,135.47000050000003,165.08400086,153.86225026,4.224788316678291,598.134399,-84.99501112959732
2020-03-16,85.599998,87.650002,82.199997,82.949997,82.437874,73702778,-7.576605013927582,2020,03,2020-03,5.450005000000004,-3.095795633079341,131.14250035,162.8680008,153.401250275,4.304731548746939,598.134399,-86.13187986869153
2020-03-17,83.050003,85,77.400002,77.949997,77.468742,71842549,-6.027727764715893,2020,03,2020-03,7.599997999999999,-6.1408859912985285,126.5849999,160.60500062,152.879500245,4.274117363134436,598.134399,-86.96781239629057
2020-03-18,79.900002,80.449997,75.099998,75.5,75.033875,70105052,-3.143036682862215,2020,03,2020-03,5.349998999999997,-5.50688596979009,121.90499960000002,158.40200074,152.350250215,4.187531679939824,598.134399,-87.37741883325457
2020-03-19,70,76.5,68.75,72.949997,72.499611,68122549,-3.3774874172185476,2020,03,2020-03,7.75,4.214281428571423,117.47249915000002,156.16700074,151.8137502,4.186624649125405,598.134399,-87.80374492388961
2020-03-20,74,79.599998,72.650002,77.300003,76.822762,86043342,5.962996818217838,2020,03,2020-03,6.949995999999999,4.459463513513519,113.43499915000002,154.06200074,151.318500185,4.716356778276846,598.134399,-87.07648262175938
2020-03-23,70,72,66,66.199997,65.791290,34184325,-14.359644979573943,2020,03,2020-03,6,-5.42857571428572,108.81999900000001,151.54600068,150.7737502,5.223133736977394,598.134399,-88.9322538361483
2020-03-24,69.900002,71.5,63.5,68.550003,68.126778,49551990,3.549858166912013,2020,03,2020-03,8,-1.9313289862280643,104.71499945000001,148.99000062000002,150.253500185,5.492248312289323,598.134399,-88.5393645450577
2020-03-25,67.75,71.699997,67.25,70.25,69.816284,57713806,2.4799371635330143,2020,03,2020-03,4.449996999999996,3.6900369003690034,100.73249975000002,146.47000062,149.732250185,5.622744454084785,598.134399,-88.25514798723356
2020-03-26,71.449997,73.5,68.300003,70.800003,70.362892,63821068,0.782922419928831,2020,03,2020-03,5.199996999999996,-0.9097187225913983,97.04499975000002,143.96900056,149.2200002,5.706046883362389,598.134399,-88.16319490763813
2020-03-27,72.050003,75.900002,69.349998,70.699997,70.263504,58814757,-0.14125140644416015,2020,03,2020-03,6.550004000000001,-1.873707069797079,93.3174996,141.37600038,148.72500019999998,5.685635250426578,598.134399,-88.17991456130918
2020-03-30,68.800003,70,67.25,68.150002,67.729256,35278010,-3.606782331263742,2020,03,2020-03,2.75,-0.9447688541525254,90.27749985000001,138.78800036,148.21825020999998,5.379247472461932,598.134399,-88.60623931445214
2020-03-31,70.599998,71.5,68.199997,71.050003,70.611343,46157286,4.255320491406593,2020,03,2020-03,3.300003000000004,0.637400867915045,87.55999990000001,136.26300036,147.74250024,5.618766320343899,598.134399,-88.12139828125818
2020-04-01,70.5,71.650002,67.550003,67.949997,67.530479,38149007,-4.363132820698132,2020,04,2020-04,4.099998999999997,-3.617025531914899,84.43999945,133.7220003,147.22850022499998,5.409004510644723,598.134399,-88.63967745148862
2020-04-03,66.900002,66.900002,64.800003,65.300003,64.896851,35346301,-3.899917758642421,2020,04,2020-04,2.099998999999997,-2.391627731191991,81.39499975000001,131.20000048,146.709750225,5.412236888848558,598.134399,-89.08272068799707
2020-04-07,68.550003,69.300003,66.900002,67.25,66.834801,42066469,2.9862127265139575,2020,04,2020-04,2.400001000000003,-1.896430259820709,78.46999975000001,128.83300036,146.20900025499998,5.5511133574848595,598.134399,-88.75670750379298
2020-04-08,66.5,71.599998,65.400002,67.599998,67.182640,82179303,0.520443122676579,2020,04,2020-04,6.199995999999999,1.6541323308270666,76.13999980000001,126.41700044000001,145.72600026,5.397502117104916,598.134399,-88.69819256123405
2020-04-09,69.599998,76.25,69.099998,74.599998,74.139427,112677273,10.355029892160648,2020,04,2020-04,7.150002000000001,7.1839082524111575,74.58499985,124.1790004,145.30525025,5.966970011495268,598.134399,-87.5278870225954
2020-04-13,76,77.599998,72.699997,74.25,73.791588,70409900,-0.4691662324173244,2020,04,2020-04,4.900001000000003,-2.302631578947368,73.35249975000002,122.02000046,144.88500023499998,5.858300311451421,598.134399,-87.58640196515432
2020-04-15,75.400002,78.699997,71.949997,72.900002,72.449921,81121081,-1.8181791245791237,2020,04,2020-04,6.75,-3.3156497794257356,72.59749985,119.95600038,144.476250275,5.393862179712513,598.134399,-87.81210341323306
2020-04-16,71.75,75.400002,71,74.650002,74.189125,47910164,2.40054863098632,2020,04,2020-04,4.400002000000001,4.041814634146342,71.84249995000002,117.68800036,144.053250285,5.405823935317064,598.134399,-87.51952702857339
2020-04-17,78.300003,78.300003,74.699997,76.849998,76.375534,58333485,2.9470809659187935,2020,04,2020-04,3.6000060000000076,-1.851858166595478,71.53750000000001,115.50100038000001,143.643000305,5.2177808063199596,598.134399,-87.15171738517583
2020-04-20,76.849998,83.400002,75.5,80.449997,79.953308,125425355,4.6844490483916434,2020,04,2020-04,7.900002000000001,4.6844490483916434,71.66250000000001,113.5780002,143.248750275,5.142558036495622,598.134399,-86.54984613249106
2020-04-21,78,78,74,74.650002,74.189125,58248325,-7.209440915205996,2020,04,2020-04,4,-4.29486923076923,71.62000010000001,111.79400012,142.8197503,5.361065163450781,598.134399,-87.51952702857339
2020-04-22,74.449997,76.550003,72.550003,75.900002,75.431404,56529293,1.6744808660554353,2020,04,2020-04,4,1.947622643960623,71.76750035,109.99800022,142.39375028,5.3081421665457995,598.134399,-87.31054389667364
2020-04-23,76.75,78.650002,75.400002,75.650002,75.182945,50366856,-0.32938075548403806,2020,04,2020-04,3.25,-1.4332221498371327,71.68500030000001,107.83600026,141.94275026,5.140952360814174,598.134399,-87.35234052305358
2020-04-24,75,76.900002,74,74.199997,73.741898,40047438,-1.9167283035894755,2020,04,2020-04,2.9000020000000006,-1.0666706666666719,72.08500030000002,105.74300008,141.50100023,3.9158573789445863,598.134399,-87.59476179198984
2020-04-27,75.900002,76.199997,74.800003,75.25,74.785416,27835340,1.415098439963554,2020,04,2020-04,1.3999939999999924,-0.8563925993045436,72.42000015,103.77599996000001,141.03725022999998,3.8611973477800854,598.134399,-87.41921545963451
2020-04-28,75.650002,78.199997,75.199997,76.949997,76.474915,34825405,2.259132225913616,2020,04,2020-04,3,1.7184335302462987,72.75500000000001,101.93700002,140.603250215,3.8556623953439613,598.134399,-87.13499890181036
2020-04-29,77.449997,79.300003,76.550003,78.150002,77.667511,40784783,1.5594607495566304,2020,04,2020-04,2.75,0.9038153997604473,73.12249995,100.10500006000001,140.18250021,3.862286449278884,598.134399,-86.93437425925407
2020-04-30,85.949997,93.75,85.949997,93.25,92.674278,170634033,19.321813964892794,2020,04,2020-04,7.800003000000004,8.493313850842839,74.25000010000001,98.55100012000001,139.822750225,5.693025419201977,598.134399,-84.409858360278
2020-05-04,87,87.199997,81.5,83.900002,83.382011,91159477,-10.026807506702411,2020,05,2020-05,5.699996999999996,-3.5632160919540223,75.03750010000002,96.83900016,139.44125025,6.160226642553187,598.134399,-85.97305185251518
2020-05-05,86,86.800003,80.400002,80.900002,80.400528,57122148,-3.575685254453272,2020,05,2020-05,6.400001000000003,-5.930230232558139,75.53000005000001,95.07500008000001,139.073000245,6.2056706192382585,598.134399,-86.47461136907461
2020-05-06,81.550003,83.949997,80.349998,83.199997,82.686333,53739248,2.8430098184669954,2020,05,2020-05,3.599998999999997,2.0232911579414563,76.29250005000002,93.3569999,138.710000215,6.096784276255785,598.134399,-86.09008324231158
2020-05-07,82.900002,84.650002,82.099998,82.5,81.990654,31159970,-0.8413425784137905,2020,05,2020-05,2.5500040000000013,-0.48251144794906115,77.15249990000001,91.77499978,138.364250245,6.00008842561262,598.134399,-86.20711329461591
2020-05-08,84.5,84.949997,80.550003,81.050003,80.549614,35362751,-1.7575721212121167,2020,05,2020-05,4.399993999999992,-4.082836686390528,77.84250005000001,90.23499978,137.985500245,6.025255835218876,598.134399,-86.44953322606011
2020-05-11,81.449997,90.650002,81.400002,86.099998,85.568428,152588401,6.230715377024718,2020,05,2020-05,9.25,5.709025379092406,78.76750005000001,88.78699974,137.61950022,6.130629513990879,598.134399,-85.60524220911762
2020-05-12,85.949997,87.699997,83.5,86.199997,85.667809,77551590,0.11614285984071317,2020,05,2020-05,4.199996999999996,0.2908667931657985,79.34750000000001,87.4979998,137.24575022,5.758573456087283,598.134399,-85.58852372575214
2020-05-13,92.5,92.5,86.25,87.199997,86.661636,68086031,1.160092847799055,2020,05,2020-05,6.25,-5.729732972972977,79.99499985000001,86.24399986,136.831750205,5.750069676456357,598.134399,-85.42133722023235
2020-05-14,83.949997,85.300003,82.550003,83.800003,83.282631,46340453,-3.8990758222159028,2020,05,2020-05,2.75,-0.17867064366898358,80.53999990000001,85.02899986,136.41125025,5.821310323395853,598.134399,-85.98977033588065
2020-05-15,84.699997,85.349998,82.800003,84.349998,83.829231,38592209,0.6563185922558923,2020,05,2020-05,2.5499949999999956,-0.4132219744942811,81.02499970000001,83.81099981999999,136.02925024,5.809956901009047,598.134399,-85.89781859377727
2020-05-18,84.5,84.5,79.599998,80.650002,80.152077,44221170,-4.3864802462710175,2020,05,2020-05,4.900002000000001,-4.556210650887573,81.21499990000001,82.84499992,135.65825021999999,5.895815760367761,598.134399,-86.51640799545454
2020-05-19,82.5,85.650002,81.5,81.800003,81.294975,65378983,1.4259156496983139,2020,05,2020-05,4.150002000000001,-0.8484812121212074,81.28250020000002,81.97299994000001,135.283500235,5.815633287761923,598.134399,-86.32414334692025
2020-05-20,81.25,84.400002,80.699997,83.449997,82.934784,36351053,2.0171075054850456,2020,05,2020-05,3.7000050000000044,2.707688615384611,81.72249995000001,81.03499976,134.91975023499998,5.554001972868371,598.134399,-86.04828661593163
2020-05-21,83.099998,85.199997,82.900002,84.099998,83.580772,37290144,0.7789107529866097,2020,05,2020-05,2.2999949999999956,1.2033694633783265,82.13249975000001,80.19299978,134.584000225,5.549317242633923,598.134399,-85.93961522015722
2020-05-22,83.400002,83.900002,82,82.800003,82.288803,29252676,-1.54577292617771,2020,05,2020-05,1.9000020000000006,-0.7194232441385275,82.4899998,79.33399983999999,134.276500225,5.567281900700777,598.134399,-86.15695684140044
2020-05-26,83.900002,85.699997,82.599998,83.099998,82.586945,38014864,0.3623127888050868,2020,05,2020-05,3.099998999999997,-0.9535208354345466,82.93499985000001,78.71199985999999,133.95625024499998,5.536475099905515,598.134399,-86.10680172567704
2020-05-27,84.099998,86,84,84.550003,84.028008,57947903,1.7448917387458955,2020,05,2020-05,2,0.5350832469698803,83.4,78.28899998,133.691250245,5.539189720786272,598.134399,-85.86438045674079
2020-05-28,86,88.150002,84.550003,87,86.462875,96179680,2.8976900213711363,2020,05,2020-05,3.599998999999997,1.1627906976744187,83.90250015000001,78.05099994,133.45900025999998,5.550344223879289,598.134399,-85.45477401977678
2020-05-29,85.550003,87.5,84.650002,87,86.462875,80813537,0,2020,05,2020-05,2.8499979999999994,1.6949116880802404,84.34500005000001,78.03099994,133.21600023,5.549388344090992,598.134399,-85.45477401977678
2020-06-01,88.900002,91.199997,88,89.550003,88.997131,71070852,2.931037931034487,2020,06,2020-06,3.199996999999996,0.7311597135847119,84.16000020000001,78.027,133.01600023,3.4725088134193807,598.134399,-85.02844792914176
2020-06-02,90,97.300003,89.75,96.5,95.904221,125407771,7.7610237489327565,2020,06,2020-06,7.550003000000004,7.222222222222221,84.79000010000001,78.29800006,132.845000245,3.0615347548318312,598.134399,-83.8665022173386
2020-06-03,100,101.449997,97.400002,98.75,98.140335,90598067,2.33160621761658,2020,06,2020-06,4.049994999999996,-1.25,85.68250000000002,78.71400012,132.720000245,2.9035344487644483,598.134399,-83.49033257991904
2020-06-04,99,101.400002,96.800003,98.5,97.891869,72078707,-0.25316455696202533,2020,06,2020-06,4.599998999999997,-0.5050505050505051,86.44750015000001,79.17400012,132.600000245,2.884897734244205,598.134399,-83.532129206299
2020-06-05,100.449997,112.449997,99.050003,110.75,110.066246,187209208,12.436548223350254,2020,06,2020-06,13.399993999999992,10.253860933415462,87.86000015,79.93000018,132.566750235,3.837026285013629,598.134399,-81.48409451368136
2020-06-08,114,119.150002,113.349998,115.449997,114.737228,136943010,4.243789616252818,2020,06,2020-06,5.800004000000001,1.271927192982453,89.57999985000001,80.69300006,132.523750205,3.7991920559213073,598.134399,-80.6983184392978
2020-06-09,117.449997,117.900002,110.25,111.449997,110.761917,79473751,-3.4647034248082313,2020,06,2020-06,7.650002000000001,-5.108556963181532,90.84749980000001,81.59800006,132.470750175,3.8293053573520988,598.134399,-81.36706446137701
2020-06-10,111,113,108.5,111.400002,110.712234,84038431,-0.04485868223037778,2020,06,2020-06,4.5,0.36036216216216277,92.10750005000001,82.45500004,132.4180002,3.832238597087899,598.134399,-81.37542295072049
2020-06-11,109.900002,111.150002,105,106.150002,105.494644,55485897,-4.712746773559304,2020,06,2020-06,6.150002000000001,-3.412192840542441,93.0550003,83.17300008000001,132.34425019999998,4.066042224804707,598.134399,-82.25315210469947
2020-06-12,98,106.25,98,105.300003,104.649887,92989560,-0.8007526933442705,2020,06,2020-06,8.25,7.448982653061228,94.1300003,83.86300008,132.264000225,3.9235213790986596,598.134399,-82.3952604672048
2020-06-15,104.650002,104.650002,100.050003,100.5,99.879524,69318356,-4.558407277538257,2020,06,2020-06,4.599998999999997,-3.9656014531179853,94.9375004,84.45900014,132.16250021,4.130680106354094,598.134399,-83.19775619525939
2020-06-16,102,103.5,92,94.75,94.165031,215476711,-5.721393034825871,2020,06,2020-06,11.5,-7.107843137254902,95.64250030000001,84.99100010000001,132.01700022,4.2311507346967145,598.134399,-84.15907860199829
2020-06-17,93,96.400002,91.800003,95.400002,94.811012,110830038,0.6860179419525073,2020,06,2020-06,4.599998999999997,2.5806473118279576,96.32250025,85.47800008,131.93200022,4.2294660183073605,598.134399,-84.0504070390374
2020-06-18,95,97.199997,94.150002,96.349998,95.755142,58964344,0.9958029141341095,2020,06,2020-06,3.0499949999999956,1.4210505263157889,96.96750030000001,86.0460001,131.875250225,4.220846399417304,598.134399,-83.89158052753959
2020-06-19,96.5,103.900002,95.599998,102.5,101.867172,135462757,6.382980931665407,2020,06,2020-06,8.300004000000001,6.217616580310881,97.88750040000001,86.79000004,131.83250021,4.401293348175393,598.134399,-82.86338318421977
2020-06-22,102.349998,104.900002,101,102.650002,102.016251,68545834,0.14634341463414696,2020,06,2020-06,3.9000020000000006,0.2931157849167728,98.88000035000002,87.49800008,131.793000205,4.3641963213659904,598.134399,-82.8383048740188
2020-06-23,103,106,101.900002,104.400002,103.755447,68638552,1.7048221781817405,2020,06,2020-06,4.099997999999999,1.3592252427184472,99.94500055,88.23400016,131.713250225,4.361472295670626,598.134399,-82.54572848935913
2020-06-24,105.25,110.800003,104.199997,104.800003,104.152977,125457492,0.3831427129666177,2020,06,2020-06,6.600006000000008,-0.4275505938242244,100.95750055,88.83800026,131.65550025,4.363727362394277,598.134399,-82.47885371996469
2020-06-25,103.849998,106.300003,101.650002,103.800003,103.159149,63198285,-0.9541984459676017,2020,06,2020-06,4.650001000000003,-0.04814155124008339,101.79750070000001,89.42900032,131.60300024999998,4.368333398970703,598.134399,-82.64604022548451
2020-06-26,105.400002,106.050003,100.349998,101.400002,100.773972,56327855,-2.3121396248899946,2020,06,2020-06,5.700005000000004,-3.795066341649595,102.51750080000002,89.99900032,131.526500275,4.4257031301274585,598.134399,-83.04728800591855
2020-06-29,101.400002,101.400002,98.050003,99.449997,98.835999,43274006,-1.923081816112789,2020,06,2020-06,3.349998999999997,-1.923081816112789,103.01250050000002,90.49500022000001,131.46050025,4.4391736697887545,598.134399,-83.3733025276147
2020-06-30,101.75,102.300003,97.300003,98.25,97.643417,50764363,-1.2066335205620935,2020,06,2020-06,5,-3.43980343980344,103.10000050000001,90.92300026000001,131.40425025,4.1210283989677405,598.134399,-83.57392583267895
2020-07-01,99,101.449997,98.199997,100.75,100.127983,50857376,2.5445292620865136,2020,07,2020-07,3.25,1.7676767676767675,103.20000050000002,91.32900031999999,131.317750235,4.127182553280095,598.134399,-83.15595956887944
2020-07-02,100.75,102.949997,100.400002,101.550003,100.923050,48083736,0.7940476426799046,2020,07,2020-07,2.5499949999999956,0.7940476426799046,103.35250065,91.86700033999999,131.21925025,4.128059401237669,598.134399,-83.02220986290408
2020-07-03,102.849998,106.349998,102.099998,103.449997,102.811302,87310642,1.8709935439391294,2020,07,2020-07,4.25,0.583372884460335,102.98750050000001,92.41800024,131.127000225,3.007956967726142,598.134399,-82.70455650553548
2020-07-06,105,109.900002,104.5,109,108.327042,91970198,5.3649136403551605,2020,07,2020-07,5.400002000000001,3.8095238095238098,102.66500065,93.0850002,131.00025019499998,3.105891427523028,598.134399,-81.77667089834102
2020-07-07,109.800003,112.599998,108.050003,109.050003,108.376740,85835716,0.045874311926608985,2020,07,2020-07,4.549994999999996,-0.6830600906267734,102.54500095,93.78200032000001,130.905750225,3.0119093694564056,598.134399,-81.76831107150552
2020-07-08,109.5,110.849998,104.199997,105.349998,104.699577,55887256,-3.3929435105104986,2020,07,2020-07,6.650001000000003,-3.789956164383562,102.24250075,94.38400028,130.7847502,3.1023738404759027,598.134399,-82.38690197786133
2020-07-09,106.300003,108.949997,104.650002,106.949997,106.289696,54492650,1.51874611331269,2020,07,2020-07,4.299994999999996,0.6114712903629856,102.28250050000001,94.98400028,130.67650015499999,2.9373315492861636,598.134399,-82.11940373621614
2020-07-10,106.699997,108.599998,105.400002,107.599998,106.935692,64694173,0.6077615878755034,2020,07,2020-07,3.1999959999999987,0.8434873714195167,102.39750025000001,95.57300020000001,130.604500145,2.932023200929481,598.134399,-82.01073234044176
2020-07-13,108.849998,112.099998,106.849998,108,107.333221,81893001,0.37174907754180503,2020,07,2020-07,5.25,-0.7808893115459675,102.77250025000001,95.86800020000001,130.535750145,2.714623590945599,598.134399,-81.94385740386083
2020-07-14,106.900002,107.550003,104.099998,105.150002,104.500816,46924623,-2.6388870370370365,2020,07,2020-07,3.4500050000000044,-1.6370439356960909,103.29250035,96.29300020000001,130.44050017,2.420649076597957,598.134399,-82.42033861021928
2020-07-15,106.800003,106.800003,102.5,103.199997,102.562851,49687046,-1.8544983004375066,2020,07,2020-07,4.300003000000004,-3.3707920401462985,103.68250010000001,96.7390001,130.290250155,2.479060903653249,598.134399,-82.74635313191543
2020-07-16,103.949997,103.949997,100.599998,102.949997,102.314392,44333785,-0.2422480690575989,2020,07,2020-07,3.349998999999997,-0.9620009897643383,104.01250005000001,97.1340001,130.16550013,2.4794482409289973,598.134399,-82.78814975829538
2020-07-17,103.650002,106.949997,103.300003,106.400002,105.743103,42080157,3.351146285123257,2020,07,2020-07,3.6499939999999924,2.6531596207783963,104.20750015000002,97.61200014,130.04300017,2.1645478664574838,598.134399,-82.21135547831952
2020-07-20,106.349998,106.349998,103.849998,105.050003,104.401436,39786731,-1.2687960287820266,2020,07,2020-07,2.5,-1.2223742590009221,104.3275002,98.09200014,129.95300017,2.189686673141125,598.134399,-82.43705709358476
2020-07-21,106,109.699997,105.5,108.449997,107.780434,66008143,3.236548217899615,2020,07,2020-07,4.199996999999996,2.311317924528298,104.52999995,98.53900012,129.872750155,2.2725817482728425,598.134399,-81.86862397793644
2020-07-22,108.5,109.75,104.25,105.150002,104.500816,50735592,-3.042872375552021,2020,07,2020-07,5.5,-3.087555760368663,104.5474999,98.91800022,129.799000155,2.385539200213062,598.134399,-82.42033861021928
2020-07-23,105.449997,106.449997,104.699997,106.050003,105.395264,30722413,0.855921048865033,2020,07,2020-07,1.75,0.5689957487623329,104.6599999,99.29500034,129.742000185,2.380025933060949,598.134399,-82.26987058806495
2020-07-24,104.699997,105.5,102.699997,103.75,103.109459,39363520,-2.1687910749045467,2020,07,2020-07,2.800003000000004,-0.9073515064188553,104.77749980000002,99.69400028,129.68425016999998,2.372475542092461,598.134399,-82.65440005232001
2020-07-27,104,104.5,101.300003,101.699997,101.072113,29644533,-1.9759065060241,2020,07,2020-07,3.199996999999996,-2.21154134615385,104.88999980000001,100.04100026,129.580750145,2.3749227358696423,598.134399,-82.99713289019513
2020-07-28,102.300003,107.199997,102,106.449997,105.792786,64271161,4.670599941118976,2020,07,2020-07,5.199996999999996,4.0566900081126995,105.29999965000002,100.55700016,129.51475012,2.556395174780045,598.134399,-82.20299698897605
2020-07-29,108.099998,108.75,104.849998,105.75,105.097115,44561639,-0.6575829213034137,2020,07,2020-07,3.9000020000000006,-2.173911233559874,105.54999965000002,101.0360001,129.45600012,2.5171227328584664,598.134399,-82.3200270412804
2020-07-30,106.400002,106.75,102.849998,103.650002,103.010078,33378340,-1.9858137115839238,2020,07,2020-07,3.9000020000000006,-2.5845864175829623,105.65499960000002,101.4400002,129.36975012,2.5631255927895706,598.134399,-82.67111836849898
2020-07-31,104,105.400002,102.300003,104.650002,104.003906,33809018,0.9647853166466895,2020,07,2020-07,3.099998999999997,0.6250019230769237,105.71499985,101.85100028000001,129.309000115,2.5386834945357655,598.134399,-82.50393186297919
2020-08-03,103,114.400002,102.900002,113.050003,112.352043,194765344,8.026756655007043,2020,08,2020-08,11.5,9.75728446601942,105.91750000000002,102.45600028000001,129.267750115,2.8771075691778196,598.134399,-81.09956504942629
2020-08-04,112.949997,115.099998,110.800003,111.449997,110.761917,95906477,-1.415308233118762,2020,08,2020-08,4.299994999999996,-1.3280212836127832,106.03749970000001,103.02300026,129.18575011,2.9002497222204338,598.134399,-81.36706446137701
2020-08-05,112.400002,117.650002,112,115.400002,114.687538,99371050,3.5441948015485405,2020,08,2020-08,5.650002000000001,2.6690390984156744,106.53999990000003,103.64000024,129.128000135,2.869136401631116,598.134399,-80.70667692864126
2020-08-06,116.199997,117.699997,115.5,116.800003,116.078888,60092530,1.2131724226486609,2020,08,2020-08,2.199996999999996,0.516356295603009,107.0325002,104.2360003,129.08275016,2.864206518622739,598.134399,-80.47261565372702
2020-08-07,117,119.699997,116,119.099998,118.364693,56489390,1.9691737507917664,2020,08,2020-08,3.699996999999996,1.794870085470085,107.6075002,104.87800026000001,128.98075015,2.8835252769947273,598.134399,-80.08808752696397
2020-08-10,119.949997,124.699997,119.699997,123.849998,123.085358,71093810,3.988245239097317,2020,08,2020-08,5,3.251355646136451,108.40000010000001,105.56400015999999,128.91575010999998,2.9835718662377806,598.134399,-79.2939516257449
2020-08-11,125,125.800003,121.400002,122.300003,121.544937,50224665,-1.2515099112072618,2020,08,2020-08,4.400001000000003,-2.159997599999997,109.25750015000001,106.08000022,128.868500125,2.9165340447026917,598.134399,-79.55308987336808
2020-08-12,121,126.400002,120.599998,125.349998,124.576103,50713617,2.493863389357395,2020,08,2020-08,5.800004000000001,3.595039669421487,110.36500020000001,106.61200018,128.832000145,2.870111396359113,598.134399,-79.04317186746519
2020-08-13,126.099998,131.899994,124.400002,131.149994,130.340286,95489249,4.627041158788046,2020,08,2020-08,7.499991999999992,4.004755019900946,111.77500005000002,107.26500006,128.820250115,2.9628507135454907,598.134399,-78.07349080419634
2020-08-14,131.149994,132.649994,123.699997,124.599998,123.830734,75032834,-4.994278535765692,2020,08,2020-08,8.949996999999996,-4.994278535765692,112.68499985000001,107.54200001999999,128.809000115,3.228418465187066,598.134399,-79.16856174660505
2020-08-17,124.5,126.25,120.599998,123.550003,122.787216,61154250,-0.8426926298987546,2020,08,2020-08,5.650002000000001,-0.7630497991967842,113.60999985000001,107.70400014,128.688250145,3.2151379684744095,598.134399,-79.34410674146831
2020-08-18,124,127.5,123.599998,125.599998,124.824562,62153763,1.6592431810786727,2020,08,2020-08,3.9000020000000006,1.290320967741935,114.46749990000001,107.98700016000001,128.45400014999998,3.172914200466987,598.134399,-79.00137524108524
2020-08-19,127,127.599998,124.75,125.150002,124.377335,45128613,-0.35827707576874224,2020,08,2020-08,2.8499979999999994,-1.4566913385826767,115.46749990000001,108.26200016000001,128.22025019,3.057176804871754,598.134399,-79.07660849982314
2020-08-20,123.449997,125.650002,121.099998,121.699997,120.948631,43530882,-2.7566959207879234,2020,08,2020-08,4.550004000000001,-1.4175780012372134,116.2499996,108.57300006,127.94025018999999,3.165839717347589,598.134399,-79.653402779799
2020-08-21,124.199997,124.199997,120.150002,120.900002,120.153580,48650204,-0.6573500572888228,2020,08,2020-08,4.049994999999996,-2.6570008693317404,117.10749970000002,108.88500004,127.669500185,3.110365558344986,598.134399,-79.78715114828232
2020-08-24,122,123,120.800003,121.199997,120.451721,31294253,0.24813481806228221,2020,08,2020-08,2.199996999999996,-0.6557401639344294,118.08249970000001,109.29899998,127.414500185,3.044464261389257,598.134399,-79.73699603255889
2020-08-25,121.800003,128.350006,121.099998,127.099998,126.315300,90263366,4.8679877442571255,2020,08,2020-08,7.250008000000008,4.351391518438629,119.11499975000001,109.94599994000001,127.19000017499998,3.0575399270561716,598.134399,-78.75059548280554
2020-08-26,130.5,139,128.350006,137.899994,137.048615,197510376,8.497243249366528,2020,08,2020-08,10.649993999999992,5.670493486590032,120.72249945000002,110.79599978,127.007000145,3.4648505662506865,598.134399,-76.94498189193763
2020-08-27,140.100006,146.850006,139.300003,144.25,143.359421,181380747,4.604790628199743,2020,08,2020-08,7.550003000000004,2.9621654691435144,122.75249935000002,111.75399982,126.870750145,3.440016585536946,598.134399,-75.88334657876783
2020-08-28,144.149994,146.199997,140.5,142.800003,141.918365,95194825,-1.0051972270363925,2020,08,2020-08,5.699996999999996,-0.9365182491786914,124.65999940000002,112.55999987999999,126.73950014500001,3.4906528992833814,598.134399,-76.12576651021203
2020-08-31,144.5,147.949997,138.199997,143.199997,142.315887,160564488,0.28010783725263116,2020,08,2020-08,9.75,-0.8996560553633244,126.16749910000001,113.37099978,126.59550013,3.156464496894754,598.134399,-76.05889291112314
2020-09-01,143.399994,145.149994,140.399994,143.800003,142.912186,58811543,0.41899861212986456,2020,09,2020-09,4.75,0.27894631571603234,127.78499940000002,114.1589998,126.46150011499999,3.1015565192323855,598.134399,-75.95858000469222
2020-09-02,144.300003,151.649994,141.449997,150.300003,149.372070,74947929,4.520166804168982,2020,09,2020-09,10.199996999999996,4.158004071559167,129.52999945000002,115.0689998,126.377750115,3.145636365378203,598.134399,-74.87186771881348
2020-09-03,151.600006,155.199997,149.550003,151.850006,150.912491,110156350,1.0312727671735336,2020,09,2020-09,5.649993999999992,0.16490764518835174,131.2824996,116.02999986,126.29425013,3.1463951287467062,598.134399,-74.61272813369825
2020-09-04,147.899994,153.649994,147,147.800003,146.887497,95560889,-2.6671075666602237,2020,09,2020-09,6.649993999999992,-0.0676071697474096,132.71749985000002,116.95799988,126.182750115,3.2681317969150263,598.134399,-75.289833982613
2020-09-07,150,152,148,149.399994,148.477615,82617101,1.082537867066206,2020,09,2020-09,4,-0.4000040000000051,133.99499965,117.95699982000001,126.09100008499999,3.1984681273685505,598.134399,-75.02233707845986
2020-09-08,149.449997,149.600006,141.199997,142.300003,141.421463,76286731,-4.752336870910442,2020,09,2020-09,8.400009000000011,-4.784204846788985,134.99499965,118.83799988000001,125.96550013,3.4159875124186794,598.134399,-76.20935976297193
2020-09-09,141,141.75,135.699997,140.100006,139.235031,105355010,-1.5460273742931658,2020,09,2020-09,6.050003000000004,-0.6382936170212713,135.73250005000003,119.625,125.84525018999999,3.430890983200847,598.134399,-76.57716957355599
2020-09-10,142.800003,144.5,138,143.300003,142.415283,79606504,2.2840805588545057,2020,09,2020-09,6.5,0.3501400486665256,136.34000050000003,120.46,125.75000017499998,3.3249787104378314,598.134399,-76.04217325745213
2020-09-11,143.100006,146.800003,141.649994,144.300003,143.409119,65135339,0.6978366916014649,2020,09,2020-09,5.150009000000011,0.8385722918837586,137.32500075000002,121.27700012,125.64100016,3.063665067029104,598.134399,-75.87498675193231
2020-09-14,147.199997,151.100006,145.5,148.550003,147.632874,84505930,2.9452528840210763,2020,09,2020-09,5.600006000000008,0.917123659995732,138.57500075000002,122.06800018,125.56675020499999,3.0751127265388982,598.134399,-75.16444410347314
2020-09-15,149.399994,149.399994,146.550003,148.399994,147.483795,42886817,-0.1009821588492404,2020,09,2020-09,2.8499909999999886,-0.6693440697193067,139.71500055,122.855,125.47925020499999,3.0795260623882514,598.134399,-75.18952358397966
2020-09-16,149.199997,154.300003,148.550003,151.449997,150.514954,85056501,2.0552581693500636,2020,09,2020-09,5.75,1.5080429257649381,141.0300003,123.77699998,125.41250017499999,3.075663962020235,598.134399,-74.67960424058472
2020-09-17,150.800003,151,146.199997,147.649994,146.738419,48119360,-2.5090809344816325,2020,09,2020-09,4.800003000000004,-2.0888653430597155,142.32750015000002,124.59099992,125.343250145,3.060195200150008,598.134399,-75.31491346311951
2020-09-18,148.699997,150.5,146.25,147.899994,146.986877,46270863,0.16931934314877115,2020,09,2020-09,4.25,-0.5379979933691618,143.67749975,125.39699984,125.2775001,3.0419498196241372,598.134399,-75.27311683673956
2020-09-21,147.75,147.75,135.5,137.449997,136.601395,64734493,-7.065583112870172,2020,09,2020-09,12.25,-6.971237225042303,144.48999975,125.98599978,125.17375009999999,3.5426002037236977,598.134399,-77.02021531786203
2020-09-22,138,138.149994,129.649994,133.100006,132.278259,87298020,-3.164780716583056,2020,09,2020-09,8.5,-3.550720289855067,144.79000015000003,126.54499986,124.99225016,3.4991326030149255,598.134399,-77.74747511219464
2020-09-23,135.5,136.699997,127.900002,131.399994,130.588760,74981613,-1.2772441197335596,2020,09,2020-09,8.799994999999996,-3.0258346863468693,144.46500015,127.1089998,124.8187501,2.928367145036296,598.134399,-78.03169417781638
2020-09-24,127.900002,128.800003,122.150002,122.800003,122.041855,62420957,-6.544894514987565,2020,09,2020-09,6.650001000000003,-3.987489382525574,143.3925003,127.50599992,124.625250115,3.025233158068499,598.134399,-79.46949662060817
2020-09-25,123.699997,128.350006,123.099998,127.25,126.464371,65040759,3.62377597010319,2020,09,2020-09,5.250008000000008,2.869848897409435,142.61500015000001,127.92299988,124.459000115,3.1784702866672725,598.134399,-78.72551717260455
2020-09-28,128.899994,134.300003,127.5,132.850006,132.029800,61830817,4.400790569744603,2020,09,2020-09,6.800003000000004,3.064400452958916,142.09750060000002,128.47899994,124.32475016000001,3.3617430717624024,598.134399,-77.7892717385746
2020-09-29,134.949997,136,130.699997,131.699997,130.886902,63366932,-0.8656446729855709,2020,09,2020-09,5.300003000000004,-2.4082994236746815,141.49250030000002,128.94399994,124.17425013,3.3591529933434843,598.134399,-77.98153772460093
2020-09-30,131.550003,134.399994,130.300003,133.300003,132.477020,48859088,1.2148868917590085,2020,09,2020-09,4.099990999999989,1.3302926340488186,140.6425003,129.50699996,123.974000115,3.181794352065457,598.134399,-77.7140383126502
2020-10-01,135.899994,136.5,132.550003,133.5,132.675781,40491744,0.15003525543806343,2020,10,2020-10,3.949996999999996,-1.7660000779690928,139.725,130.05599990000002,123.75800013,3.164808848538677,598.134399,-77.68060151310576
2020-10-05,136.949997,137.5,132.050003,133.899994,133.073303,55268322,0.29962097378276586,2020,10,2020-10,5.449996999999996,-2.2270924182641667,139.02999955,130.65899978,123.552750115,3.1318566999268516,598.134399,-77.61372791401686
2020-10-06,138,145.800003,136,144.75,143.856339,161987221,8.10306683060793,2020,10,2020-10,9.800003000000004,4.891304347826087,138.79749985,131.51999984,123.37550013,3.660859236823133,598.134399,-75.79975332600793
2020-10-07,144.25,144.5,139.800003,141,140.129486,68273641,-2.5906735751295336,2020,10,2020-10,4.699996999999996,-2.2530329289428077,138.7324997,132.21099990000002,123.206500115,3.5462072157682143,598.134399,-76.4267027217072
2020-10-08,142.850006,143.5,139.600006,140.949997,140.079788,40900948,-0.035463120567378575,2020,10,2020-10,3.8999939999999924,-1.3300727477743413,138.77499925,132.91499984,123.01550013,3.5272693090939486,598.134399,-76.4350625485427
2020-10-09,141.149994,142.649994,138,138.449997,137.595215,37097190,-1.7736786471872008,2020,10,2020-10,4.649993999999992,-1.9128566169120744,138.53249895000002,133.61099974,122.82800013,3.511055888527194,598.134399,-76.85302881234223
2020-10-12,139.649994,139.649994,133,135.899994,135.060959,39279109,-1.8418223584360234,2020,10,2020-10,6.649993999999992,-2.685284755543921,138.11249850000002,134.23599958,122.627250085,3.5260650115619243,598.134399,-77.27935490297725
2020-10-13,135.399994,137.100006,132.850006,134.100006,133.272079,38973506,-1.324494539712772,2020,10,2020-10,4.25,-0.9601093483061638,137.38999865,134.65699963999998,122.420250115,3.451505866934336,598.134399,-77.58028860667483
2020-10-14,133.75,134.649994,128.800003,130.699997,129.893082,45791440,-2.535427925335075,2020,10,2020-10,5.849990999999989,-2.280376074766358,136.5049988,135.04199964,122.20075007,3.4812047492464395,598.134399,-78.14872423012073
2020-10-15,131.5,134.350006,126.5,126.949997,126.166222,64002864,-2.869166094931127,2020,10,2020-10,7.850006000000008,-3.4600783269962005,135.27999880000002,135.27299954,121.954750085,3.459414764674282,598.134399,-78.77567362582
2020-10-16,129.399994,130.050003,126,127.75,126.961288,62553775,0.6301717360418715,2020,10,2020-10,4.050003000000004,-1.2751113419680626,134.2849991,135.49199948,121.67500009999999,3.4500355704118295,598.134399,-78.64192391984464
2020-10-19,129.800003,130.399994,127.800003,128.25,127.458199,33157664,0.3913894324853229,2020,10,2020-10,2.5999909999999886,-1.1941471218610094,133.30249940000002,135.67499952,121.39050013,3.4532174574880923,598.134399,-78.55833066708475
2020-10-20,128.100006,130.300003,126.349998,129.649994,128.849548,27465829,1.091613255360618,2020,10,2020-10,3.9500050000000044,1.2099827692435743,132.91249925000002,135.79099944,121.116500115,3.121886343443804,598.134399,-78.32427056247604
2020-10-21,131.050003,133.100006,128.300003,130.25,129.445847,39252663,0.46278906885256593,2020,10,2020-10,4.800003000000004,-0.6104563004092444,132.76999895,135.94999938,120.799000115,3.047878493603454,598.134399,-78.22395765604513
2020-10-22,129.699997,134.600006,128.449997,133.5,132.675781,48808592,2.495201535508637,2020,10,2020-10,6.150009000000011,2.929840468693306,132.87499925000003,136.11299942,120.51100008499999,3.085378068511271,598.134399,-77.68060151310576
2020-10-23,134.899994,138.899994,134.100006,137,136.154175,68711352,2.6217228464419478,2020,10,2020-10,4.799987999999985,1.5567131900687912,133.5849991,136.22999954,120.267750115,2.6992476272015593,598.134399,-77.09544874378643
2020-10-26,138.399994,140.800003,131.25,133.699997,132.874557,88531579,-2.408761313868616,2020,10,2020-10,9.550003000000004,-3.395951736818714,133.90749895000002,136.41199952,120.012750115,2.678478933348015,598.134399,-77.64716471356131
2020-10-27,134.149994,136.75,130.850006,135.649994,134.812515,56856159,1.4584869437207215,2020,10,2020-10,5.899993999999992,1.1181513731562298,134.04749835,136.65399934,119.77825007,2.516164072824449,598.134399,-77.3211515293572
2020-10-28,139,143.25,133.5,134.800003,133.967758,152359338,-0.6266059989652404,2020,10,2020-10,9.75,-3.021580575539566,134.20249865,136.83799944,119.492250085,2.511731141051506,598.134399,-77.46325855437048
2020-10-29,132,133,130,131.899994,131.085663,66632704,-2.1513419402520424,2020,10,2020-10,3,-0.07576212121212697,134.13249820000001,136.97299928,119.170000025,2.548821876073648,598.134399,-77.94810092505648
2020-10-30,133.199997,134.5,130.300003,132.649994,131.831024,51128530,0.5686126111575107,2020,10,2020-10,4.199996999999996,-0.4129151744650593,134.08999790000001,137.19199921999999,118.85199999499999,2.552031092282295,598.134399,-77.82271104591662
2020-11-02,133.649994,134,131.100006,132.850006,132.029800,40388690,0.1507817633222171,2020,11,2020-11,2.8999939999999924,-0.598569424552301,134.03749850000003,137.4309993,118.53699999499999,2.5513229654947525,598.134399,-77.7892717385746
2020-11-03,135,137.399994,133.550003,134.100006,133.272079,52071476,0.9409107591609743,2020,11,2020-11,3.8499909999999886,-0.6666622222222166,133.5049988,137.68899948,118.20574999499999,1.7199300598684075,598.134399,-77.58028860667483
2020-11-04,135.600006,137,134,135.899994,135.060959,44675934,1.3422728705918066,2020,11,2020-11,3,0.22123007870662245,133.2499985,137.8649994,117.89749995,1.6766316268033552,598.134399,-77.27935490297725
2020-11-05,137,138,136,137.649994,136.800156,38928602,1.2877116094648247,2020,11,2020-11,2,0.47444817518247623,133.08499835,137.8599994,117.599249905,1.7080576363691553,598.134399,-76.98677851831759
2020-11-06,137.649994,142.300003,137.649994,139,138.141830,67966815,0.9807526762405872,2020,11,2020-11,4.650009000000011,0.9807526762405872,133.11249850000002,137.7549994,117.31924990499999,1.6771518402151229,598.134399,-76.76107573274682
2020-11-09,140.600006,141.5,138.699997,141,140.129486,40277460,1.4388489208633095,2020,11,2020-11,2.800003000000004,0.2844907417713712,133.36749880000002,137.71899934,117.067249935,1.6442189955427344,598.134399,-76.4267027217072
2020-11-10,144.050003,146.699997,142.75,146,145.098618,68794369,3.546099290780142,2020,11,2020-11,3.949996999999996,1.3536945223111145,133.9624985,137.77499939999998,116.869249905,1.7633459353535623,598.134399,-75.59077019410817
2020-11-11,146.5,151.5,145.649994,150.949997,150.018051,78583629,3.390408904109586,2020,11,2020-11,5.850006000000008,3.0375406143344685,134.97499850000003,137.91799928,116.68199992,1.7345534085661682,598.134399,-74.76319749334463
2020-11-12,150.949997,153.850006,150,151.199997,150.266495,56145517,0.16561775751476165,2020,11,2020-11,3.8500060000000076,0.16561775751476165,136.1874985,137.93599916,116.505499905,1.5222180295386283,598.134399,-74.72140086696469
2020-11-13,150,150,145.350006,146.350006,145.446457,32566537,-3.2076660689351657,2020,11,2020-11,4.649993999999992,-2.4333293333333286,137.11749880000002,137.82599915999998,116.32624995,1.7771023813750306,598.134399,-75.53225391405721
2020-11-14,148.699997,150.800003,148,148.850006,147.931015,11749453,1.7082336163348022,2020,11,2020-11,2.800003000000004,0.10088029793303317,138.1474991,137.84699922,116.18999995,1.7895369643255004,598.134399,-75.11428765025768
2020-11-17,152.5,159.350006,152.199997,158,157.024521,82644841,6.1471237025008865,2020,11,2020-11,7.150009000000011,3.606557377049181,139.5649994,138.01899934000002,116.039749935,2.157623934861909,598.134399,-73.58453212787049
2020-11-18,158.850006,178.800003,158.550003,173.5,172.428818,171801183,9.81012658227848,2020,11,2020-11,20.25,9.222532859079648,141.7274994,138.64299928,115.97624995,2.912059227963554,598.134399,-70.99314129231347
2020-11-19,171.399994,176.350006,166.550003,167.949997,166.913086,109449407,-3.1988489913544695,2020,11,2020-11,9.800003000000004,-2.0128337927479723,143.44999925000002,139.1999991,115.932999905,3.081309568268301,598.134399,-71.92102689950791
2020-11-20,170.050003,171.550003,165.550003,169.100006,168.056015,66935703,0.6847329684679967,2020,11,2020-11,6,-0.5586574438343269,145.05499955,139.71599916,115.959249905,3.0646080998341563,598.134399,-71.72876091348158
2020-11-23,169.5,173.899994,165.550003,170.699997,169.646118,54566251,0.9461803330746118,2020,11,2020-11,8.349990999999989,0.7079628318584048,146.90499955,140.24399904,115.984249905,2.9521168247752043,598.134399,-71.46126400932845
2020-11-24,171.850006,175.5,171.100006,172.050003,170.987793,47695247,0.7908646887673979,2020,11,2020-11,4.399993999999992,0.11637881467399902,148.725,140.71399904,115.92574992,2.95363706285679,598.134399,-71.23556122375767
2020-11-25,175,176.800003,169.25,171.449997,170.391495,54366608,-0.34873931388423607,2020,11,2020-11,7.550003000000004,-2.028573142857145,150.55749970000002,141.1749991,115.88874987499999,2.945056940008545,598.134399,-71.33587413018859
2020-11-26,171.600006,175,171.050003,173.75,172.677292,39094724,1.3415007525488636,2020,11,2020-11,3.949996999999996,1.2529102126022025,152.65,141.62099916,115.88949984499999,2.834242225943157,598.134399,-70.95134466593352
2020-11-27,174.649994,183.850006,174.649994,180.350006,179.236542,125926062,3.7985646043165513,2020,11,2020-11,9.200012000000015,3.263677180544315,155.03500060000002,142.27499939999998,115.94674990499999,2.8746542694081825,598.134399,-69.84791272638375
2020-12-01,182.350006,182.399994,178.100006,179.75,178.640244,48881250,-0.33268975882374385,2020,12,2020-12,4.299987999999985,-1.425832692322482,157.3800003,142.91199952,115.996749905,2.8893517695736364,598.134399,-69.94822563281467
2020-12-02,184,187.350006,181.100006,183.600006,182.466476,88107889,2.14186703755216,2020,12,2020-12,6.25,-0.21738804347825677,159.8550003,143.8349997,116.05999995,2.888252599678357,598.134399,-69.3045565834444
2020-12-03,185,186,183.25,184.850006,183.708755,33332481,0.680827864460963,2020,12,2020-12,2.75,-0.08107783783783375,162.3025009,144.8699997,116.13674997999999,2.8953981204797743,598.134399,-69.09557345154462
2020-12-04,186.5,188.800003,182.199997,184.149994,183.013077,47995639,-0.3786919000695165,2020,12,2020-12,6.600006000000008,-1.26005683646113,164.62750090000003,145.9249997,116.21199992,2.928301585626356,598.134399,-69.21260601164656
2020-12-07,184.449997,186.449997,182.699997,183.550003,182.416779,29802472,-0.3258164645935251,2020,12,2020-12,3.75,-0.48793386534996386,166.85500105,147.1399997,116.284249905,2.955070744649112,598.134399,-69.3129164102799
2020-12-08,184.949997,185.699997,178.949997,181.800003,180.677597,42143391,-0.9534186714232852,2020,12,2020-12,6.75,-1.7031598005378679,168.89500120000002,148.23099976,116.38524989,3.00314199695366,598.134399,-69.60549279493955
2020-12-09,183,186.399994,181.649994,182.699997,181.572037,40300535,0.4950461964513787,2020,12,2020-12,4.75,-0.16393606557377258,170.73000105,149.22799958,116.50849985999999,2.961328603192206,598.134399,-69.45502594309076
2020-12-10,182.699997,182.699997,176.399994,177.600006,176.503525,38368777,-2.7914565318794113,2020,12,2020-12,6.300003000000004,-2.7914565318794113,172.0625015,150.14599976,116.60399989,3.0387354013130174,598.134399,-70.30767561656323
2020-12-11,177.949997,181.449997,176.5,178.850006,177.745804,43065542,0.7038288050508286,2020,12,2020-12,4.949996999999996,0.5057651110834306,173.44500195,151.05699982,116.74499995000001,3.0346552480141944,598.134399,-70.09869248466347
2020-12-14,181,181.5,176.699997,177.649994,176.553207,33186273,-0.6709599998559771,2020,12,2020-12,4.800003000000004,-1.8508320441988992,175.01000135,151.93999970000002,116.88374995,2.9048048604390715,598.134399,-70.2993182975253
2020-12-15,176.449997,179.699997,173.25,178.899994,177.795486,41190341,0.7036307583551058,2020,12,2020-12,6.449996999999996,1.3884936478633072,176.51250075000002,152.83999970000002,117.05549990499999,2.9008225205968916,598.134399,-70.09033516562555
2020-12-16,181,183.800003,180.100006,182.550003,181.422958,51259394,2.040251046626649,2020,12,2020-12,3.699996999999996,0.8563552486187866,177.7400009,153.59599975999998,117.24199992,2.648892124904759,598.134399,-69.4801029157997
2020-12-17,184,184,180.649994,181.699997,180.578201,34101954,-0.465629135048553,2020,12,2020-12,3.3500060000000076,-1.2500016304347847,178.15000075,154.40999970000001,117.50574992,1.5822840814147938,598.134399,-69.62221244861057
2020-12-18,180.899994,181.5,176.649994,180.550003,179.435303,46065197,-0.6329081007084401,2020,12,2020-12,4.850006000000008,-0.19347209044130131,178.78000105,155.20199982,117.78149992499999,1.379554758498877,598.134399,-69.81447592683932
2020-12-21,176,177.550003,162.5,164.550003,163.534088,75582907,-8.861810985403306,2020,12,2020-12,15.050003000000004,-6.505680113636362,178.5525009,155.72399994,117.95249990999999,2.478926645673429,598.134399,-72.48946001515623
2020-12-22,164.550003,169.199997,156.699997,164.949997,163.931610,110009846,0.24308355679579807,2020,12,2020-12,12.5,0.24308355679579807,178.26500090000002,156.305,118.14624991,2.4681823551037443,598.134399,-72.42258641606733
2020-12-23,165,169.699997,163.399994,169.199997,168.155365,56930071,2.5765383918133686,2020,12,2020-12,6.300003000000004,2.5454527272727248,178.12250060000002,157.00699982,118.36349989499999,2.535061967494463,598.134399,-71.71204376760815
2020-12-24,172,178,172,175.949997,174.863693,73831319,3.9893617728610242,2020,12,2020-12,6,2.296509883720928,178.34750060000002,157.91199982,118.672249895,2.6892234234511547,598.134399,-70.58353485534946
2020-12-28,179.850006,187.399994,179,186.350006,185.199509,98012135,5.91077532101351,2020,12,2020-12,8.399993999999992,3.614122759606691,178.97750090000002,159.1,119.07549993999999,2.9734959480400867,598.134399,-68.84479369326492
2020-12-29,187.899994,188.449997,181.100006,183.449997,182.317398,71318085,-1.5562162096200907,2020,12,2020-12,7.349990999999989,-2.3682794795618762,179.13250045,160.21399994,119.498249915,2.8906868628562656,598.134399,-69.3296360639509
2020-12-30,183.100006,185.399994,180.399994,184.149994,183.013077,38576159,0.38157373205080847,2020,12,2020-12,5,0.5734505546657299,179.35250015000003,161.33199982,119.978999885,2.8891363361784377,598.134399,-69.21260601164656
2020-12-31,184.850006,187.5,182.800003,183.850006,182.714935,48978310,-0.16290415952985848,2020,12,2020-12,4.699996999999996,-0.540979154742359,179.36500015000001,162.41600006000002,120.44949991499999,2.851710696976411,598.134399,-69.26275995706443
2021-01-01,184.949997,187,184.5,186.5,185.348557,27334421,1.4413891289184904,2021,01,2021-01,2.5,0.8380659773679282,179.44749985,163.54100006000002,120.96724993,2.86565522524148,598.134399,-68.81971672055597
2021-01-04,191.800003,193,188.75,191.300003,190.118942,63980597,2.5737281501340505,2021,01,2021-01,4.25,-0.26068821281509574,179.80500030000002,164.69700012,121.53399996,2.916150741397797,598.134399,-68.01722099250138
2021-01-05,187.100006,193.899994,185.050003,193.199997,192.007202,75752593,0.9932012389984084,2021,01,2021-01,8.849990999999989,3.260283700899501,180.2875,165.82100006000002,122.122499945,2.9177884369942317,598.134399,-67.69956763513278
2021-01-06,194.449997,197.600006,190.649994,195.399994,194.193619,75621947,1.1387148209945346,2021,01,2021-01,6.950012000000015,0.48855593451101786,180.96749955,167.055,122.73474992999999,2.9080541994112936,598.134399,-67.33175782454873
2021-01-07,197,200.350006,195.100006,196.75,195.535294,66024848,0.6908935729035937,2021,01,2021-01,5.25,-0.12690355329949238,181.6699997,168.27700012000003,123.331999915,2.9087120361873016,598.134399,-67.10605503897796
2021-01-08,198.75,201.5,197.100006,198.149994,196.926651,53991568,0.7115598475222324,2021,01,2021-01,4.399993999999992,-0.30188981132075854,182.69749910000002,169.54399994,123.9917499,2.809418120103009,598.134399,-66.87199493436925
2021-01-11,199.899994,225.399994,199.649994,220.649994,219.287720,182483100,11.355034408933669,2021,01,2021-01,25.75,10.380190406609017,184.78749850000003,171.31899994,124.75224985499999,3.700779798250062,598.134399,-63.110298560173604
2021-01-12,227,252.399994,224.100006,237.800003,236.331848,390577839,7.772494659573846,2021,01,2021-01,28.299987999999985,4.757710572687227,187.79499895,173.42200012,125.58999986999999,3.958360820572801,598.134399,-60.24304848583035
2021-01-13,242.899994,248.800003,238.399994,242.600006,241.102219,164649387,2.0185041797497383,2021,01,2021-01,10.400009000000011,-0.12350267904905128,190.97999955,175.61700012,126.44899988499999,3.954618704285015,598.134399,-59.44055275777577
2021-01-14,242.850006,249.800003,238.600006,245.100006,243.586792,86819519,1.030502859921611,2021,01,2021-01,11.199996999999996,0.9264978152810917,194.1074997,177.83700012,127.32099993,3.955253777588557,598.134399,-59.02258649397625
2021-01-15,246,264.649994,242.600006,260.299988,258.692932,250038029,6.2015428918430855,2021,01,2021-01,22.049987999999985,5.813003252032514,198.03749925000002,180.325,128.28174986,4.055467712261363,598.134399,-56.48135461943229
2021-01-18,261.649994,262.450012,241.149994,245.949997,244.431519,173383224,-5.512866562252777,2021,01,2021-01,21.300018000000023,-6.00038118097568,201.30749895000002,182.49100006,129.15624983,4.351306918200183,598.134399,-58.88047946896297
2021-01-19,251.5,261.700012,251.300003,258.649994,257.053131,136861059,5.163649991831468,2021,01,2021-01,10.400009000000011,2.8429399602385654,206.0124985,184.88399994,130.109749815,3.6407523709015064,598.134399,-56.75721135042093
2021-01-20,260,277.5,258.850006,274.899994,273.202789,205145151,6.282621448659303,2021,01,2021-01,18.649993999999992,5.73076692307692,211.50999835000002,187.56199981999998,131.15774976999998,3.7068422604633913,598.134399,-54.04043063572407
2021-01-21,281,299,280,290.600006,288.805878,283614463,5.711172187220933,2021,01,2021-01,19,3.416372241992885,217.57999880000003,190.45399994,132.2744998,3.7693149052945913,598.134399,-51.41560049282503
2021-01-22,295.950012,306.899994,278.350006,289.350006,287.563599,316008609,-0.4301445196804297,2021,01,2021-01,28.549987999999985,-2.230108373842542,223.24999925000003,193.22200012000002,133.38324984,3.8254628760635807,598.134399,-51.624583624724785
2021-01-25,296.899994,299.5,277.350006,279.149994,277.426544,164346913,-3.5251466350410285,2021,01,2021-01,22.149993999999992,-5.978444041329284,227.88999865,195.78100006,134.40599982,3.9728341032874614,598.134399,-53.32988798726489
2021-01-27,274.899994,275,265.700012,267.5,265.848480,126586833,-4.173381425901085,2021,01,2021-01,9.299987999999985,-2.6918858353994697,232.09249880000002,198.20399994,135.37224982,4.139684859790942,598.134399,-55.27760977345161
2021-01-28,260.049988,273.399994,259.049988,266.799988,265.152802,129156876,-0.26168672897196826,2021,01,2021-01,14.350006000000008,2.595654801568382,236.2249985,200.56299958,136.34174975,4.15525238256691,598.134399,-55.394642333553534
2021-01-29,273,278.799988,260.600006,262.700012,261.078156,138442348,-1.5367227077986112,2021,01,2021-01,18.199981999999977,-3.772889377289372,240.16749880000003,202.65699981999998,137.2819998,4.203115517140982,598.134399,-56.080102993708614
2021-02-01,269.75,282,255.350006,279.600006,277.873779,165655500,6.433191179298459,2021,02,2021-02,26.649993999999992,3.6515314179796134,244.82249910000002,204.77899994,138.29574983999998,4.322086445033717,598.134399,-53.254652053542905
2021-02-02,293.600006,328.850006,290.399994,322,320.012024,251965965,15.16451827257829,2021,02,2021-02,38.450012000000015,9.673022281886464,251.35749894999998,207.86,139.503499855,5.214641090790032,598.134399,-46.16594522262212
2021-02-03,339.200012,341.899994,326.200012,331,328.956421,224190114,2.7950310559006213,2021,02,2021-02,15.699981999999977,-2.4174562824013153,258.2474991,211.09799987999997,140.785249845,5.198023357065899,598.134399,-44.66126667294385
2021-02-04,329,334.5,322.450012,326.149994,324.136383,121033002,-1.4652586102719056,2021,02,2021-02,12.049987999999985,-0.8662632218845008,264.7849991,214.20699982,142.036499805,5.275220588361741,598.134399,-45.47212222783396
2021-02-05,327.600006,330,312.600006,315.899994,313.949677,103512235,-3.142725797505304,2021,02,2021-02,17.399993999999992,-3.5714321690213935,270.7424988,217.08399964,143.237749765,5.420527849573311,598.134399,-47.185783909411974
2021-02-08,318.75,339.25,318,335.950012,333.875885,102123614,6.346951054389708,2021,02,2021-02,21.25,5.396082196078436,277.63249970000004,220.37399994,144.54649984,5.467316288432761,598.134399,-43.83369146438274
2021-02-09,337,338.5,322.200012,325.049988,323.043152,105981081,-3.2445374641034483,2021,02,2021-02,16.299987999999985,-3.5459976261127646,282.85249940000006,223.3999997,145.79549978,5.236318844860033,598.134399,-45.656028387024776
2021-02-10,326,332.649994,319.5,328.899994,326.869415,93466949,1.1844350537247237,2021,02,2021-02,13.149993999999992,0.8895687116564395,287.40749895,226.37099945999998,147.05524976499999,5.063841560163268,598.134399,-45.01235933765449
2021-02-11,326.450012,331.350006,323.399994,325,322.993469,55257166,-1.1857689483569867,2021,02,2021-02,7.950012000000015,-0.44417581458076805,291.52749865,229.27599945999998,148.289499755,5.1054837233905,598.134399,-45.664385706062696
2021-02-12,326.399994,330.5,321.25,325.399994,323.391022,64093642,0.12307507692307458,2021,02,2021-02,9.25,-0.3063725546514563,295.54249805,232.11199922,149.450249725,5.1147577374227025,598.134399,-45.59751210697381
2021-02-15,329.899994,335.799988,324,333.350006,331.291931,78680452,2.443150628945622,2021,02,2021-02,11.799987999999985,1.0457751023784545,299.19499895,235.08199922,150.697499745,5.002534615607392,598.134399,-44.26837738185328
2021-02-16,335.450012,337.899994,327.5,329.200012,327.167572,65943843,-1.244935930794611,2021,02,2021-02,10.399993999999992,-1.8631688109762239,303.3574997,237.98299957999998,151.938999795,4.780075571453773,598.134399,-44.962200376641434
2021-02-17,326.899994,334.25,325.450012,330.149994,328.111694,52150941,0.28857289349065307,2021,02,2021-02,8.799987999999985,0.9941878432705019,306.9324997,240.91499940000003,153.17374978,4.711078871447163,598.134399,-44.803376205754724
2021-02-18,331.5,331.75,321.100006,323.850006,321.850586,49204247,-1.908219934724574,2021,02,2021-02,10.649993999999992,-2.3076904977375543,309.3800003,243.75599946,154.38049981,4.6127018239995365,598.134399,-45.85664918429144
2021-02-19,321.950012,321.950012,301.399994,311.850006,309.924683,80274683,-3.705419106893578,2021,02,2021-02,20.550018000000023,-3.137134841914529,310.4425003,246.33899964,155.534499825,4.578221517705188,598.134399,-47.86288725052913
2021-02-22,312.450012,313.899994,302.149994,304.5,302.620056,57723298,-2.356904235557401,2021,02,2021-02,11.75,-2.544410848030313,311.2,248.87699952,156.626499835,4.617768287182915,598.134399,-49.091709069218744
2021-02-23,308.5,328.899994,308.5,324,321.999664,133310157,6.403940886699508,2021,02,2021-02,20.399993999999992,5.024311183144246,313.4425003,251.7799994,157.81549985,4.711843852984748,598.134399,-45.831572211582504
2021-02-24,325,330,316.5,321.649994,319.664154,50821757,-0.7253104938271628,2021,02,2021-02,13.5,-1.0307710769230793,316.15,254.6599994,158.987749835,4.57967754216272,598.134399,-46.22446150267309
2021-02-25,325.350006,334.700012,323.25,333.149994,331.093170,64514912,3.575314849842652,2021,02,2021-02,11.450012000000015,2.3974144325050313,319.46750030000004,257.74499940000004,160.23449979,4.603455239167987,598.134399,-44.301816689195306
2021-02-26,323,332.950012,318.850006,322.950012,320.956146,91901339,-3.0616785783282885,2021,02,2021-02,14.100006000000008,-0.015476160990707375,322.48000030000003,260.55299958,161.42749985999998,4.663616976574524,598.134399,-46.00711603614023
2021-03-01,330,331.850006,322.700012,328.299988,326.273102,61190868,1.6565956963023643,2021,03,2021-03,9.149993999999992,-0.5151551515151561,324.91499940000006,263.4849994,162.66574978999998,4.497402195016051,598.134399,-45.1126722440854
2021-03-02,331.100006,347.200012,326.450012,345.75,343.615356,127708761,5.3152642820078375,2021,03,2021-03,20.75,4.424643229997402,326.10249940000006,266.78899934000003,163.985499775,3.2070260767406893,598.134399,-42.1952657165267
2021-03-03,348.649994,357,346.5,348.5,346.348389,92006451,0.7953723788864787,2021,03,2021-03,10.5,-0.043021368874594734,326.97749940000006,270.46799928,165.31074979000002,3.159395628822467,598.134399,-41.73550282634723
2021-03-04,339,345.399994,337.299988,339.200012,337.105835,59863169,-2.668576183644185,2021,03,2021-03,8.100006000000008,0.059000589970505946,327.6300003,273.95299958,166.58624985999998,3.2059878363036756,598.134399,-43.290335321443365
2021-03-05,333,337.850006,319.700012,325.149994,323.142548,86738909,-4.142104216670848,2021,03,2021-03,18.149993999999992,-2.357359159159161,328.09250030000004,277.07199951999996,167.797999815,3.268733232125409,598.134399,-45.639308733353765
2021-03-08,331.75,331.75,318.799988,321.25,319.266632,81925952,-1.1994445861807375,2021,03,2021-03,12.950012000000015,-3.1650339110776184,327.3574997,279.97799958,168.98874982499999,2.9401947191106883,598.134399,-46.29133510176197
2021-03-09,325,328.350006,309.600006,315.200012,313.253998,74702208,-1.8832647470817074,2021,03,2021-03,18.75,-3.0153809230769184,326.8650009,282.5549997,170.14199987,2.8807437451081377,598.134399,-47.302811453918736
2021-03-10,319.5,324.450012,316.700012,321.450012,319.465424,58643853,1.982867944814672,2021,03,2021-03,7.75,0.6103323943662019,326.4925018,285.315,171.31424993000002,2.905125441031886,598.134399,-46.257895794419944
2021-03-12,325.049988,326.5,314.149994,317.549988,315.589478,48360842,-1.2132598707135933,2021,03,2021-03,12.350006000000008,-2.307337417898936,326.12000120000005,287.98299987999997,172.46699987,2.9056851694239887,598.134399,-46.90992717842333
2021-03-15,320,320.399994,310.049988,318.549988,316.583282,45081385,0.3149110495321448,2021,03,2021-03,10.350006000000008,-0.45312875000000474,325.7775009,290.67699952,173.611999795,2.906694229168039,598.134399,-46.74274067290352
2021-03-16,321,321.899994,315.100006,319.950012,317.974670,39267404,0.43949899630824363,2021,03,2021-03,6.799987999999985,-0.327099065420556,325.1075012,293.34599976000004,174.72924985499998,2.849606497401293,598.134399,-46.50867555269965
2021-03-17,318.600006,320,304,305.799988,303.912018,47262481,-4.422573361241202,2021,03,2021-03,16,-4.017582472989665,323.9375,295.63599946,175.764499795,2.9976218638794814,598.134399,-48.87436861828106
2021-03-18,311,316.600006,299.75,307,305.104614,73731921,0.39241728158603306,2021,03,2021-03,16.850006000000008,-1.2861736334405145,322.78000030000004,297.91199952,176.80699979500002,2.9988315822944998,598.134399,-48.673742805419224
2021-03-19,303.5,311,290.200012,308.950012,307.042572,109932681,0.6351830618892558,2021,03,2021-03,20.799987999999985,1.79572059308073,322.0350006,300.18299988,177.79799985499997,2.981839792137549,598.134399,-48.347727113417534
2021-03-22,306.450012,307.5,300.100006,303.049988,301.178986,56385019,-1.9097018193351065,2021,03,2021-03,7.399993999999992,-1.1094873117512,321.5949997,302.30899964,178.73599980999998,2.8963319528406695,598.134399,-49.33413150846053
2021-03-23,305,312.25,304,307.399994,305.502136,60240483,1.4354087352743956,2021,03,2021-03,8.25,0.7868832786885221,321.73999940000004,304.49399964,179.71574979500002,2.8650150630613593,598.134399,-48.60686920633033
2021-03-24,303.549988,305,293.200012,294.450012,292.632111,61523819,-4.21274634117266,2021,03,2021-03,11.799987999999985,-2.9978508844480567,320.2625,305.97,180.63099984500002,2.6045099550664355,598.134399,-50.77193144345473
2021-03-25,294,294,282.25,285.549988,283.787018,84528317,-3.022592507145162,2021,03,2021-03,11.75,-2.874153741496604,318.4574997,306.9249997,181.52799977499998,2.667429896930721,598.134399,-52.259895355057154
2021-03-26,290.5,301.399994,290.5,296.399994,294.570038,80924011,3.799687079657663,2021,03,2021-03,10.899993999999992,2.030979001721168,316.6199997,308.00099946,182.48349973,2.686142152323452,598.134399,-50.445920767048214
2021-03-30,300.5,301.299988,292.700012,297.049988,295.216034,45257233,0.21929622576172939,2021,03,2021-03,8.59997599999997,-1.1480905158069934,315.3249985,309.0399991,183.46624967,2.6240449236951964,598.134399,-50.33725054157937
2021-03-31,299,307.5,297.5,301.799988,299.936707,58569012,1.5990574623419949,2021,03,2021-03,10,0.9364508361203963,313.9999985,309.8699991,184.50149961,2.621719999760598,598.134399,-49.543114640360294
2021-04-01,306.75,309.850006,303.049988,307.75,305.849976,44088352,1.9715083620215437,2021,04,2021-04,6.800018000000023,0.32599837000814996,312.09999849999997,311.10599916,185.56324959999998,2.3292288768416367,598.134399,-48.54835292627937
2021-04-05,306.799988,311.700012,297.200012,305.049988,303.166626,66178755,-0.8773393988627181,2021,04,2021-04,14.5,-0.5704041944095513,309.92749790000005,312.03399904,186.60674955,2.3081453675738173,598.134399,-48.99975849742091
2021-04-06,306.149994,313.799988,304.799988,307.75,305.849976,63031783,0.8851047717464638,2021,04,2021-04,9,0.5226216009659657,308.35499730000004,312.69099916,187.63299955,2.280223554214808,598.134399,-48.54835292627937
2021-04-07,306.75,310.649994,305.100006,307.799988,305.899658,39073986,0.01624305442728995,2021,04,2021-04,5.549987999999985,0.3422943765281124,307.48749699999996,313.0349988,188.65874948,2.110084251978277,598.134399,-48.53999560724145
2021-04-08,307.899994,319.799988,307.5,313.950012,312.011719,62459774,1.9980585574291936,2021,04,2021-04,12.299987999999985,1.9649295608625514,307.1224976,313.52699892,189.70649953,2.155210092717106,598.134399,-47.51179458581849
2021-04-09,313.200012,325,312.5,318.200012,316.235504,75462572,1.353718693280381,2021,04,2021-04,12.5,1.596423949051445,307.2724976,314.30799928,190.773499575,2.135110141206599,598.134399,-46.80125193735932
2021-04-12,307.850006,307.850006,282.899994,286.549988,284.780853,105342538,-9.94658164877757,2021,04,2021-04,24.950012000000015,-6.918959748209335,305.5274964,314.68899904,191.6872495,3.044877250445805,598.134399,-52.09270884953735
2021-04-13,287.25,304.549988,280.549988,302.850006,300.980255,116874853,5.688368062329154,2021,04,2021-04,24,5.430811488250655,304.79249730000004,315.4099994,192.69449952,3.3398372238112795,598.134399,-49.367565800207394
2021-04-15,303,307.549988,296.5,303.5,301.626251,75262749,0.2146257180526496,2021,04,2021-04,11.049987999999985,0.16501650165016502,304.0399979,316.22599916,193.714749535,3.3391268842768658,598.134399,-49.258895574738546
2021-04-16,302,315,300.149994,310,308.086090,75330709,2.14168039538715,2021,04,2021-04,14.850006000000008,2.6490066225165565,303.54249730000004,316.83399904000004,194.773499535,3.377413762330538,598.134399,-48.172183288859806
2021-04-19,295,304.5,292.799988,301.399994,299.539185,65791784,-2.77419548387097,2021,04,2021-04,11.700012000000015,2.1694894915254213,303.3224976,316.42199892,195.776749505,3.285287473490088,598.134399,-49.60998823944918
2021-04-20,307.700012,308.149994,294.200012,298.049988,296.209869,56740291,-1.111481773951199,2021,04,2021-04,13.949981999999977,-3.1361792732071883,302.874997,315.76299868,196.75924942999998,3.292562620296702,598.134399,-50.17006403605957
2021-04-22,294,302.5,292.200012,294.549988,292.731476,61022978,-1.1742996614380001,2021,04,2021-04,10.299987999999985,0.18707074829931455,302.1549958,315.13099856,197.714749385,3.296305826859306,598.134399,-50.755216805378886
2021-04-23,291,300,290.5,294,292.184875,58158986,-0.1867214470910061,2021,04,2021-04,9.5,1.0309278350515463,301.70249640000003,314.69299867999996,198.639749385,3.2712869556054267,598.134399,-50.84716737717672
2021-04-26,297,299,294.600006,295.399994,293.576233,30583139,0.4761884353741471,2021,04,2021-04,4.399993999999992,-0.5387225589225615,301.1024964,313.88199832,199.57149934,3.2545932553869696,598.134399,-50.61310727256802
2021-04-27,295.700012,302.5,295.100006,301.5,299.638580,35040532,2.064998687846963,2021,04,2021-04,7.399993999999992,1.9614432751527873,301.4549958,313.41099856,200.55224934999998,3.1426508151652945,598.134399,-49.59326858577816
2021-04-28,303.5,309.5,303,305.899994,304.011414,44668126,1.459367827529019,2021,04,2021-04,6.5,0.7907723228995033,302.4724961,312.95099856,201.546999335,3.062018946483957,598.134399,-48.85764896461004
2021-04-29,308.899994,310,301.25,301.899994,300.036102,36647292,-1.307616893905529,2021,04,2021-04,8.75,-2.2661055797883893,302.7474961,312.48899844,202.518499315,2.97448604503628,598.134399,-49.526394986689276
2021-04-30,298.200012,301.299988,292.549988,293.850006,292.035797,36121668,-2.666441921161477,2021,04,2021-04,8.75,-1.4587544684605873,302.587497,311.85799868,203.447749345,3.0394879599289655,598.134399,-50.872244349885655
2021-05-03,289.299988,294.75,285,293,291.191040,35376618,-0.2892652654905876,2021,05,2021-05,9.75,1.2789533886880131,302.1474976,311.05099856,204.386999335,3.016153587301345,598.134399,-51.014353882696525
2021-05-04,296.350006,299.75,288.049988,289.450012,287.662994,38640006,-1.211599999999995,2021,05,2021-05,11.700012000000015,-2.328325918778619,301.2324982,310.25599856,205.31824941,2.9847327999191102,598.134399,-51.60786397105377
2021-05-05,293.5,293.899994,288.5,291.5,289.700317,29350536,0.7082355899159488,2021,05,2021-05,5.399993999999992,-0.6814310051107325,300.5549988,309.48299868,206.26099942500002,2.9885934016670093,598.134399,-51.26513364097624
2021-05-06,291.5,302,290.299988,301.25,299.390106,45032502,3.3447684391080617,2021,05,2021-05,11.700012000000015,3.3447684391080617,300.22999880000003,309.03099856,207.235249415,3.0839510034511934,598.134399,-49.63506521215811
2021-05-07,303,305.950012,300.5,302.75,300.880859,41591323,0.49792531120331945,2021,05,2021-05,5.450012000000015,-0.08250825082508251,299.97749940000006,308.84899844,208.22374939999997,3.0864583924689675,598.134399,-49.3842854538784
2021-05-10,304.5,315.700012,304,314.850006,312.906158,53260388,3.9966989265070216,2021,05,2021-05,11.700012000000015,3.3990167487684757,300.0224991,309.05599856000003,209.255749445,3.1865166152837725,598.134399,-47.3613277339697
2021-05-11,309.549988,320.75,308.100006,315.549988,313.601837,58472304,0.22232237149774017,2021,05,2021-05,12.649993999999992,1.9382976038106001,299.8899979,308.88699832,210.307749375,3.1724254314278,598.134399,-47.24430018946294
2021-05-12,318.25,334.75,316.25,326,323.987305,111584920,3.311681951323673,2021,05,2021-05,18.5,2.4351924587588374,301.8624985,308.97399844,211.40749936,2.2274624244162124,598.134399,-45.49719920054289
2021-05-14,329.350006,329.5,310,312.25,310.322205,81305325,-4.217791411042945,2021,05,2021-05,19.5,-5.192046664180115,302.33249820000003,308.55599856000003,212.44999936,2.153030488311657,598.134399,-47.79601365144024
2021-05-17,315.399994,323.850006,311.399994,321.100006,319.117554,51162423,2.834269335468377,2021,05,2021-05,12.450012000000015,1.8072327547349336,303.2124985,308.51899844,213.54699940499998,2.2337427055341856,598.134399,-46.31641207447091
2021-05-18,325.950012,336.649994,324,332.450012,330.397491,86153088,3.5347261874545115,2021,05,2021-05,12.649993999999992,1.9941708116887569,304.3349991,308.60199892,214.67699947999998,2.3142649429935305,598.134399,-44.41884423370207
2021-05-19,313,322.950012,312.100006,314.450012,312.508636,119407026,-5.414347826824563,2021,05,2021-05,10.850006000000008,0.46326261980831157,304.9875,307.97599916,215.72049954,2.565092851454962,598.134399,-47.428201333058595
2021-05-20,316,316.600006,306.100006,307.700012,305.800293,54043899,-2.1466051017355343,2021,05,2021-05,10.5,-2.6265784810126536,305.4700012,307.1599994,216.74074958999998,2.6040206314843677,598.134399,-48.55671024531729
2021-05-21,312,315.700012,309.5,313.100006,311.166962,40358753,1.7549541077040944,2021,05,2021-05,6.200012000000015,0.35256602564102807,306.3975021,306.63799928000003,217.78299961000002,2.605516385460777,598.134399,-47.65390411862936
2021-05-24,314.75,315.799988,310.200012,311.850006,309.924683,31963997,-0.3992334640836768,2021,05,2021-05,5.59997599999997,-0.9213642573470985,307.2900024,306.37199952,218.776999625,2.6082020598585394,598.134399,-47.86288725052913
2021-05-25,315.549988,319,313.850006,315.25,313.303680,37382263,1.090265811955762,2021,05,2021-05,5.149993999999992,-0.09506829707120282,308.2825027,306.25199951999997,219.79599964000002,2.613651327027434,598.134399,-47.294454134880816
2021-05-26,316.100006,320,314.799988,315.5,313.552155,28639717,0.07930214115781126,2021,05,2021-05,5.200012000000015,-0.18981524473618883,308.98250270000005,306.25799928,220.79649963,2.5829442852828226,598.134399,-47.25265750850086
2021-05-27,317.049988,323.450012,316.549988,318.600006,316.632996,49484106,0.982569255150557,2021,05,2021-05,6.90002400000003,0.488887575671513,309.6175033,306.20099916,221.80549964499997,2.5734658403195216,598.134399,-46.734378338270425
2021-05-28,322.649994,324.5,316.5,318.75,316.782074,26618815,0.0470790951585834,2021,05,2021-05,8,-1.208738283751523,310.46000360000005,306.2249994,222.803749655,2.54842610755542,598.134399,-46.70930136556149
2021-05-31,318.700012,319.75,312.100006,318.75,316.782074,30917309,0,2021,05,2021-05,7.649993999999992,0.015684969600812195,311.7050033,306.22899964,223.778249665,2.452859712899714,598.134399,-46.70930136556149
2021-06-01,319.200012,325.700012,317.299988,318.100006,316.136108,32595728,-0.20391968627450743,2021,06,2021-06,8.40002400000003,-0.3446133955659148,312.96000360000005,306.19199951999997,224.75724967999997,2.4516049214980105,598.134399,-46.817971591030336
2021-06-02,315.950012,324.399994,315.600006,323,321.005829,26323777,1.5403941866005473,2021,06,2021-06,8.799987999999985,2.2313618396064454,314.63750300000004,306.53599976000004,225.74549969,2.431138657837571,598.134399,-45.99875871710231
2021-06-03,325.299988,327.700012,323.649994,325.649994,323.639465,21408371,0.8204315789473661,2021,06,2021-06,4.050018000000023,0.10759483950549902,316.3450027,306.90899964,226.71799969,2.431583994161181,598.134399,-45.555715480593854
2021-06-04,325.149994,336.899994,324.25,334.950012,332.882050,41278749,2.855832387947172,2021,06,2021-06,12.649993999999992,3.013999132966314,318.0300033,307.42899964000003,227.76974975999997,2.4046733046843243,598.134399,-44.00087796990255
2021-06-07,339.75,351,339.75,345.5,343.366943,64986814,3.1497201439120963,2021,06,2021-06,11.25,1.692420897718911,320.1675033,308.27799988,228.879499745,2.4732397462293805,598.134399,-42.237062342906654
2021-06-08,346.25,356.649994,337.5,352.75,350.572174,44104954,2.098408104196816,2021,06,2021-06,19.149993999999992,1.8772563176895307,322.062503,309.185,230.015249755,2.374179549620741,598.134399,-41.02496017788805
2021-06-09,356.200012,358.899994,339.75,343.350006,341.230194,59334814,-2.6647750531537895,2021,06,2021-06,19.149993999999992,-3.6075254259115543,323.4525039,310.16299988,231.106249775,2.4834174863698233,598.134399,-42.5965123266552
2021-06-10,345.200012,347.850006,342.399994,344.75,342.621552,24351860,0.4077454421247316,2021,06,2021-06,5.450012000000015,-0.1303626837649169,324.3900039,311.34700012,232.22149978999997,2.3906196627802188,598.134399,-42.36245222204651
2021-06-11,346,352.899994,344.350006,350.75,348.584503,36441967,1.7403915881073242,2021,06,2021-06,8.549987999999985,1.3728323699421965,326.3150039,312.43400024,233.37074978,2.1568335046425413,598.134399,-41.359333188927664
2021-06-14,350.049988,357.899994,341.100006,355.950012,353.752411,38482142,1.4825408410548868,2021,06,2021-06,16.799987999999985,1.6854804177282332,328.05750420000004,313.61200071999997,234.544499855,2.1038403054671884,598.134399,-40.4899613539866
2021-06-15,355.75,360.75,351.5,352.700012,350.522491,35526159,-0.9130495548346826,2021,06,2021-06,9.25,-0.8573402670414574,329.0700042,314.6300012,235.672499925,2.0030341142224346,598.134399,-41.03331749692597
2021-06-16,350.100006,356,348.100006,349.350006,347.193176,27550588,-0.9498173762466465,2021,06,2021-06,7.899993999999992,-0.21422450361226214,330.8150039,315.46200132,236.72974998499998,1.521859371509562,598.134399,-41.59339329353636
2021-06-17,348.399994,352.899994,342.25,345.649994,343.515991,29236974,-1.0591131920575994,2021,06,2021-06,10.649993999999992,-0.7893226312742129,332.712503,316.27400144,237.73674995499996,1.4379859190326845,598.134399,-42.211985370197716
2021-06-18,345.649994,346.899994,329,337.399994,335.316925,49440514,-2.386807505629524,2021,06,2021-06,17.899993999999992,-2.386807505629524,333.9275024,316.86700132000004,238.70974991,1.5552890945728126,598.134399,-43.591274040736124
2021-06-21,330.899994,335.799988,326.200012,334.299988,332.236053,29123887,-0.9187925474592651,2021,06,2021-06,9.59997599999997,1.0274989609096192,335.0500015,317.39700132,239.665249865,1.5733278234267327,598.134399,-44.10955321096656
2021-06-22,337.100006,344.299988,336.149994,337.899994,335.813843,26708459,1.076878889986681,2021,06,2021-06,8.149993999999992,0.23731473917564536,336.18250120000005,317.87600096,240.63574981999997,1.5730035709697612,598.134399,-43.50768078797622
2021-06-23,341,343.25,334.299988,335.25,333.180206,25741628,-0.7842539352042701,2021,06,2021-06,8.950012000000015,-1.6862170087976538,337.1700012,318.21700072,241.560499805,1.592819579780094,598.134399,-43.95072402448467
2021-06-24,335,337.399994,333.350006,334.649994,332.583893,15580223,-0.17897270693512532,2021,06,2021-06,4.049987999999985,-0.1044794029850769,337.9725006,319.17900084,242.474499745,1.5884087432572782,598.134399,-44.05103693091559
2021-06-25,335.899994,342.799988,335.899994,339.649994,337.553009,22426352,1.4940983384568653,2021,06,2021-06,6.899993999999992,1.116403711516589,339.01750030000005,319.9150006,243.43374970000002,1.6110894335005905,598.134399,-43.21510440331656
2021-06-28,340.799988,345,337.549988,342.799988,340.683594,17843975,0.9274235405992654,2021,06,2021-06,7.450012000000015,0.5868544807577869,340.2199997,320.70100036,244.40074967,1.614424121393173,598.134399,-42.6884679140482
2021-06-29,342.649994,346.5,339.600006,341.549988,339.441315,22462297,-0.36464412011589686,2021,06,2021-06,6.899993999999992,-0.32102904399875976,341.3924988,321.33200012000003,245.39699959499998,1.6178628811234397,598.134399,-42.89745104594796
2021-06-30,342,345.350006,338.850006,339.600006,337.503357,18277841,-0.5709214078496695,2021,06,2021-06,6.5,-0.7017526315789452,342.2224991,322.09600036,246.39449959499998,1.60622453661664,598.134399,-43.22346172235448
2021-07-01,341.5,347.399994,341.200012,344.25,342.124664,27944816,1.3692561595537758,2021,07,2021-07,6.199981999999977,0.8052708638360175,343.1524994,323.0200006,247.39924958,1.6208683956759014,598.134399,-42.44604547480641
2021-07-02,345.299988,345.549988,340.5,344.899994,342.770630,18304387,0.1888145243282476,2021,07,2021-07,5.049987999999985,-0.1158395638287692,343.6499985,324.02700072,248.402249535,1.5042245669824985,598.134399,-42.33737524933757
2021-07-05,347.049988,350.100006,344,346.100006,343.963226,18399524,0.34793042066565394,2021,07,2021-07,6.100006000000008,-0.2737305958356573,343.6799988,325.06900084,249.38999955,1.331399656891279,598.134399,-42.13674943647573
2021-07-06,348,358.200012,311.5,316.899994,314.943481,164083830,-8.436871278181952,2021,07,2021-07,46.700012000000015,-8.936783333333336,341.8874985,325.49900084,250.23249955,2.239224676894798,598.134399,-47.01859740389217
2021-07-07,316,319.100006,306.25,317.100006,315.142273,112183313,0.06311517948467213,2021,07,2021-07,12.850006000000008,0.3481031645569644,340.5749985,325.81100096,251.06074959499998,2.1834283274395765,598.134399,-46.98515809655014
2021-07-08,314.799988,314.799988,305,306.350006,304.458618,87360324,-3.390097696813036,2021,07,2021-07,9.799987999999985,-2.684238348827376,338.65499880000004,325.8200012,251.854249655,2.275152313980895,598.134399,-48.782413030888065
2021-07-09,305.799988,308.850006,301.850006,306.299988,304.408905,48807214,-0.01632707655309227,2021,07,2021-07,7,0.16350556560518897,336.4324982,325.90800108,252.646249625,2.2146458719338282,598.134399,-48.79077536552116
2021-07-12,310.799988,312,306.100006,307.450012,305.551849,32282319,0.37545675646583127,2021,07,2021-07,5.899993999999992,-1.0778558974719041,334.0074982,326.1800012,253.49624970000002,2.171936423633781,598.134399,-48.598506871697246
2021-07-13,310,312.25,308.149994,310.950012,309.030243,25736308,1.1383964428012447,2021,07,2021-07,4.100006000000008,0.30645548387097266,331.9199982,326.53900144,254.38549973000002,2.2097717110297572,598.134399,-48.01335410237792
2021-07-14,310,313.299988,308.649994,309.549988,307.638885,21863250,-0.4502408573632826,2021,07,2021-07,4.649993999999992,-0.14516516129032747,329.9299973,326.94100096,255.2762497,2.2084772712454583,598.134399,-48.24741922258178
2021-07-15,310.5,312.850006,307.600006,310.25,308.334534,23617599,0.22613859703978254,2021,07,2021-07,5.25,-0.08051529790660225,328.1599976,327.31600096,256.213499685,2.212460584507557,598.134399,-48.13038666247985
2021-07-16,311.100006,315.450012,310.5,311.25,309.328369,25148606,0.32232070910556004,2021,07,2021-07,4.950012000000015,0.04821407814437406,326.8524979,327.51600096000004,257.133499685,2.1744029247168526,598.134399,-47.96320015696004
2021-07-19,308.950012,310.299988,306,308.850006,306.943207,21346348,-0.7710824096385518,2021,07,2021-07,4.299987999999985,-0.03236963784290372,325.5799988,327.63800108,258.013499685,2.1727234219061953,598.134399,-48.364446767088545
2021-07-20,307,308,301.049988,302.149994,300.284576,27672567,-2.1693417095157885,2021,07,2021-07,6.950012000000015,-1.5798065146579827,323.79249880000003,327.38400084,258.86574967,2.1800553773124536,598.134399,-49.48459836030932
2021-07-22,305.5,307.450012,301.049988,302.549988,300.682068,21338361,0.1323825940569082,2021,07,2021-07,6.40002400000003,-0.9656340425531965,322.1574982,327.12400084,259.71199959499995,2.184148599836849,598.134399,-49.417724761220434
2021-07-23,300.5,301.899994,295,295.549988,293.725281,33435130,-2.313667254219161,2021,07,2021-07,6.899993999999992,-1.6472585690515857,320.2024979,326.5150006,260.522249535,2.220107135722036,598.134399,-50.588030299859085
2021-07-26,295,297,291,293.149994,291.340118,27502360,-0.8120433420555552,2021,07,2021-07,6,-0.6271206779661043,317.87749790000004,326.13300048,261.318499535,2.16510596613976,598.134399,-50.98927690998759
2021-07-27,293,297.649994,288.600006,291.399994,289.600922,55132877,-0.5969640238164221,2021,07,2021-07,9.049987999999985,-0.5460771331058046,315.3074982,325.53900024,262.05174950500003,2.1309846545577416,598.134399,-51.28185329464725
2021-07-28,290,290.899994,283.600006,284.450012,282.693848,36139725,-2.385031620831117,2021,07,2021-07,7.299987999999985,-1.9137889655172362,312.4524994,324.57900023999997,262.768999565,2.157659360002104,598.134399,-52.44379649865281
2021-07-29,287.549988,295.399994,287.549988,292.899994,291.091644,57733359,2.9706386512650163,2021,07,2021-07,7.850006000000008,1.8605481562391886,310.1174988,324.14799988,263.52874955,2.3239239818863298,598.134399,-51.03107353636754
2021-07-30,294,300,293.25,293.950012,292.135193,30589609,0.3584902770602388,2021,07,2021-07,6.75,-0.01700272108843021,307.60249940000006,323.87299988,264.30624962499996,2.287015801114488,598.134399,-50.85552469621464
2021-08-02,299.149994,299.399994,295.600006,296.850006,295.017303,19273390,0.9865602590960235,2021,08,2021-08,3.799987999999985,-0.7688410650611561,305.2,323.54799987999996,265.11099968499997,2.3112792383630727,598.134399,-50.37068483332623
2021-08-03,298.5,304.5,297.700012,303.700012,301.824982,31063992,2.30756471670747,2021,08,2021-08,6.799987999999985,1.7420475711892849,303.08000030000005,323.385,265.958999715,2.398857763544161,598.134399,-49.22545626739652
2021-08-04,304.75,306.450012,297.200012,298.149994,296.309265,26186248,-1.8274671651972219,2021,08,2021-08,9.25,-2.1657115668580826,302.14250030000005,323.04299987999997,266.79624970000003,1.5819075276063725,598.134399,-50.15334438238855
2021-08-05,295.5,300.899994,292.75,299.700012,297.849701,20704901,0.5198785950671603,2021,08,2021-08,8.149993999999992,1.4213238578680254,301.2725006,322.72700012,267.659999775,1.5905860727501093,598.134399,-49.89420228947575
2021-08-06,300.049988,303.399994,297.649994,300.049988,298.197510,16001898,0.11677543743307212,2021,08,2021-08,5.75,0,300.9574997,322.35599976000003,268.521499715,1.4117373265555968,598.134399,-49.835691025019955
2021-08-09,300.75,304.200012,296.049988,298.100006,296.259583,16985859,-0.6498857117101359,2021,08,2021-08,8.15002400000003,-0.8811285120531979,300.54750060000003,321.94299988,269.370749745,1.4169921850062857,598.134399,-50.16170170142647
2021-08-10,297.899994,300.200012,291,294.200012,292.383636,15173990,-1.3082837710509783,2021,08,2021-08,9.200012000000015,-1.2420215087349002,299.8850006,321.45200012000004,270.193499835,1.435524264517896,598.134399,-50.81372806983468
2021-08-11,295.299988,297.799988,286.450012,295.450012,293.625946,20802022,0.42488101598038,2021,08,2021-08,11.34997599999997,0.050803930273112766,299.11000060000003,320.99900024,271.019499895,1.408862310873689,598.134399,-50.60474493793493
2021-08-12,297.299988,307.399994,297.299988,306,304.110809,33652880,3.570819959892228,2021,08,2021-08,10.100006000000008,2.926341187743343,298.93250120000005,320.65900024,271.88199989500004,1.6452526340881997,598.134399,-48.84092931093903
2021-08-13,308.799988,311.5,303.049988,307.25,305.353088,34922863,0.40849673202614384,2021,08,2021-08,8.450012000000015,-0.5019391386763865,298.7825012,320.29100036,272.73324989500003,1.6473375624869988,598.134399,-48.63194617903927
2021-08-16,305.950012,307.850006,303.049988,303.700012,301.824982,14348786,-1.155406997558986,2021,08,2021-08,4.800018000000023,-0.7354142545351493,298.4050018,319.66600036,273.58324997,1.66349250942078,598.134399,-49.22545626739652
2021-08-17,302.799988,302.799988,292.799988,297.700012,295.862030,25539214,-1.9756337711307037,2021,08,2021-08,10,-1.6842721935642777,297.84750210000004,318.7100006,274.39350006,1.709860451408686,598.134399,-50.22857530051537
2021-08-18,296.899994,297.75,292.600006,293.350006,291.538910,18004320,-1.4612045094576642,2021,08,2021-08,5.149993999999992,-1.1956847665008659,297.4075027,317.52200072,275.186250075,1.6732163441527668,598.134399,-50.95583760264556
2021-08-20,289.5,290.700012,281,283.100006,281.352173,32578752,-3.4941195808259162,2021,08,2021-08,9.700012000000015,-2.210706044905006,296.4350036,316.31700072,275.942250135,1.8317660973302543,598.134399,-52.669499284223576
2021-08-23,287.200012,288.299988,275,276.950012,275.240143,24498294,-2.1723750864208715,2021,08,2021-08,13.299987999999985,-3.5689413550581603,295.5050048,314.96100096000004,276.663750225,1.8239108842709213,598.134399,-53.697695290051364
2021-08-24,278.5,281.5,268.450012,279.799988,278.072540,37589121,1.0290579081108577,2021,08,2021-08,13.049987999999985,0.4667820466786301,294.8375045,313.54200072,277.398500135,1.8435261326541819,598.134399,-53.22121776179605
2021-08-25,282.799988,289.200012,282.450012,284.399994,282.644135,31538128,1.644033665934256,2021,08,2021-08,6.75,0.5657730084486452,294.4875045,312.11100036,278.150000075,1.8867910884248587,598.134399,-52.4521588332859
2021-08-26,284.850006,287.350006,281.649994,284.299988,282.544739,17864053,-0.035163854469001006,2021,08,2021-08,5.700012000000015,-0.19309039438813377,294.4800033,310.74299988,278.892000045,1.8088676346217356,598.134399,-52.46887848695692
2021-08-27,282.899994,286.799988,281.700012,285.75,283.985809,13477390,0.5100288642995001,2021,08,2021-08,5.09997599999997,1.007425259966604,294.1225036,309.47099976000004,279.632500075,1.6758995223160005,598.134399,-52.22645604771512
2021-08-30,290.100006,293.5,289.899994,291.950012,290.147552,17217097,2.169732983377083,2021,08,2021-08,3.6000060000000076,0.637713189154504,294.02250360000005,308.39700012000003,280.397250135,1.749862387983801,598.134399,-51.189897707254254
2021-08-31,291.75,291.950012,286.100006,287.299988,285.526245,36951003,-1.5927466377360624,2021,08,2021-08,5.850006000000008,-1.5252826049700137,293.54500270000005,307.395,281.12875007499997,1.7667724744666746,598.134399,-51.96731897039749
2021-09-01,289,297.399994,287.299988,295.25,293.427155,33103168,2.7671466522999,2021,09,2021-09,10.100006000000008,2.162629757785467,293.1225021,306.61400024,281.875000075,1.8030156322664816,598.134399,-50.63818424527696
2021-09-02,295.25,296.299988,291.700012,293.149994,291.340118,14907001,-0.7112636748518231,2021,09,2021-09,4.59997599999997,-0.7112636748518231,292.8725021,305.71900024,282.58600006,1.7644252617091027,598.134399,-50.98927690998759
2021-09-03,292.5,296.450012,292,295.549988,293.725281,16594135,0.8186914716430089,2021,09,2021-09,4.450012000000015,1.0427309401709348,292.6650009,304.925,283.307750015,1.7709340743257187,598.134399,-50.588030299859085
2021-09-06,297.5,298.950012,296,297.450012,295.613586,16622865,0.6428773734208476,2021,09,2021-09,2.950012000000015,-0.01680268907562515,292.53500210000004,304.18100036,284.06325004499996,1.7775121715399747,598.134399,-50.27037192689531
2021-09-07,297.350006,297.799988,290.899994,294.600006,292.781189,14325904,-0.9581462044116534,2021,09,2021-09,6.899993999999992,-0.9248360331292544,292.36000210000003,303.2800006,284.792000045,1.7845064442923206,598.134399,-50.746854470745795
2021-09-08,293.5,298.799988,291.600006,295.25,293.427155,14920479,0.2206361122748899,2021,09,2021-09,7.199981999999977,0.596252129471891,292.4125015,302.32900084,285.478250045,1.7600736119110154,598.134399,-50.63818424527696
2021-09-09,294,303.5,293.549988,298.950012,297.104309,34020970,1.2531793395427655,2021,09,2021-09,9.950012000000015,1.6836775510204134,292.58750150000003,301.47700132,286.105500105,1.7794305148649536,598.134399,-50.0195921686156
2021-09-13,299,302,295.5,301.200012,299.340424,16339860,0.7526341895580857,2021,09,2021-09,6.5,0.735789966555189,292.34750210000004,300.70900144,286.77175017999997,1.589379042994789,598.134399,-49.64342253119604
2021-09-14,302.25,307.200012,302.200012,306.100006,304.210175,23234649,1.6268239723708882,2021,09,2021-09,5,1.273781968569068,292.2900024,299.94600156,287.45675018,1.631354944064859,598.134399,-48.824209657268014
2021-09-15,306.100006,313,306.100006,311.950012,310.024078,26808872,1.9111420729603015,2021,09,2021-09,6.899993999999992,1.9111420729603015,292.7025024,299.28700192,288.163000255,1.6614759557346475,598.134399,-47.84616759685811
2021-09-16,313.399994,315,307.649994,311.649994,309.725891,26249369,-0.09617502434974189,2021,09,2021-09,7.350006000000008,-0.5583918422155426,293.40000150000003,298.59800168000004,288.86100021,1.5865468027993002,598.134399,-47.896326557871156
2021-09-17,312,315.350006,306,308.600006,306.694733,24972069,-0.9786581289008415,2021,09,2021-09,9.350006000000008,-1.0897416666666642,294.1625015,298.43200192,289.546750255,1.5627855774320976,598.134399,-48.4062433934685
2021-09-20,304.899994,310.25,297.299988,298.950012,297.104309,19632688,-3.127023270375436,2021,09,2021-09,12.950012000000015,-1.9514536297432585,294.9550018,298.06900204,290.17275031500003,1.5178154488967515,598.134399,-50.0195921686156
2021-09-21,298.600006,302.700012,293.100006,301.950012,300.085815,19439330,1.0035122527441143,2021,09,2021-09,9.600006000000008,1.1219041971486121,296.2050018,297.98100216,290.780750345,1.4096077357014476,598.134399,-49.518032652056185
2021-09-22,303.149994,313.799988,303,310.100006,308.185486,29545253,2.69912027690199,2021,09,2021-09,10.799987999999985,2.292598429013993,297.7200027,298.05700251999997,291.43250037499996,1.4931714998024226,598.134399,-48.15546363518879
2021-09-23,313.200012,324,313.200012,321.5,319.515106,52701665,3.676231467083555,2021,09,2021-09,10.799987999999985,2.650059924007916,299.57500300000004,298.33800228,292.122000345,1.6356079078099597,598.134399,-46.249538475382025
2021-09-24,325.100006,326.950012,316.049988,317.950012,315.987030,28901243,-1.1041953343701352,2021,09,2021-09,10.90002400000003,-2.1993213989666898,301.2575042,298.47800228,292.787500375,1.6753920373986741,598.134399,-46.84304856373927
2021-09-27,323.149994,333.600006,323.149994,331.649994,329.602417,56305136,4.308847769441184,2021,09,2021-09,10.450012000000015,2.6303574679936403,303.55250390000003,298.9200024,293.525000375,1.8715871015406202,598.134399,-44.55259644747501
2021-09-28,334,336,324.5,329.299988,327.266937,28497009,-0.7085801424739383,2021,09,2021-09,11.5,-1.4071892215568906,305.42000270000005,299.30100216,294.2537503,1.8684750538964345,598.134399,-44.945485738565594
2021-09-29,325,333,324,330.25,328.211090,19740150,0.28849439253548204,2021,09,2021-09,9,1.6153846153846154,307.5675033,299.68100216,294.99600028500004,1.7972012401239879,598.134399,-44.786656552083706
2021-09-30,331.25,337.899994,329.100006,333.350006,331.291931,30268517,0.9386846328539009,2021,09,2021-09,8.799987999999985,0.6339640754717004,309.47250360000004,300.17100216,295.74925033,1.7326218384547043,598.134399,-44.26837738185328
2021-10-01,332.649994,337.299988,325.700012,333.299988,331.242218,29877695,-0.015004649497448265,2021,10,2021-10,11.59997599999997,0.19539877099772093,311.4800033,300.79400204,296.52775024,1.7112685704090953,598.134399,-44.27673971648637
2021-10-04,336.799988,343.25,335.149994,342,339.888519,29553072,2.6102647204415788,2021,10,2021-10,8.100006000000008,1.5439466108294564,313.80250390000003,301.58300228,297.34350021,1.76615295356781,598.134399,-42.822215112225976
2021-10-05,340.450012,351.5,338.850006,344.950012,342.820313,31861985,0.862576608187139,2021,10,2021-10,12.649993999999992,1.3217799504733163,316.17750390000003,302.57100276,298.1800003,1.7661529615489917,598.134399,-42.32901291470448
2021-10-06,347,348.700012,335,336.049988,333.975250,25272592,-2.580090937929879,2021,10,2021-10,13.700012000000015,-3.1556230547550475,318.250003,303.42900264,298.96575027,1.8825164492832038,598.134399,-43.8169768263069
2021-10-07,341.100006,383,339.25,376.5,374.175537,163238084,12.036903271664459,2021,10,2021-10,43.75,10.378186273031021,322.312503,305.13100276,299.935500255,3.1555178189247046,598.134399,-37.05428067179263
2021-10-08,385.899994,397.549988,380,382.950012,380.585724,93728117,1.7131505976095658,2021,10,2021-10,17.549987999999985,-0.764442095326899,326.51250300000004,307.10100276000003,300.94175033,3.1570804509559833,598.134399,-35.975925704951806
2021-10-11,390.149994,420.899994,388,415.75,413.183197,113404983,8.565083423995294,2021,10,2021-10,32.89999399999999,6.561580518696614,332.2400024,309.55800288,302.117750315,3.546293573793507,598.134399,-30.492210330140203
2021-10-12,423,435.700012,413.600006,420.850006,418.251740,97349265,1.226700180396875,2021,10,2021-10,22.100006000000008,-0.5082728132387689,337.9775024,312.09600276000003,303.39925033,3.547746927032285,598.134399,-29.639558148870154
2021-10-13,462.899994,523.849976,462.899994,506.899994,503.770447,197949387,20.44671183870673,2021,10,2021-10,60.94998199999998,9.505292843015244,347.7250015,316.29700252,305.109000315,5.50016903093765,598.134399,-15.253161355128823
2021-10-14,530,530,492,497.600006,494.527893,103630901,-1.8346790511108164,2021,10,2021-10,38,-6.113206415094338,357.0225021,320.17500240000004,306.75100036,5.558259108512986,598.134399,-16.80799385022496
2021-10-18,507,525,503.600006,509.600006,506.453796,72322623,2.4115755336224813,2021,10,2021-10,21.399993999999992,0.512821696252467,367.0725021,324.40400264,308.41925040499996,5.497909673333532,598.134399,-14.801755783987275
2021-10-19,512.450012,517.400024,476.049988,481.899994,478.924774,57428637,-5.435638083567843,2021,10,2021-10,41.350036000000046,-5.961560598031564,376.2200012,328.04800228,309.897000345,5.6482266921283015,598.134399,-19.432823993124
2021-10-20,481.799988,497,471.25,486.899994,483.893921,55444814,1.0375596725987923,2021,10,2021-10,25.75,1.058531782279747,385.46750030000004,331.7850024,311.41425033,5.647739420073926,598.134399,-18.596891465524966
2021-10-21,491.75,510.399994,485.75,508,504.863647,52608672,4.333540000002548,2021,10,2021-10,24.649993999999992,3.304524656837824,395.3625,335.98300228,313.03350036,5.661708748063491,598.134399,-15.069255195938
2021-10-22,509.899994,510.700012,487.399994,490.899994,487.869232,42742785,-3.3661429133858287,2021,10,2021-10,23.300018000000023,-3.7262208714597476,403.8324997,339.91700192,314.5687503,5.8108283705889505,598.134399,-17.928145443445732
2021-10-25,493.899994,496,473.25,479.899994,476.937134,33107841,-2.240782264095933,2021,10,2021-10,22.75,-2.8345819336049636,411.92999879999996,343.60600156,316.03575027,5.851155234113407,598.134399,-19.767197004163613
2021-10-26,483.5,510,483.25,508.649994,505.509644,58027770,5.990831498114168,2021,10,2021-10,26.75,5.201653360910029,420.7799988,347.65900144,317.622500225,5.894534778199302,598.134399,-14.96058497046916
2021-10-27,505.75,506.549988,496,497.899994,494.825989,30361263,-2.113437555648531,2021,10,2021-10,10.549987999999985,-1.5521514582303526,429.2099991,351.47200132,319.14600021,5.940640399995893,598.134399,-16.757839904807085
2021-10-28,493.899994,493.899994,478.549988,481.049988,478.080048,25182748,-3.3842149433727466,2021,10,2021-10,15.350006000000008,-2.6017424895939576,436.74999850000006,355.01900084,320.57425018,6.059833078679293,598.134399,-19.57493352593487
2021-10-29,482,491.600006,467.700012,483.700012,480.713715,31054342,0.5508832899087465,2021,10,2021-10,23.899993999999992,0.3526995850622438,444.2674988,358.73900084,322.00900024,6.064229316103949,598.134399,-19.13188527383124
2021-11-01,486.450012,489.700012,469.799988,485.700012,482.701355,34315690,0.41347941914047337,2021,11,2021-11,19.90002400000003,-0.15417822623057104,451.8875,362.58600096000004,323.44675033,6.057337157451295,598.134399,-18.79751226279163
2021-11-02,506.5,510,486.5,487.850006,484.838104,51580720,0.44265883197054406,2021,11,2021-11,23.5,-3.682131095755181,459.1800003,366.68100096,324.78275039,6.066400162469974,598.134399,-18.438062279043077
2021-11-03,483.799988,495,481.600006,484.899994,481.906281,22950198,-0.6046965181343085,2021,11,2021-11,13.399993999999992,0.22736792626791208,466.17749940000004,370.8400006,326.01825034499996,6.089121435154946,598.134399,-18.93126447656458
2021-11-04,489.799988,493.549988,488,489.700012,486.676666,5531940,0.9898985480292711,2021,11,2021-11,5.549987999999985,-0.020411597070102348,473.86000060000003,375.03800108,327.253750375,6.003200336198244,598.134399,-18.1287662407124
2021-11-08,493.899994,504.850006,490.25,501.399994,498.304413,31736426,2.38921415423612,2021,11,2021-11,14.600006000000008,1.518526035859802,480.10500030000003,379.37800108000005,328.535250315,5.5280427207636,598.134399,-16.17268713548776
2021-11-09,505,520.650024,503.5,509.649994,506.503479,50458762,1.6453929195699193,2021,11,2021-11,17.15002400000003,0.9207908910891074,486.43999940000003,383.8850012,329.782000345,5.527975383218601,598.134399,-14.793398464949354
2021-11-10,506.25,515.950012,500.200012,510.75,507.596680,26615777,0.21583557597373537,2021,11,2021-11,15.75,0.8888888888888888,491.18999940000003,388.3850012,331.10600035999994,5.281956278910969,598.134399,-14.60949230575853
2021-11-11,510,519,501,503.450012,500.341766,29256213,-1.429268330885949,2021,11,2021-11,18,-1.2843113725490165,495.3199997,392.6150012,332.33000045,5.313372779678664,598.134399,-15.829951789815052
2021-11-12,506.950012,509.549988,497.350006,507.049988,503.919525,20731808,0.7150612601435333,2021,11,2021-11,12.199981999999977,0.019721076562469762,495.3274994,397.0100012,333.49075042,2.712073358307525,598.134399,-15.228084382419885
2021-11-15,506.25,514.900024,504.5,505.450012,502.329407,18014977,-0.3155460088483366,2021,11,2021-11,10.40002400000003,-0.15802232098765132,495.71999969999996,401.21400144,334.56500045,2.6779723098538213,598.134399,-15.49557877877544
2021-11-16,506.899994,526.849976,506.200012,519.049988,515.845459,55897781,2.690666866578286,2021,11,2021-11,20.649963999999954,2.3969213146212804,496.19249879999995,405.73200132,335.71350035999995,2.691278170011552,598.134399,-13.221846316182202
2021-11-17,520.25,536.700012,520.25,530.150024,526.876953,48463415,2.138529285545431,2021,11,2021-11,16.450012000000015,1.902935896203754,498.60500030000003,410.42400204,336.96850051,2.3826415032434185,598.134399,-11.366070086198135
2021-11-18,531.450012,534.200012,501.299988,509.700012,506.553192,47197742,-3.8574009382672427,2021,11,2021-11,32.90002400000003,-4.092576819811983,499.74500120000005,414.66900203999995,338.17950057,2.569161826614919,598.134399,-14.785036130316259
2021-11-22,512.25,512.25,478.399994,486.100006,483.098877,40044849,-4.630175680670772,2021,11,2021-11,33.85000600000001,-5.1049280624694955,498.65000150000003,418.49900204,339.27600065999997,2.602811972043553,598.134399,-18.730638663702738
2021-11-23,484.399994,499.350006,477,495.5,492.440826,27553684,1.9337572277256858,2021,11,2021-11,22.350006000000008,2.2914958995643606,498.8800018,422.50400204,340.44000059999996,2.5310115568753204,598.134399,-17.159086514935588
2021-11-24,499,501.799988,485.299988,488.649994,485.633118,20915837,-1.382443188698286,2021,11,2021-11,16.5,-2.0741494989979974,499.3175018,426.29800168,341.48525054,2.4966855300347897,598.134399,-18.3043150808653
2021-11-25,490.799988,495.149994,486.5,492.75,489.707825,15336539,0.839047590369971,2021,11,2021-11,8.649993999999992,0.39731296814946443,498.5225021,430.12900143999997,342.33900054,2.092067162505806,598.134399,-17.618849405115057
2021-11-26,486,486.75,458,460.200012,457.358795,51787989,-6.605781430745811,2021,11,2021-11,28.75,-5.308639506172836,496.63750300000004,433.21100156,342.9850006,2.5139839836296076,598.134399,-23.06076815354671
2021-11-29,457,470.75,443.100006,461.450012,458.601074,42819150,0.2716210272502122,2021,11,2021-11,27.649993999999992,0.9737444201312944,495.65750420000006,436.20100156,343.66150069,2.413596298736996,598.134399,-22.85178502164695
2021-11-30,466.549988,478,455.649994,458.600006,455.768646,35471800,-0.6176196610435905,2021,11,2021-11,22.350006000000008,-1.7039936136489575,494.4025039,439.14000180000005,344.37500074999997,2.4091251923796926,598.134399,-23.328267565497434
2021-12-01,467.850006,478.399994,463.549988,475.25,472.315857,28256188,3.630613559128473,2021,12,2021-12,14.850006000000008,1.5817022347115226,493.88000330000006,442.47300168000004,345.07150069000005,2.5577264756943654,598.134399,-20.54461325171168
2021-12-02,479.399994,480.450012,471.700012,479.100006,476.142120,21012008,0.8101012098895334,2021,12,2021-12,8.75,-0.06257572043273427,493.44250330000006,446.07600156,345.84175078,2.562970168975326,598.134399,-19.90094420234139
2021-12-03,480,484.700012,477.299988,480.100006,477.135925,20948900,0.20872468951711934,2021,12,2021-12,7.40002400000003,0.020834583333334915,493.2025039,449.63900144,346.59775084,2.560301802077416,598.134399,-19.733757696821584
2021-12-06,480.100006,480.899994,466,467.200012,464.315552,17473075,-2.6869389374679558,2021,12,2021-12,14.899993999999992,-2.6869389374679558,492.0775039,452.78100156,347.3087509,2.6155331950199923,598.134399,-21.89046261490806
2021-12-07,476.850006,484.899994,471,481.799988,478.825409,21280797,3.124994782748415,2021,12,2021-12,13.899993999999992,1.0380584959036316,491.0975036,455.98700132,348.09075086999997,2.658714066971155,598.134399,-19.449543646795014
2021-12-08,484.5,495.950012,483.5,493.899994,490.850708,20581817,2.511416832995024,2021,12,2021-12,12.450012000000015,1.9401432404540748,490.31000359999996,459.50600096,348.89350081,2.69653486905571,598.134399,-17.426585926886315
2021-12-09,498,498.5,489.549988,493.950012,490.900421,16951593,0.010127151368222688,2021,12,2021-12,8.950012000000015,-0.8132506024096354,489.47000420000006,462.75200132,349.71725081,2.6955716266258753,598.134399,-17.41822359225322
2021-12-10,487.75,496.799988,486.549988,494.450012,491.397339,14567815,0.10122481786679256,2021,12,2021-12,10.25,1.3736569964120995,489.0200042,466.0550018,350.5387509,2.6784762772491026,598.134399,-17.334630339493316
2021-12-13,499.450012,506.399994,494.200012,495.350006,492.291748,21921272,0.1820192088497699,2021,12,2021-12,12.199981999999977,-0.820904174890681,488.4350051,469.35700192,351.39625090000004,2.6730517861134726,598.134399,-17.184163487644526
2021-12-14,491.950012,491.950012,483.299988,489.399994,486.378479,17722547,-1.2011732972503517,2021,12,2021-12,8.65002400000003,-0.5183490065653302,487.6325042,472.47800168000003,352.28400084000003,2.684432983122927,598.134399,-18.178925201725445
2021-12-15,487.799988,497.700012,487.25,491.649994,488.614594,16263723,0.45974663416117656,2021,12,2021-12,10.450012000000015,0.7892591420071966,486.2625045,475.64500180000005,353.21975081,2.606430575810599,598.134399,-17.80275556430588
2021-12-16,495,496.5,487.399994,491.950012,488.912750,13581352,0.06102267947958579,2021,12,2021-12,9.100006000000008,-0.6161591919191889,484.3525039,478.64400204,354.05950086999997,2.5474644692839674,598.134399,-17.752596603292833
2021-12-17,488,488.850006,468.200012,470.200012,467.297058,27341178,-4.421180906486084,2021,12,2021-12,20.649993999999992,-3.647538524590161,482.3775039,481.14900203999997,354.80225096000004,2.591157763496485,598.134399,-21.38890309834864
2021-12-20,459.899994,460,440,447.049988,444.289978,33007516,-4.923441813948748,2021,12,2021-12,20,-2.7940870118819805,480.425003,483.36900204,355.37175092999996,2.617233187077346,598.134399,-25.25927471360831
2021-12-21,452.100006,460.899994,449.850006,453.600006,450.799530,18838054,1.465164562312889,2021,12,2021-12,11.049987999999985,0.33178499891459856,478.33000330000004,484.91100216,356.0250009,2.5974081210646354,598.134399,-24.164200093096472
2021-12-22,458.149994,472.149994,458.149994,470.5,467.595215,22730750,3.725748187049185,2021,12,2021-12,14,2.695625048944126,477.42250359999997,486.66200192,356.73600096,2.743596474045486,598.134399,-21.338749152930767
2021-12-23,476,478,470.950012,472.350006,469.433777,12116814,0.3932000000000016,2021,12,2021-12,7.049987999999985,-0.7668054621848723,476.4025039,487.79400203999995,357.36900098999996,2.736917109800974,598.134399,-21.029453114600088
2021-12-24,474.899994,474.899994,460,467.600006,464.713104,15487368,-1.0056102338654358,2021,12,2021-12,14.899993999999992,-1.537163211671884,476.7725036,488.72900203999995,357.96450102,2.295197362604395,598.134399,-21.823589015819174
2021-12-27,465.700012,472.450012,460.100006,471.149994,468.241180,12557565,0.7591933178888763,2021,12,2021-12,12.350006000000008,1.170277401667745,477.2575027,488.01400204,358.62425092999996,2.2996455036197854,598.134399,-21.230078927461925
2021-12-28,475.200012,482.799988,472.649994,480.200012,477.235321,22860916,1.9208358516927038,2021,12,2021-12,10.149993999999992,1.052188525618135,478.337503,487.66600216,359.39950102,2.3261466328323768,598.134399,-19.717038043150566
2021-12-29,478.75,481.600006,474.25,476,473.061218,10263884,-0.8746380456150458,2021,12,2021-12,7.350006000000008,-0.5744125326370757,478.375003,486.99400204,360.17325102,2.196723323975954,598.134399,-20.419223372571828
2021-12-30,472.549988,476.399994,468.600006,470.399994,467.495819,11923961,-1.1764718487394974,2021,12,2021-12,7.799987999999985,-0.4549770510204716,477.9400024,486.76400204,360.94925093,2.2045413228857695,598.134399,-21.35546880660178
2021-12-31,472.700012,483.600006,471.850006,482.399994,479.421722,15541446,2.5510204407017913,2021,12,2021-12,11.75,2.0520376039254207,478.0550018,486.67400204,361.75400084,2.2809258782970008,598.134399,-19.349230740364096
2022-01-03,493.5,500.850006,492,497.600006,494.527893,32748423,3.1509146328886595,2022,01,2022-01,8.850006000000008,0.830801621073963,479.57500150000004,486.46600216,362.65425093,2.2859353021320947,598.134399,-16.80799385022496
2022-01-04,496.799988,499,484.049988,489.600006,486.577271,24100985,-1.6077170224149877,2022,01,2022-01,14.950012000000015,-1.449271774136995,479.96500240000006,486.4400024,363.50950102,2.2267354056357025,598.134399,-18.145485894383416
2022-01-05,486.950012,492.75,483.549988,489.75,486.726349,15420105,0.03063602903632162,2022,01,2022-01,9.200012000000015,0.5750052225073125,479.7575027,486.63700252,364.35850096,2.1534674750570315,598.134399,-18.120408921674482
2022-01-06,481.5,492.950012,477.100006,488.850006,485.831909,16563230,-0.18376600306278557,2022,01,2022-01,15.850006000000008,1.5264809968847368,479.5025024,486.24100275999996,365.27375105,2.1537612768467813,598.134399,-18.270875773523272
2022-01-07,490.049988,495.5,483.75,490.600006,487.571075,15532165,0.35798301698292295,2022,01,2022-01,11.75,0.11223712140974948,479.3100021,486.095003,366.19175108,2.1553471697290107,598.134399,-17.978299388863608
2022-01-10,493.100006,504.899994,491.299988,503.700012,500.590240,25193771,2.6702009457374545,2022,01,2022-01,13.600006000000008,2.1496665729101627,479.72750240000005,486.54800348,367.16550108,2.237667108141638,598.134399,-15.788155163435103
2022-01-11,503,507.899994,498.149994,501.299988,498.205017,16269193,-0.4764788451106946,2022,01,2022-01,9.75,-0.33797455268389964,480.3225021,486.90000299999997,368.15675108000005,2.221165569135372,598.134399,-16.189406789158774
2022-01-12,505.850006,511.850006,503.5,507.25,504.118286,16255334,1.1869164457271073,2022,01,2022-01,8.350006000000008,0.27676069652947527,481.10250240000005,487.33100276,369.15600111,2.232531696937618,598.134399,-15.194645075077856
2022-01-13,504,513.799988,494.799988,511.950012,508.789276,27572553,0.9265671759487462,2022,01,2022-01,19,1.5773833333333362,482.10250240000005,487.81300288,370.24350111,2.23848163651038,598.134399,-14.408866492896694
2022-01-14,509,515.400024,505.649994,509.899994,506.751953,12655602,-0.4004332360480583,2022,01,2022-01,9.750030000000038,0.17681611001964487,484.08750150000003,488.31300288,371.36525113999994,1.962992930169621,598.134399,-14.7516018385694
2022-01-17,514.799988,526.900024,512,525,521.758728,27942414,2.9613661850719706,2022,01,2022-01,14.90002400000003,1.9813543585397317,487.98500210000003,489.01900264000005,372.50825117,1.5884504414236704,598.134399,-12.227084602101279
2022-01-18,527.900024,528.5,507.149994,510.799988,507.646362,19353195,-2.7047641904761934,2022,01,2022-01,21.350006000000008,-3.239256530134207,490.8450012,489.20700252,373.57700117,1.7631916758183173,598.134399,-14.60113498672061
2022-01-19,510,522.200012,504.799988,520.849976,517.634338,21799071,1.9674996546789238,2022,01,2022-01,17.40002400000003,2.127446274509798,493.3625,489.43100216,374.67225111,1.6391465422079854,598.134399,-12.920912612484617
2022-01-20,519.950012,523.200012,512,515.700012,512.516174,18364451,-0.9887614931943387,2022,01,2022-01,11.200012000000015,-0.8173862682784206,495.53000030000004,489.5300024,375.71200117,1.6736414486807643,598.134399,-13.781917097197416
2022-01-21,510.399994,513.849976,494.25,501.850006,498.751648,17946821,-2.685671064130207,2022,01,2022-01,19.59997599999997,-1.6751544084069845,497.2425003,489.49800228,376.69600126,1.7889099166062192,598.134399,-16.09745120176578
2022-01-24,499.700012,504.299988,473.350006,478.450012,475.496124,25228959,-4.662746581694769,2022,01,2022-01,30.949981999999977,-4.2525514287960435,497.6075012,488.92600275999996,377.54950132,2.1089100365576625,598.134399,-20.00961442781023
2022-01-25,473.799988,492.5,467.649994,490.549988,487.521362,22565698,2.5289948158680304,2022,01,2022-01,24.850006000000008,3.535247029174682,498.125,488.62800228,378.46325132,2.140719138068019,598.134399,-17.986661723496702
2022-01-27,480.75,502.700012,476.600006,494.399994,491.347626,26676094,0.7848345926368686,2022,01,2022-01,26.100006000000008,2.839312324492978,499.04499969999995,488.1350024,379.36550123,2.1319323923702496,598.134399,-17.34299267412641
2022-01-28,500.5,509.350006,495.299988,497.299988,494.229706,21784640,0.5865683728143395,2022,01,2022-01,14.050018000000023,-0.63936303696304,500.3899994,487.47800168000003,380.26100111,2.1078344072243844,598.134399,-16.858152811238003
2022-01-31,505,520,498.200012,517.75,514.553467,27306578,4.1122084241835966,2022,01,2022-01,21.799987999999985,2.5247524752475248,502.15749969999996,487.63900144,381.41700117,2.2214432692848223,598.134399,-13.439186767119882
2022-02-01,508,514.75,493,504.299988,501.186493,48030231,-2.5977811685176273,2022,02,2022-02,21.75,-0.7283488188976408,502.49249879999996,488.00300108000005,382.42425108000003,2.2156380767843524,598.134399,-15.687847272599353
2022-02-02,508.600006,514.450012,505.149994,506.399994,503.273560,14311040,0.41641999801118534,2022,02,2022-02,9.300018000000023,-0.4325623228561297,503.33249820000003,488.22100096,383.43875105,2.179935962227369,598.134399,-15.336754607888725
2022-02-03,509.100006,514.299988,502.850006,504.5,501.385284,15249245,-0.37519629196519944,2022,02,2022-02,11.449981999999977,-0.9035564615569869,504.0699982,488.53800108,384.41125105,2.1833981152956876,598.134399,-15.654407965257326
2022-02-04,503.799988,507.799988,499,500.600006,497.509338,12663199,-0.7730414271555981,2022,02,2022-02,8.799987999999985,-0.6351691298571404,504.6574982,488.6950012,385.40725111,2.1923976983648084,598.134399,-16.306434333665536
2022-02-07,502.899994,504.350006,492.5,494.600006,491.546387,13392910,-1.1985617115633835,2022,02,2022-02,11.850006000000008,-1.6504251539124069,504.8574982,489.38300108000004,386.3900012,2.2118583982008593,598.134399,-17.30955336678438
2022-02-08,498,498.5,479.149994,492.75,489.707825,23378623,-0.37404083654621056,2022,02,2022-02,19.350006000000008,-1.0542168674698795,504.30999760000003,490.00900084,387.38100125999995,2.1261491488201494,598.134399,-17.618849405115057
2022-02-09,496.5,503.700012,494.700012,501.25,498.155334,12430730,1.7250126839167934,2022,02,2022-02,9,0.9566968781470292,504.3074982,490.86200071999997,388.41725126,2.161685599112541,598.134399,-16.197764108196697
2022-02-10,506.700012,510.5,504.200012,507.450012,504.317078,14537945,1.2369101246882823,2022,02,2022-02,6.299987999999985,0.14801657435129487,504.31749879999995,491.50600096,389.47750135,2.1631322601276795,598.134399,-15.161205767735824
2022-02-11,503.25,507,497,498.850006,495.770172,13534899,-1.6947493933648794,2022,02,2022-02,10,-0.8743157476403363,503.6624985,491.90100096000003,390.46425138,2.1848882976066983,598.134399,-16.5990107183252
2022-02-14,487,488.5,468.799988,471.450012,468.539337,22157389,-5.492631787198975,2022,02,2022-02,19.700012000000015,-3.193016016427102,501.73999940000004,491.72800108,391.29200147000006,2.495527306332602,598.134399,-21.179919966448878
2022-02-15,476.149994,505.5,467.299988,504,500.888336,30623088,6.904228904760318,2022,02,2022-02,38.200012000000015,5.8489984985697605,500.68999940000003,492.46400084,392.3025015,2.895521095040232,598.134399,-15.738001218017228
2022-02-16,504,507.899994,496.600006,498.450012,495.372650,20176993,-1.1011880952380921,2022,02,2022-02,11.299987999999985,-1.1011880952380921,500.07250060000007,492.79700132,393.32550152999994,2.84319979756062,598.134399,-16.66588431741409
2022-02-17,505.899994,511.5,498.299988,499.950012,496.863373,27943077,0.30093288472024354,2022,02,2022-02,13.200012000000015,-1.176118219127707,499.02750240000006,492.91800168000003,394.36025158999996,2.804059884779704,598.134399,-16.415104559134377
2022-02-18,498,502.649994,491.5,493.149994,490.105347,15476803,-1.360139581314786,2022,02,2022-02,11.149993999999992,-0.973896787148596,497.90000150000003,492.90200131999995,395.3787515,2.811006302421263,598.134399,-17.551975806026167
2022-02-21,490.149994,500.399994,486.100006,494.450012,491.397339,22592161,0.2636151304505588,2022,02,2022-02,14.299987999999985,0.8772861476358649,497.5300018,492.90200131999995,396.39350156,2.7496616928550464,598.134399,-17.334630339493316
2022-02-22,480.549988,486.299988,471.450012,478.25,475.297333,27957544,-3.2763700286855317,2022,02,2022-02,14.84997599999997,-0.4786157647349655,497.5200012,492.5600012,397.27850156,2.642329928887416,598.134399,-20.04305373515226
2022-02-23,481.75,485.399994,475.299988,477,474.055054,17703998,-0.26136957658128596,2022,02,2022-02,10.100006000000008,-0.9859885832900882,496.8425018,492.31200132,398.14975156,2.5763226322800468,598.134399,-20.25203686705202
2022-02-24,455.950012,461.549988,405.450012,427.950012,425.307892,57265685,-10.283016352201255,2022,02,2022-02,56.09997599999997,-6.141024073489881,493.52000269999996,491.03800168000004,398.71525159,3.423636077154867,598.134399,-28.45253295656049
2022-02-25,444.850006,465.700012,441.600006,459.75,456.911560,48876182,7.430771610774014,2022,02,2022-02,24.100006000000008,3.3494422387396776,491.64250330000004,490.39400144,399.43625165,3.8682089418957366,598.134399,-23.13600408726869
2022-02-28,445,457.350006,440.450012,454.049988,451.246735,34475468,-1.2398068515497584,2022,02,2022-02,16.899993999999992,2.0337051685393224,488.45750269999996,490.07100096,400.07650158999996,3.7280460193999003,598.134399,-24.08896917496966
2022-03-02,452.950012,454.25,444.549988,447.600006,444.836578,25791134,-1.4205444709757327,2022,03,2022-03,9.700012000000015,-1.1811471151920419,485.62250359999996,490.08200131999996,400.75325162,3.7038504427452583,598.134399,-25.167319126215315
2022-03-03,458.5,458.5,435,437.100006,434.401428,29599672,-2.345844472575811,2022,03,2022-03,23.5,-4.667392366412212,482.15750420000006,489.75200132,401.33325162,3.7182285824577463,598.134399,-26.92277743417329
2022-03-04,431.850006,431.850006,414.75,417.25,414.673950,38765185,-4.541296208538603,2022,03,2022-03,17.100006000000008,-3.380804862140029,477.79500420000005,488.68700132,401.75725156,3.8164362341872895,598.134399,-30.241430571860494
2022-03-07,401.75,401.75,387.5,394,391.567474,44836205,-5.572198921509886,2022,03,2022-03,14.25,-1.9290603609209707,472.4650039,487.1200012,402.1550015,3.9579345327473305,598.134399,-34.12851682519601
2022-03-08,390.5,395.450012,376.350006,391.75,389.331360,55543383,-0.5710659898477157,2022,03,2022-03,19.100006000000008,0.3201024327784891,467.3225036,485.60300108,402.57525144,3.9597240843163415,598.134399,-34.504686462615574
2022-03-09,394.950012,409.25,389.5,405.899994,403.394012,48376222,3.6119959157626016,2022,03,2022-03,19.75,2.772498206684439,462.9800033,484.29800108,403.03925138,4.095311307416709,598.134399,-32.13899841262934
2022-03-10,427,434.950012,414,419.600006,417.009460,59776817,3.3752185766230918,2022,03,2022-03,20.950012000000015,-1.7330196721311457,458.8975036,483.08600096000004,403.57800138,4.166652516930411,598.134399,-29.848541280769915
2022-03-11,413.600006,421.149994,407.399994,418.149994,415.568390,51510243,-0.34557006178880156,2022,03,2022-03,13.75,1.1000937944860631,454.4325027,481.92900084,404.09250135,4.140845187913166,598.134399,-30.0909637200117
2022-03-14,418.75,419,404,411.700012,409.158234,40721277,-1.5425043865957768,2022,03,2022-03,15,-1.6835792238805936,450.07500300000004,480.7550012,404.57350141,4.139410107984942,598.134399,-31.169313671257353
2022-03-15,409.850006,424.200012,408,413.649994,411.096191,47706136,0.4736414727138694,2022,03,2022-03,16.200012000000015,0.9271655347981097,447.1850021,479.3800012,405.04875135000003,4.001685676083708,598.134399,-30.843302994850834
2022-03-16,427.049988,428.549988,420.700012,424.899994,422.276703,27191170,2.7196905991010363,2022,03,2022-03,7.84997599999997,-0.5034525372706468,443.23000179999997,477.92600096,405.57950131999996,3.6870803327606243,598.134399,-28.962454807753
2022-03-17,432,435.700012,429.549988,433.799988,431.121735,26704541,2.0946091140683785,2022,03,2022-03,6.15002400000003,0.41666388888888534,439.9975006000001,476.81000059999997,406.15475125999995,3.7414703405456606,598.134399,-27.474495911745755
2022-03-21,435.5,436.299988,427.100006,427.950012,425.307892,18270995,-1.3485422226429316,2022,03,2022-03,9.199981999999977,-1.7336367393800196,436.39750060000006,475.57400084,406.70400129,3.7381764625006735,598.134399,-28.45253295656049
2022-03-22,428.100006,441.450012,421.200012,440.350006,437.631348,30441493,2.8975332754518046,2022,03,2022-03,20.25,2.8614809222871163,433.75750120000004,474.60400084,407.29075131999997,3.8193719504187267,598.134399,-26.37942129123391
2022-03-23,443.5,447,434.600006,435.799988,433.109406,25466395,-1.0332730641543406,2022,03,2022-03,12.399993999999992,-1.7361921082299923,430.825,473.50800047999996,407.84150129,3.816839709189411,598.134399,-27.14012290070614
2022-03-24,430,435.399994,427.549988,433.200012,430.525482,17109723,-0.5965984560788858,2022,03,2022-03,7.850006000000008,0.7441888372093058,428.57250060000007,472.09800048,408.33275129000003,3.763080663001532,598.134399,-27.5748038025815
2022-03-25,437,437,427.649994,432.100006,429.432281,15104414,-0.2539256624027997,2022,03,2022-03,9.350006000000008,-1.1212800915331789,426.3275009,470.71400084,408.76575132,3.763098057591309,598.134399,-27.758709961772322
2022-03-28,432,434.950012,426.5,432.700012,430.028564,16757901,0.13885813276290665,2022,03,2022-03,8.450012000000015,0.16203981481481833,426.5650009,469.22300108,409.16550137999997,2.962522434895661,598.134399,-27.658397055341403
2022-03-29,436,439.350006,431.399994,433.700012,431.022400,18710736,0.2311069961329236,2022,03,2022-03,7.950012000000015,-0.5275201834862351,425.26250150000004,467.65800108,409.61725141000005,2.410392971812169,598.134399,-27.4912105498216
2022-03-30,438.450012,442.5,434.25,435.649994,432.960358,18149488,0.44961538991148964,2022,03,2022-03,8.25,-0.6386173847339347,424.3425018,466.17300108,410.07175137999997,2.403969215734219,598.134399,-27.165199873415073
2022-03-31,436,438.299988,432.600006,433.75,431.072083,14248045,-0.4361285495621957,2022,03,2022-03,5.699981999999977,-0.5160550458715597,423.65000150000003,464.34800108,410.48675138,2.3872295256185465,598.134399,-27.482853230783675
2022-04-01,434,442.25,430.850006,441.149994,438.426361,19380324,1.706050489913543,2022,04,2022-04,11.399993999999992,1.6474640552995374,423.8525009,462.95500119999997,410.91275129,2.3610490217687974,598.134399,-26.245674093056138
2022-04-04,444.399994,449.5,441.299988,446.75,443.991821,18657201,1.269410875249838,2022,04,2022-04,8.200012000000015,0.5288042375626152,425.3275009,461.47300168000004,411.38300123,2.1072502445241126,598.134399,-25.309428659026185
2022-04-05,450,461.899994,448.299988,458.049988,455.222046,28530470,2.5293761611639582,2022,04,2022-04,13.600006000000008,1.7888862222222186,428.53000030000004,460.3200012,411.92650113999997,1.6310792755413759,598.134399,-23.420223152890433
2022-04-06,455.899994,462.700012,452.600006,456.149994,453.333771,24974477,-0.4148005784905713,2022,04,2022-04,10.100006000000008,0.05483658769251925,431.75,459.40600096000003,412.47900114,1.6246865700631627,598.134399,-23.73787651025903
2022-04-07,456.5,459.100006,448.5,449.5,446.724854,19950241,-1.457852479989289,2022,04,2022-04,10.600006000000008,-1.5334063526834611,433.9300003,458.82700072,413.03950117,1.5528835786431203,598.134399,-24.849665768846716
2022-04-08,450,456.25,449.700012,452.049988,449.259064,16315704,0.56729432703003,2022,04,2022-04,6.549987999999985,0.45555288888888557,435.55249940000004,458.05700072,413.62825117,1.4009196820208623,598.134399,-24.423342186009275
2022-04-11,457,458.899994,451,452.049988,449.259064,14339854,0,2022,04,2022-04,7.899993999999992,-1.0831536105032857,437.2474991,457.2100006,414.19900113999995,1.3935804297208716,598.134399,-24.423342186009275
2022-04-12,450.799988,450.799988,435,438.299988,435.593994,22698696,-3.041699007853972,2022,04,2022-04,15.799987999999985,-2.772848343554082,438.57749789999997,456.0300006,414.71425108000005,1.5365355108268008,598.134399,-26.722156636906625
2022-04-13,441.799988,442.850006,430.100006,431.049988,428.388733,16817981,-1.6541182291796002,2022,04,2022-04,12.75,-2.4332277709342085,439.4474976,454.29600036000005,415.19625105,1.5981096423067325,598.134399,-27.93425880192522
2022-04-18,430,436.350006,423.649994,433.799988,431.121735,15298361,0.63797705058746,2022,04,2022-04,12.700012000000015,0.8837181395348802,439.8924973,452.88600036,415.66700102000004,1.4908097034031331,598.134399,-27.474495911745755
2022-04-19,436.75,440.25,417,424.950012,422.326416,12669041,-2.040105174000136,2022,04,2022-04,23.25,-2.7017717229536315,439.44999850000005,451.25700072,416.07775114,1.4884174700388724,598.134399,-28.954092473119907
2022-04-20,431,441.700012,428.25,440.549988,437.830078,19639290,3.6710143686264844,2022,04,2022-04,13.450012000000015,2.215774477958233,440.0799973,449.97800048,416.57275114,1.6767583962554007,598.134399,-26.34598699948706
2022-04-21,444.5,449.350006,441.049988,448.049988,445.283783,14124872,1.7024174791261146,2022,04,2022-04,8.300018000000023,0.7986474690663633,440.4649964,448.92700012,417.11500105,1.5932222713346373,598.134399,-25.092088208088505
2022-04-22,442.049988,447.25,438,438.850006,436.140594,14362036,-2.0533382984935997,2022,04,2022-04,9.25,-0.7238959590244299,440.6174973,447.81200012,417.58800108,1.646794802812198,598.134399,-26.630201049513623
2022-04-25,432.75,436,423.149994,425.149994,422.525146,14729009,-3.12179829387994,2022,04,2022-04,12.850006000000008,-1.7562116695551724,440.2149964,446.46,417.98925108000003,1.789422674598298,598.134399,-28.92065818137305
2022-04-26,433.899994,437.450012,431.600006,434.899994,432.214966,13577513,2.2933082765138177,2022,04,2022-04,5.850006000000008,0.23046785292188782,440.3549958,445.13299988,418.43325102,1.8653217763465066,598.134399,-27.290589752554933
2022-04-27,429.25,432.950012,425.100006,430.25,427.593689,13701069,-1.0692099480691168,2022,04,2022-04,7.850006000000008,0.23296447291788003,440.2324952,443.58899963999994,419.00000105,1.8817407500373584,598.134399,-28.068006000103
2022-04-28,434.799988,439.200012,430.799988,436.049988,433.357849,13875650,1.34805066821615,2022,04,2022-04,8.40002400000003,0.2874885083943471,440.349994,442.33299928,419.59475096,1.9057437238020916,598.134399,-27.09832627432619
2022-04-29,440.200012,447.75,436,437.600006,434.898315,21991752,0.35546796070546455,2022,04,2022-04,11.75,-0.5906419648166678,440.4474946,441.65599915999996,420.25100096,1.9048058387255649,598.134399,-26.839184181413383
2022-05-02,437.950012,442.950012,428.5,432.850006,430.177643,18945234,-1.0854661642760581,2022,05,2022-05,14.450012000000015,-1.1645178354282149,440.40249489999997,440.23299928,420.88375105,1.9188229710785094,598.134399,-27.63332008263247
2022-05-04,437.950012,440.600006,420.700012,423.5,420.885376,14934742,-2.160103008061413,2022,05,2022-05,19.899993999999992,-3.2994660586971314,439.5199952,438.73399903999996,421.46400099,1.9333461765289734,598.134399,-29.1965149123617
2022-05-05,429,434,423.700012,426.299988,423.668060,12240729,0.6611541912632786,2022,05,2022-05,10.299987999999985,-0.6293734265734301,438.49749460000004,437.26099856,422.04075086999995,1.9139297963081467,598.134399,-28.728394703144307
2022-05-06,418.850006,420.200012,407,408.549988,406.027649,25142225,-4.16373457650672,2022,05,2022-05,13.200012000000015,-2.4591185036296794,436.0224946,435.56899844,422.53575086999996,1.9920728359004107,598.134399,-31.695955176120883
2022-05-09,407.149994,407.399994,395,403.950012,401.456055,18076956,-1.1259273369504956,2022,05,2022-05,12.399993999999992,-0.7859467142715904,433.41249550000003,433.75899843999997,423.00425092999996,1.9958515069453358,598.134399,-32.46500908903586
2022-05-10,400,408.5,389.600006,391.75,389.331360,16540303,-3.0201786452725776,2022,05,2022-05,18.899993999999992,-2.0625,430.52499550000005,432.02899844,423.40675093,2.0612399587051957,598.134399,-34.504686462615574
2022-05-11,396,397,377.549988,388.149994,385.753601,29215175,-0.9189549457562239,2022,05,2022-05,19.450012000000015,-1.9823247474747494,427.32999579999995,430.25199832,423.80325087,2.041170195900265,598.134399,-35.106558885605914
2022-05-12,382,384.649994,366.200012,372.299988,370.001465,33511538,-4.0834744931105185,2022,05,2022-05,18.449981999999977,-2.539270157068067,423.34249579999994,429.13899784,424.15400084,2.163873826679759,598.134399,-37.75646600121389
2022-05-13,387,419.350006,387,404.299988,401.803894,71425747,8.595219186523316,2022,05,2022-05,32.35000600000001,4.4702811369509,421.64249579999995,428.0299976,424.66275084,2.980436108161342,598.134399,-32.40649782458006
2022-05-16,411.899994,411.899994,396.25,405.350006,402.847412,24938704,0.2597125973696598,2022,05,2022-05,15.649993999999992,-1.5901889039600194,420.35749670000007,427.05599796,425.21175093,2.967448299212031,598.134399,-32.23094898442716
2022-05-17,408.399994,425.649994,405,424.149994,421.531342,24651585,4.637964159793298,2022,05,2022-05,20.649993999999992,3.8565132789889316,419.874997,426.58699772,425.86675092999997,3.160114267879739,598.134399,-29.08784468689286
2022-05-18,424,427.350006,414.049988,415.149994,412.586884,20490516,-2.1218908705206774,2022,05,2022-05,13.300018000000023,-2.0872655660377375,419.38499609999997,426.14799747999996,426.48550093,3.1628551361067285,598.134399,-30.59252323657112
2022-05-19,400,406.799988,396.200012,398.649994,396.188782,17706724,-3.974467117540173,2022,05,2022-05,10.59997599999997,-0.3375015000000019,417.2899964,425.77599735999996,427.05650084,3.1489060995002256,598.134399,-33.35110057764794
2022-05-20,410,421.399994,410,418,415.419312,23504236,4.853883429382419,2022,05,2022-05,11.399993999999992,1.951219512195122,415.787497,426.25599736,427.68200086999997,3.335712142989305,598.134399,-30.116040692720635
2022-05-23,421.649994,431.149994,419.549988,421.450012,418.848022,16345308,0.825361722488042,2022,05,2022-05,11.600006000000008,-0.04742843658144988,414.91749730000004,426.8499976,428.31950086999996,3.3178929269674415,598.134399,-29.539245242439232
2022-05-24,423.899994,427.5,416,425.75,423.121490,14525617,1.020284227682021,2022,05,2022-05,11.5,0.43642510643678084,414.9474976,427.24699772,428.96400084,3.251285100613591,598.134399,-28.820345274942134
2022-05-25,428.450012,429,413.450012,417,414.425507,13540006,-2.055196711685261,2022,05,2022-05,15.549987999999985,-2.672426579369547,414.0524979,427.19499759999997,429.53050078,3.239195915564213,598.134399,-30.283227198240443
2022-05-26,422,422.649994,405,420.649994,418.052948,17712299,0.8752983213429238,2022,05,2022-05,17.649993999999992,-0.31990663507109185,413.5724976,427.2449976,430.14300078,3.23968581541095,598.134399,-29.672997456212187
2022-05-27,426.049988,433.25,425.200012,429.600006,426.947723,16867431,2.1276624575442202,2022,05,2022-05,8.049987999999985,0.8332397840602739,413.24999850000006,427.60299748,430.79250075,3.262180356546883,598.134399,-28.17667622557184
2022-05-30,437,445.200012,436,442.399994,439.668671,18500266,2.9795129937684366,2022,05,2022-05,9.200012000000015,1.2356965675057192,413.4899979,428.17799748,431.50425078,3.330338758743113,598.134399,-26.036690961156378
2022-05-31,443.950012,449.5,440.399994,443.549988,440.811554,22308219,0.25994439773884637,2022,05,2022-05,9.100006000000008,-0.09010564009175662,414.024997,428.55099735999994,432.23150069,3.3185655868053505,598.134399,-25.844427482927635
2022-06-01,445.100006,446,439.600006,444.600006,441.855072,11930669,0.23673047647563522,2022,06,2022-06,6.399993999999992,-0.1123343053830469,415.0799973,428.76699772,432.98350066,3.2728165235637174,598.134399,-25.668878642774732
2022-06-02,445,445.600006,435.649994,439.149994,436.438721,12742438,-1.2258236451755726,2022,06,2022-06,9.950012000000015,-1.3146080898876422,415.72249760000005,428.99099735999994,433.70200057,3.2888181007299524,598.134399,-26.58004710409575
2022-06-03,444.899994,445.049988,430.5,431.899994,429.233490,12780122,-1.6509165658784002,2022,06,2022-06,14.549987999999985,-2.9220049843381206,416.88999789999997,428.82199712,434.33150054,3.1588031312413127,598.134399,-27.792149269114354
2022-06-06,427.899994,433.950012,424.600006,432.350006,429.680725,11896105,0.10419356477231513,2022,06,2022-06,9.350006000000008,1.0399654270619165,418.30999760000003,428.75299748,434.95700057,3.1409959808784156,598.134399,-27.716913335392373
2022-06-07,432.5,438.200012,429.100006,435.850006,433.159119,11153869,0.809529305291602,2022,06,2022-06,9.100006000000008,0.7745678612716781,420.51499789999997,428.80599736,435.61775054,3.037427818235815,598.134399,-27.131760566073048
2022-06-08,438.700012,440.399994,432,435.649994,432.960358,12844475,-0.04589009917324979,2022,06,2022-06,8.399993999999992,-0.6952400083362712,422.88999789999997,428.87699712,436.30750045,3.021015111380024,598.134399,-27.165199873415073
2022-06-09,431.899994,435.649994,426.100006,428.5,425.854492,13043367,-1.641224399970953,2022,06,2022-06,9.549987999999985,-0.7872178854440994,425.69999850000005,428.79299688,436.98325042,2.8662243478820475,598.134399,-28.36058238476266
2022-06-10,423,428.850006,422,428.049988,425.407257,11914234,-0.10502030338390086,2022,06,2022-06,6.850006000000008,1.193850591016545,426.88749850000005,428.6799964,437.70800033,2.1929946415466923,598.134399,-28.435818318484646
2022-06-13,414.899994,418.149994,405.600006,406.700012,404.189087,17442641,-4.987729610682753,2022,06,2022-06,12.549987999999985,-1.9763755407525934,426.9549988,428.10099676,438.35675033,2.4925783006229416,598.134399,-32.00524619885639
2022-06-14,403,411.850006,397.700012,405.149994,402.648621,19626627,-0.3811207165639382,2022,06,2022-06,14.149993999999992,0.5334972704714621,426.00499879999995,427.52899663999995,438.98350035999994,2.2464454823427618,598.134399,-32.264388291769194
2022-06-15,410,416.399994,407.450012,414.100006,411.543396,15192826,2.209061368022633,2022,06,2022-06,8.949981999999977,1.000001463414636,425.9524994,426.98799687999997,439.63200041999994,2.2606221952595598,598.134399,-30.76806706112885
2022-06-16,420,420.899994,390.100006,392.950012,390.523987,22261032,-5.107460442780093,2022,06,2022-06,30.799987999999985,-6.44047333333333,425.66750030000003,425.91199712,440.17525054,2.376972216276632,598.134399,-34.30406064975374
2022-06-17,387.950012,394.450012,382.649994,388.950012,386.548676,24824899,-1.017941182808769,2022,06,2022-06,11.800018000000023,0.2577651679515865,424.2150009,424.5299976,440.6912506,2.084708927307624,598.134399,-34.97280667183296
2022-06-20,390.549988,392.950012,376.649994,382.700012,380.337280,17049013,-1.6068902962265497,2022,06,2022-06,16.300018000000023,-2.009979833874677,422.2775009,423.06099796,441.1450006,2.0841820444797565,598.134399,-36.01772233133176
2022-06-21,389,399,387,397.600006,395.145294,14743366,3.8933873877171425,2022,06,2022-06,12,2.2107984575835493,420.87000120000005,422.02299808000004,441.69650069000005,2.281289413672894,598.134399,-33.52664440220567
2022-06-22,396.399994,397,390.5,393.100006,390.673035,12426604,-1.131790727387464,2022,06,2022-06,6.5,-0.8324894172425202,419.67500150000006,420.84399844,442.18575072,2.2534223721460527,598.134399,-34.2789836770448
2022-06-23,396.299988,409.899994,394.549988,407.200012,404.686005,26514004,3.5868750406480547,2022,06,2022-06,15.350006000000008,2.75044772396007,419.0025024,419.94699891999994,442.75600081,2.4026108493172544,598.134399,-31.921652946096486
2022-06-24,410,412.850006,406.149994,409.299988,406.773010,14806456,0.5157111832305078,2022,06,2022-06,6.700012000000015,-0.17073463414634518,417.98750150000006,419.36699891999996,443.32475080999995,2.3491647294513123,598.134399,-31.57056529698103
2022-06-27,417.549988,419.450012,412.350006,414.5,411.940918,12018949,1.2704647330700667,2022,06,2022-06,7.100006000000008,-0.7304485900260606,416.5925018,419.03599916,443.91000074999994,2.2560725154961756,598.134399,-30.70119346203996
2022-06-28,411.299988,418.200012,409.149994,417.100006,414.524872,13238339,0.6272632086851647,2022,06,2022-06,9.050018000000023,1.4101673156382448,415.27000269999996,418.70199952,444.52250074999995,2.262363904675053,598.134399,-30.266507544569432
2022-06-29,412.049988,419.899994,411.549988,416.950012,414.375824,13104313,-0.03596115987588655,2022,06,2022-06,8.350006000000008,1.189181930033215,413.88750300000004,418.54199952000005,445.13100081,2.2598907726804236,598.134399,-30.291584517278363
2022-06-30,418.299988,424,410,411.799988,409.257568,20121916,-1.2351658116752926,2022,06,2022-06,14,-1.5539087225601356,412.52000269999996,417.96699952,445.69525069,2.2600940203129167,598.134399,-31.15259903318151
2022-07-01,410.649994,414.600006,402.299988,412.700012,410.152039,14725989,0.21855852992400532,2022,07,2022-07,12.300018000000023,0.49921296236522594,411.56000359999996,417.26,446.25275069,2.239697885775475,598.134399,-31.002127165737548
2022-07-04,411.549988,414.899994,405,408.450012,405.928284,11525133,-1.0298037015807016,2022,07,2022-07,9.899993999999992,-0.7532440992319916,410.36500390000003,416.65200012,446.76450072,2.2458557658349494,598.134399,-31.712669814196726
2022-07-05,415,418.799988,410.200012,412,409.456360,16771012,0.869136466079963,2022,07,2022-07,8.59997599999997,-0.7228915662650602,409.1725036,416.38900024000003,447.26475066,2.2473884721231845,598.134399,-31.11915972583948
2022-07-06,414,417.299988,410.649994,416.350006,413.779510,12196920,1.055826699029128,2022,07,2022-07,6.649993999999992,0.5676342995169101,408.2075042,416.01800047999996,447.78825072,2.266252531539984,598.134399,-30.391897423709285
2022-07-07,419.899994,432.950012,419.299988,430.850006,428.190002,17616800,3.4826467613885423,2022,07,2022-07,13.65002400000003,2.6077666483605655,408.32500450000003,416.0300006,448.39950072,2.3816347510250955,598.134399,-27.96769309367208
2022-07-08,436.25,443.850006,429.299988,441.549988,438.823914,23730027,2.483458709758026,2022,07,2022-07,14.550018000000023,1.214896962750713,409.00000450000005,416.1400006,449.1125006,2.4420749146785554,598.134399,-26.17880049396725
2022-07-11,438.049988,441.200012,433.450012,437.049988,434.351715,12619654,-1.0191371582598707,2022,07,2022-07,7.75,-0.228284448668904,410.51750330000004,416.12900024000004,449.78800048,2.142609307397224,598.134399,-26.931139768806382
2022-07-12,433,435,428.149994,430.549988,427.891815,9518822,-1.4872440632580455,2022,07,2022-07,6.850006000000008,-0.5658226327944608,411.787503,416.08299988,450.39025039,2.177348101813149,598.134399,-28.01785205468513
2022-07-13,432.700012,435.850006,425.649994,427.100006,424.463135,10181698,-0.8012965035781113,2022,07,2022-07,10.200012000000015,-1.2942005649863508,412.437503,416.155,450.91825042,2.1441982349982993,598.134399,-28.59464248937136
2022-07-14,428,431.25,423.299988,428.049988,425.407257,10744547,0.22242612658731203,2022,07,2022-07,7.950012000000015,0.011679439252332903,414.1925018,416.19,451.4687503,1.7474083393256685,598.134399,-28.435818318484646
2022-07-15,430.649994,441.75,429.700012,440.200012,437.482269,15774084,2.8384591380948785,2022,07,2022-07,12.049987999999985,2.217582290271673,416.7550018,416.82300047999996,452.01150039,1.789962719178942,598.134399,-26.40449826394285
2022-07-18,443.950012,453.799988,443.200012,450.899994,448.116180,21185764,2.430709156818464,2022,07,2022-07,10.59997599999997,1.565487512589588,420.1650009,417.76200012000004,452.61950041999995,1.7509684468134115,598.134399,-24.615605664238018
2022-07-19,446.75,451.850006,444.450012,449.049988,446.277618,11553440,-0.41029186618263913,2022,07,2022-07,7.399993999999992,0.5148266368214851,422.7375,418.90799988,453.21350035999995,1.614837788545839,598.134399,-24.924901702568697
2022-07-20,454.350006,460.75,451.75,453.450012,450.650452,17154184,0.9798517130792196,2022,07,2022-07,9,-0.19808385344227164,425.7550003,420.21400024,453.81400039,1.562274906740568,598.134399,-24.189277065805406
2022-07-21,452.950012,455.5,450.100006,454.850006,452.041809,10931800,0.30874274185706546,2022,07,2022-07,5.399993999999992,0.4194710121787109,428.1375,421.8650006,454.42175047999996,1.411223297638489,598.134399,-23.95521696119671
2022-07-22,456.600006,459.950012,452.299988,454.899994,452.091492,10340910,0.010989996557235359,2022,07,2022-07,7.65002400000003,-0.37231974981621335,430.41750030000003,422.87700072,454.98625045,1.4166387869589687,598.134399,-23.946859642158792
2022-07-25,456,457.600006,446.299988,449.549988,446.774506,12505062,-1.176083990012101,2022,07,2022-07,11.300018000000023,-1.4144763157894769,432.16999969999995,423.76100036,455.50925033,1.4552544793360733,598.134399,-24.841308449808793
2022-07-26,448.700012,448.700012,439.75,441.149994,438.426361,11563528,-1.8685339170779809,2022,07,2022-07,8.950012000000015,-1.68264270070936,433.3724991,424.10100036000006,456.03475036,1.5407418761942786,598.134399,-26.245674093056138
2022-07-27,441.149994,445,436.100006,444.049988,441.308472,10081023,0.6573714245590566,2022,07,2022-07,8.899993999999992,0.6573714245590566,434.7274979,424.67900024000005,456.3725003,1.5407775778713575,598.134399,-25.760834230167735
2022-07-28,440.25,449.25,427.399994,442.25,439.519592,36380444,-0.4053570653401267,2022,07,2022-07,21.850006000000008,0.4542873367404884,436.24999850000006,425.55100036000005,456.66900024,1.507319848505093,598.134399,-26.061767933865315
2022-07-29,445.149994,452.700012,445.149994,449.600006,446.824219,16004096,1.6619572639909568,2022,07,2022-07,7.550018000000023,0.9996657441266898,438.0949982,426.18300048,456.83825027,1.534103717254426,598.134399,-24.832946115175698
2022-08-01,451.950012,481,451.049988,479.200012,476.241486,43084536,6.583631139898162,2022,08,2022-08,29.950012000000015,6.02942787398355,441.6324982,427.33800047999995,457.1300003,2.0183207829749343,598.134399,-19.884224548670375
2022-08-02,478.899994,479.899994,469.25,476.25,473.309692,19065689,-0.6156118376724947,2022,08,2022-08,10.649993999999992,-0.5533501844228448,444.8449982,428.34800048,456.97675033,2.0435992892329393,598.134399,-20.377426746191873
2022-08-03,475,476.25,459.600006,467.799988,464.911865,19125906,-1.7742807349081395,2022,08,2022-08,16.649993999999992,-1.5157920000000031,447.41749730000004,429.36400024,456.82775024,2.1177017305085033,598.134399,-21.790154724072313
2022-08-04,473.149994,473.950012,456.450012,468.899994,466.005066,18540405,0.2351445122311563,2022,08,2022-08,17.5,-0.8982352433465316,449.31999670000005,430.32900024,456.62425018,2.0070659668405693,598.134399,-21.60624856488149
2022-08-05,468.899994,472.899994,464,465.25,462.377594,11917799,-0.7784163034133015,2022,08,2022-08,8.899993999999992,-0.7784163034133015,450.5049973,431.04200012,456.54100021,1.9645904183413176,598.134399,-22.216478306909753
2022-08-08,466,471.899994,464.450012,468.25,465.359070,10561754,0.6448146157979581,2022,08,2022-08,7.449981999999977,0.4828326180257511,452.0649979,431.55900024000005,456.44775024,1.941794478115231,598.134399,-21.714918790350332
2022-08-10,470,477.200012,463.350006,475.549988,472.613983,13360759,1.5589936999466065,2022,08,2022-08,13.850006000000008,1.1808485106382947,454.3149979,432.19900024000003,456.28550018000004,1.9082189162308982,598.134399,-20.49445930629381
2022-08-11,482.549988,485,475.600006,476.649994,473.707214,12777503,0.2313123809814937,2022,08,2022-08,9.399993999999992,-1.2226700127904662,456.79249730000004,432.84,456.21425018,1.8845477596335631,598.134399,-20.310553147102986
2022-08-12,475.75,481.450012,470,477.549988,474.601654,13482890,0.18881653442336818,2022,08,2022-08,11.450012000000015,0.3783474513925349,459.2674973,433.60799987999997,456.20250015,1.8848859519646026,598.134399,-20.160086295254196
2022-08-16,479.600006,491.399994,478.200012,489.850006,486.825745,16796376,2.575650363119687,2022,08,2022-08,13.199981999999977,2.137197637983349,461.749997,434.76700012000003,456.10850021,1.8690528040289738,598.134399,-18.103689268003464
2022-08-17,490.899994,494.399994,484.200012,485.399994,482.403198,15948755,-0.9084437982021817,2022,08,2022-08,10.199981999999977,-1.1203911320479665,463.474997,435.82799988,456.04600021,1.8413305129776163,598.134399,-18.847671223804674
2022-08-18,484,486.799988,479.25,484.799988,481.806885,12070974,-0.12361063193585609,2022,08,2022-08,7.549987999999985,0.165286776859501,465.262497,436.80699952000003,456.06475021,1.835921424392714,598.134399,-18.947984130235593
2022-08-19,486.75,488.100006,468.100006,471,468.092102,16636593,-2.846532248676538,2022,08,2022-08,20,-3.2357473035439135,466.13999640000003,437.51399963999995,456.00125015,1.9669402767574675,598.134399,-21.25515590017086
2022-08-22,468.5,468.950012,452.549988,454.600006,451.793335,15050653,-3.481952016985136,2022,08,2022-08,16.40002400000003,-2.9669144076840968,466.12749640000004,438.03599976,455.84575012,2.1324012348825643,598.134399,-23.997013587576664
2022-08-23,449,462.100006,447.600006,460.450012,457.607269,17779238,1.2868468813878562,2022,08,2022-08,14.5,2.5501140311804043,466.4049973,438.68400024000005,455.70875014999996,2.151166639610159,598.134399,-23.018971527166755
2022-08-24,459,464.899994,457.700012,463.200012,460.340240,12214113,0.5972418130808953,2022,08,2022-08,7.199981999999977,0.9150352941176504,467.08749850000004,439.81400024000004,455.60025024000004,2.133039482135201,598.134399,-22.55920863698729
2022-08-25,466,468.799988,457.399994,459.200012,456.364960,11255809,-0.8635578360045465,2022,08,2022-08,11.399993999999992,-1.4592248927038594,467.98999940000004,440.8950006,455.44775024,2.093944903948998,598.134399,-23.227954659066516
2022-08-26,465,470.450012,463.950012,465.049988,462.178833,11252560,1.2739494440605479,2022,08,2022-08,6.5,0.010750107526878456,469.03999940000006,441.91400024,455.26600020999996,2.10521315701473,598.134399,-22.249917614251782
2022-08-29,451,456.899994,450.149994,453.350006,450.551056,11647725,-2.5158547042043957,2022,08,2022-08,6.75,0.5210656319290482,469.59499969999996,443.12200012,454.98450027,2.191044493214901,598.134399,-24.20599671947642
2022-08-30,458.649994,472.399994,457.100006,471.100006,468.191498,14421066,3.9152971799012173,2022,08,2022-08,15.299987999999985,2.7144908236933314,470.66999969999995,444.765,454.7862503,2.326802251966822,598.134399,-21.238436246499848
2022-09-01,462.5,474.399994,462.149994,466.899994,464.017395,13385159,-0.8915329964992647,2022,09,2022-09,12.25,0.9513500540540525,470.05499879999996,446.44899963999995,454.60350021,1.7976241506394923,598.134399,-21.940621575921103
2022-09-02,470.850006,471.799988,460.149994,461.75,458.899231,10806707,-1.103018647714952,2022,09,2022-09,11.649993999999992,-1.9326761992225625,469.3299988,447.73199952000004,454.37700027,1.8080476940378074,598.134399,-22.80163107622908
2022-09-05,459.75,463.950012,457,459,456.166199,9378108,-0.5955603681645912,2022,09,2022-09,6.950012000000015,-0.1631321370309951,468.8899994,449.0499994,454.14475021,1.7707629304656807,598.134399,-23.261393966408548
2022-09-06,462.700012,463.700012,456.600006,457.75,454.923920,9805875,-0.27233115468409586,2022,09,2022-09,7.100006000000008,-1.0698102164734795,468.33249969999997,450.06099916,453.83825027,1.7696446785744133,598.134399,-23.470377098308308
2022-09-07,453.200012,456.5,443.649994,445.850006,443.097351,20764508,-2.5996709994538487,2022,09,2022-09,12.850006000000008,-1.6218018105436431,467.3625,450.79199952000005,453.41675018,1.851085205977713,598.134399,-25.459895510874976
2022-09-08,452.450012,452.549988,440,442.200012,439.469910,19336014,-0.8186596278749387,2022,09,2022-09,12.549987999999985,-2.2654436353512573,466.0600006000001,451.34599976,453.07925018000003,1.844994969713787,598.134399,-26.070125252903235
2022-09-09,447.5,449.649994,440.600006,445.899994,443.147034,14294289,0.8367213703286777,2022,09,2022-09,9.049987999999985,-0.3575432402234654,464.5775009,451.92199952000004,452.87825012,1.8141285565079566,598.134399,-25.451538191837052
2022-09-12,447.700012,453,447,451,448.215576,8962633,1.1437555659621756,2022,09,2022-09,6,0.7370980369774894,463.2950012,452.60299928,452.65575012,1.8396392467468325,598.134399,-24.598886010567004
2022-09-13,454.299988,458.950012,453.549988,456.799988,453.979767,10661280,1.2860283813747195,2022,09,2022-09,5.40002400000003,0.5502971750023467,462.25750120000004,453.50299928,452.49650009,1.8698440795184013,598.134399,-23.62920628479019
2022-09-14,447.600006,454.700012,447,450.200012,447.420532,10360461,-1.4448284092336645,2022,09,2022-09,7.700012000000015,0.5808771146441869,460.27500150000003,454.25299928,452.28375015,1.7685090655815918,598.134399,-24.73263320874478
2022-09-15,452.399994,455.850006,446.049988,447.25,444.488708,10356713,-0.655266974981781,2022,09,2022-09,9.800018000000023,-1.1383718099695626,458.3675018,455.02899904,452.21900008999995,1.7656292444764676,598.134399,-25.225835406266278
2022-09-16,446,446.399994,429.100006,432.5,429.829773,20992324,-3.297931805477921,2022,09,2022-09,17.299987999999985,-3.0269058295964126,455.7525024,455.43899904,452.07425003,1.8791060170715606,598.134399,-27.691836362683436
2022-09-19,431.5,431.600006,424.049988,425.450012,422.823334,15236142,-1.6300550289017308,2022,09,2022-09,7.550018000000023,-1.4020829663962886,453.475003,455.62099916,451.90850006,1.8196864502241032,598.134399,-28.870499220360006
2022-09-20,430.600006,443.350006,430.600006,434.25,431.569000,17557661,2.068395287764144,2022,09,2022-09,12.75,0.847653030455367,452.45750269999996,455.68899904,451.70350006,1.7619377864087868,598.134399,-27.39925997802377
2022-09-21,433.950012,436,425.5,427.649994,425.009735,10831068,-1.519863212435235,2022,09,2022-09,10.5,-1.4517842668016847,450.8175018,455.41099916,451.44625,1.7478244768086906,598.134399,-28.502691917573536
2022-09-22,425,434.600006,422.549988,432.200012,429.531677,13600786,1.0639583921051154,2022,09,2022-09,12.050018000000023,1.694120470588239,449.2675018,455.31399963999996,451.20675002999997,1.7642366192223877,598.134399,-27.741990308101304
2022-09-23,431.899994,431.899994,420.549988,423.100006,420.487823,13441609,-2.105508039643462,2022,09,2022-09,11.350006000000008,-2.03750593244972,447.46250150000003,455.165,450.98625,1.805346180466604,598.134399,-29.26338851145059
2022-09-26,416,417.899994,393.149994,397.5,395.045898,33230938,-6.050580391624955,2022,09,2022-09,24.75,-4.447115384615385,444.0850021,454.57299988,450.56475006,2.157872158379903,598.134399,-33.54336405587669
2022-09-27,403.899994,404,390.350006,398.799988,396.337860,21932747,0.3270410062893044,2022,09,2022-09,13.649993999999992,-1.2626902886262503,441.3575012,453.98799987999996,450.08925002999996,2.12952337441029,598.134399,-33.326023604939
2022-09-28,394.899994,406.600006,392.850006,399.100006,396.635986,18114880,0.07523019283541774,2022,09,2022-09,13.75,1.0635634499401931,437.75750120000004,453.16599976,449.615,1.8547421296845197,598.134399,-33.275864643925956
2022-09-29,411,413.25,399.600006,402.25,399.766571,20725995,0.7892743554606693,2022,09,2022-09,13.649993999999992,-2.1289537712895377,434.52500150000003,452.19299988,449.15399994,1.8885852494893223,598.134399,-32.7492281546576
2022-09-30,398,408.25,392.5,404.600006,402.102051,20951277,0.5842152889993804,2022,09,2022-09,15.75,1.6582929648241225,431.66750179999997,451.30400024000005,448.70024994,1.9083972823540158,598.134399,-32.35633886356702
2022-10-03,405.5,406.549988,395.5,397.649994,395.194946,20332430,-1.7177488623171238,2022,10,2022-10,11.049987999999985,-1.935883107274971,428.6000015000001,450.18799988,448.24149994,1.9234354033178915,598.134399,-33.51828708316775
2022-10-04,406,408.950012,402.899994,407.899994,405.381653,12761425,2.5776436953749835,2022,10,2022-10,6.050018000000023,0.4679788177339883,426.1075012,449.24899963999997,447.82274994,2.057447078942306,598.134399,-31.804625401589725
2022-10-06,409.600006,417.649994,409.5,414.100006,411.543396,12771199,1.5199833516055445,2022,10,2022-10,8.149993999999992,1.0986327964067462,424.5200012,448.43299988,447.43349991,2.048105344343941,598.134399,-30.76806706112885
2022-10-07,413.399994,414,408.700012,412.149994,409.605438,10670854,-0.4709036396391685,2022,10,2022-10,5.299987999999985,-0.302370589777996,423.01750030000005,447.685,447.14324982,2.0453772993755215,598.134399,-31.094082753130543
2022-10-10,403.399994,403.399994,393.049988,395.950012,393.505463,32914630,-3.9306034783055166,2022,10,2022-10,10.350006000000008,-1.8467977468537038,420.5200012,446.78100036,446.88774994,2.1757610987560265,598.134399,-33.80250113319431
2022-10-11,397,399.5,391.299988,393.350006,390.921509,14641301,-0.6566500621800733,2022,10,2022-10,8.200012000000015,-0.9193939546599478,417.63750150000004,445.76700072,446.58649994,2.1380693554836747,598.134399,-34.23718705066484
2022-10-12,394.549988,398.200012,391.100006,396.549988,394.101715,14287344,0.813520262155526,2022,10,2022-10,7.100006000000008,0.5069066178757557,414.62500150000005,444.85300048,446.21674988,2.1179570853632663,598.134399,-33.70219324235857
2022-10-13,396.549988,403.5,394.549988,399,396.536621,12584114,0.6178318179649056,2022,10,2022-10,8.950012000000015,0.6178318179649056,412.0650009,443.84100036,445.84999985,2.1291003102309554,598.134399,-33.292584297596974
2022-10-14,407,409.200012,395.299988,396.25,393.803619,12875470,-0.6892230576441103,2022,10,2022-10,13.90002400000003,-2.6412776412776413,409.5150009,442.18200012,445.49324981999996,2.1291771097394245,598.134399,-33.752347187776444
2022-10-17,394,398.899994,392.5,396.100006,393.654541,9543556,-0.03785337539431985,2022,10,2022-10,6.399993999999992,0.5329964467005096,407.69500120000004,440.57900024,445.11799988,2.032891329248363,598.134399,-33.77742416048538
2022-10-18,401,406.700012,400.700012,404.25,401.754211,14215544,2.0575596759773824,2022,10,2022-10,6,0.8104738154613467,406.6350006,439.30800048,444.73824981999996,2.0838233557441224,598.134399,-32.414855143617984
2022-10-19,406.200012,406.950012,397.299988,399.049988,396.586273,8648435,-1.2863356833642585,2022,10,2022-10,9.65002400000003,-1.7602224984670927,404.875,437.91100036000006,444.35349976,2.02284732916528,598.134399,-33.28422697855905
2022-10-20,397,399.899994,393.100006,398.100006,395.642181,10747183,-0.23806090178355735,2022,10,2022-10,6.799987999999985,0.27707959697733187,403.3975006,436.56800047999997,443.99199982,2.0057981133754845,598.134399,-33.443051149445765
2022-10-21,397,402.25,394.700012,398.049988,395.592468,10279618,-0.012564179664951517,2022,10,2022-10,7.549987999999985,0.2644806045340012,401.68999940000003,435.16400024,443.57024979,1.980484681069239,598.134399,-33.451413484078856
2022-10-24,406,406,400.149994,401.600006,399.120575,2871205,0.891852306750986,2022,10,2022-10,5.850006000000008,-1.0837423645320179,400.61499940000004,433.68500059999997,443.09024979000003,1.9572423083776578,598.134399,-32.857898380126436
2022-10-25,404.350006,410.5,403.200012,404.549988,402.052338,17979661,0.7345572599418679,2022,10,2022-10,7.299987999999985,0.049457647343271516,400.96749880000004,432.24300048,442.66499969999995,1.4085237330124425,598.134399,-32.364701198200116
2022-10-27,408.549988,411.700012,404,407.700012,405.182922,14614841,0.7786488922105791,2022,10,2022-10,7.700012000000015,-0.20804700158257491,401.4125,430.84600096,442.25474976,1.415998364703496,598.134399,-31.83805969333658
2022-10-28,408,411.200012,406.100006,409.899994,407.369324,12488938,0.5396080292487156,2022,10,2022-10,5.100006000000008,0.4656848039215668,401.9524994,429.24700072,441.85999969999995,1.4190293730623862,598.134399,-31.470252390550108
2022-10-31,414.350006,416.299988,411.600006,412.75,410.201721,9928218,0.6952930084697703,2022,10,2022-10,4.699981999999977,-0.3861484196527338,402.47749940000006,427.79400084,441.47074967000003,1.416931505378241,598.134399,-30.993769846699625
2022-11-01,414.899994,422.399994,412.799988,421.350006,418.748627,17324893,2.0835871592973976,2022,11,2022-11,9.600006000000008,1.5545943825682522,403.31499940000003,426.52500119999996,441.05899963999997,1.4800139324025259,598.134399,-29.555964896110247
2022-11-02,423.049988,425.100006,420.149994,422.149994,419.543701,12433578,0.1898630565107871,2022,11,2022-11,4.950012000000015,-0.21273939854124105,404.53999940000006,425.54800108,440.66324967,1.4087554008199876,598.134399,-29.422217697932474
2022-11-03,419.399994,423.299988,414.5,416.25,413.680115,10987519,-1.3976060840593054,2022,11,2022-11,8.799987999999985,-0.7510715415031676,404.9574997,424.78100096000003,440.20824967,1.3510615824166465,598.134399,-30.408617077380303
2022-11-04,418.200012,426,416.899994,425.350006,422.723938,12277023,2.1861876276276297,2022,11,2022-11,9.100006000000008,1.709706789774074,405.5199997,424.07900084,439.77524963999997,1.3951442927675155,598.134399,-28.887218874031024
2022-11-07,428.25,437.5,428.25,435,432.314362,15058076,2.2687184351420915,2022,11,2022-11,9.25,1.5761821366024518,406.6625,423.5150006,439.40074967,1.4644248601534795,598.134399,-27.27387009888392
2022-11-09,439.200012,441.200012,432,433.149994,430.475769,14471443,-0.42528873563218567,2022,11,2022-11,9.200012000000015,-1.3775086144578754,408.5224991,422.99400024000005,438.94149963999996,1.09777842771647,598.134399,-27.583166137214594
2022-11-10,420.5,420.549988,409.200012,412.200012,409.655151,26251660,-4.836657575943537,2022,11,2022-11,11.34997599999997,-1.973837812128415,409.4649994,421.93700072,438.44849976,1.6025503811668802,598.134399,-31.08572041849745
2022-11-11,420,425.5,414.700012,423.5,420.885376,19296401,2.7413846848699226,2022,11,2022-11,10.799987999999985,0.8333333333333334,410.8125,421.3400006,437.96174988,1.6938214341631774,598.134399,-29.1965149123617
2022-11-14,424,437.700012,423.5,433.700012,431.022400,17996083,2.4085034238488823,2022,11,2022-11,14.200012000000015,2.2877386792452867,412.54750060000003,420.59200072,437.55174988,1.7553192477379558,598.134399,-27.4912105498216
2022-11-15,434.899994,438.5,434.100006,437.149994,434.451080,10696024,0.795476574715884,2022,11,2022-11,4.399993999999992,0.517360319853212,414.59250030000004,419.99700072,437.22824982,1.7366743403658813,598.134399,-26.914420115135368
2022-11-16,436.950012,438.200012,429.600006,431.549988,428.885651,8206169,-1.2810262099649046,2022,11,2022-11,8.600006000000008,-1.2358447995648596,416.36499940000004,419.39300047999996,436.99374969999997,1.7789297115123128,598.134399,-27.85066554916532
2022-11-17,422,427.549988,419.600006,423.149994,420.537506,15621809,-1.946470683252572,2022,11,2022-11,7.949981999999977,0.27251042654028257,417.3099991,418.67600036000005,436.65674973,1.8128470714200995,598.134399,-29.255031192412666
2022-11-18,424,426.450012,421.149994,423.799988,421.183472,9851962,0.15360841527035268,2022,11,2022-11,5.300018000000023,-0.04717264150943754,418.5474991,417.99700012,436.30374969999997,1.7770918656905645,598.134399,-29.146360966943824
2022-11-21,425.600006,427.600006,420,421.100006,418.500183,9497812,-0.6370887391341732,2022,11,2022-11,7.600006000000008,-1.0573308121616898,419.6974991,417.50200012,435.92274979,1.7858636658852947,598.134399,-29.597761522490202
2022-11-22,421,426.399994,420.5,424.700012,422.077972,6407614,0.8549052359785546,2022,11,2022-11,5.899993999999992,0.8788627078384834,421.03000030000004,417.15200012,435.45749985000003,1.7884937991007561,598.134399,-28.995889099499863
2022-11-23,426.850006,429.299988,422.850006,424.049988,421.431946,6568241,-0.15305485793111548,2022,11,2022-11,6.449981999999977,-0.6559723464077971,422.1524994,416.715,435.05624985000003,1.7867827419686448,598.134399,-29.104564340563872
2022-11-24,424.5,425.25,420.700012,423.399994,420.785980,6768613,-0.15328240028154239,2022,11,2022-11,4.549987999999985,-0.2591297997644305,423.09499969999996,416.16299988,434.64124985,1.7861242120111964,598.134399,-29.213234566032714
2022-11-25,425,435.149994,424,433.200012,430.525482,18764073,2.314600410693445,2022,11,2022-11,11.149993999999992,1.9294145882352978,424.3699997,415.69100036000003,434.28474991,1.8424867350845546,598.134399,-27.5748038025815
2022-11-28,435,440.350006,432.399994,433.25,430.575165,10701208,0.011539242524301874,2022,11,2022-11,7.950012000000015,-0.40229885057471265,425.5375,415.35200012,433.94799988,1.8429586354572445,598.134399,-27.566446483543576
2022-11-29,432.5,437.899994,429.549988,433.149994,430.475769,8630105,-0.023082746682055993,2022,11,2022-11,8.350006000000008,0.1502876300578017,426.5574997,415.07,433.64074982,1.841718980226683,598.134399,-27.583166137214594
2022-11-30,435,441,433.299988,439.399994,436.687195,14727892,1.4429181776694195,2022,11,2022-11,7.700012000000015,1.0114928735632167,427.4599991,415.20799988,433.37399979,1.813647892870547,598.134399,-26.538250477715803
2022-12-01,443,443.600006,436.850006,438.25,435.544312,8909310,-0.26171916606807977,2022,12,2022-12,6.75,-1.072234762979684,428.2649994,415.46399963999994,433.05899979000003,1.8169256623605667,598.134399,-26.730513955944545
2022-12-02,439,441.149994,435,435.399994,432.711884,8352658,-0.6503151169423862,2022,12,2022-12,6.149993999999992,-0.8200469248291589,429.2224991,415.48699952000004,432.69874969999995,1.7897552224435003,598.134399,-27.20699649979503
2022-12-05,435.5,437.5,427.799988,428.75,426.102936,12857807,-1.5273298327146951,2022,12,2022-12,9.700012000000015,-1.5499425947187142,429.3924988,415.50899963999996,432.34824967000003,1.769793465050641,598.134399,-28.31878575838271
2022-12-06,428.799988,431.350006,425.350006,427.100006,424.463135,8461831,-0.38483825072886124,2022,12,2022-12,6,-0.39645103721410957,428.9974991,415.40699952,432.12649963999996,1.6928810369814922,598.134399,-28.59464248937136
2022-12-07,428,428,419.100006,420.100006,417.506348,12133315,-1.6389604077879598,2022,12,2022-12,8.899993999999992,-1.8457929906542037,428.34499969999996,415.34699952000005,431.70699967,1.7273916069237831,598.134399,-29.764948028010007
2022-12-08,421,421.399994,415.350006,417.200012,414.624268,9539923,-0.6903103924259387,2022,12,2022-12,6.049987999999985,-0.9026099762470272,428.59499969999996,415.74099975999997,431.30074967,1.3390161905640596,598.134399,-30.249787890898418
2022-12-09,419.299988,420.950012,409.549988,413.299988,410.748322,9920219,-0.9348091773305198,2022,12,2022-12,11.40002400000003,-1.4309563967838703,428.0849991,416.03099976,430.86749955,1.1976935234525397,598.134399,-30.901819274901797
2022-12-12,412,416.899994,408,414.149994,411.593079,8009229,0.20566320461640267,2022,12,2022-12,8.899993999999992,0.5218432038834933,427.1074982,416.33199952,430.47249955,1.044960175922747,598.134399,-30.75970974209093
2022-12-13,419.950012,421.5,417.25,418.5,415.916229,9717894,1.0503455421998649,2022,12,2022-12,4.25,-0.34528204752141195,426.1749985,416.65699952,430.09274948999996,1.0595150499030204,598.134399,-30.032447439960734
2022-12-14,420.549988,421.350006,417.350006,417.899994,415.319916,6314883,-0.14337060931899823,2022,12,2022-12,4,-0.6301258056390653,425.49249879999996,416.92299928,429.79099946,1.0292317334879786,598.134399,-30.132760346391652
2022-12-15,418.850006,422.799988,415.700012,416.700012,414.127350,7542601,-0.287145732765906,2022,12,2022-12,7.09997599999997,-0.5133088144207864,425.16999969999995,417.30399964,429.48949952000004,0.9403051714994197,598.134399,-30.33338114365832
2022-12-16,417.350006,427.799988,413.100006,421.600006,418.997101,50949198,1.1759044537776475,2022,12,2022-12,14.699981999999977,1.0183299242602621,425.0600006000001,417.57799988,429.45774948999997,0.9801883082172813,598.134399,-29.514168269730295
2022-12-19,421.899994,422.850006,415.5,418,415.419312,9809103,-0.8538913540717566,2022,12,2022-12,7.350006000000008,-0.9243882568057095,424.90500030000004,417.65599976,429.24899948999996,0.9885183305327575,598.134399,-30.116040692720635
2022-12-20,418,418,408,410.5,407.965607,12341042,-1.7942583732057416,2022,12,2022-12,10,-1.7942583732057416,424.1949997,417.62299988,429.03124955,1.0395495016549088,598.134399,-31.369939484119193
2022-12-21,412.600006,414.399994,401,402.600006,400.114380,11606059,-1.9244808769792916,2022,12,2022-12,13.399993999999992,-2.4236548363016746,423.1225006000001,417.75599975999995,428.80624955,1.1114747965345644,598.134399,-32.690711874606635
2022-12-22,404.100006,404.700012,390.200012,394.450012,392.014709,14908929,-2.024340257958166,2022,12,2022-12,14.5,-2.3880212464040382,421.67500150000006,417.77799988,428.59299957999997,1.1792846042594154,598.134399,-34.053280891474024
2022-12-23,390,390,377,378.350006,376.014099,19902886,-4.081634049994657,2022,12,2022-12,13,-2.987177948717947,418.93250120000005,417.41400024,428.39849961,1.2823225341448066,598.134399,-36.744984633461954
2022-12-26,380.25,390.700012,375.200012,384.799988,382.424286,16979026,1.704765930412058,2022,12,2022-12,15.5,1.196578040762652,416.51000060000007,417.13,428.35249955,1.3815167390044498,598.134399,-35.666634682216305
2022-12-27,390,397.450012,388.5,394.149994,391.716553,14372461,2.4298353148597314,2022,12,2022-12,8.950012000000015,1.0641010256410237,414.5600006000001,417.08799988,428.36449952000004,1.5341948461499413,598.134399,-34.10343985248707
2022-12-28,394,395.899994,390.399994,391.299988,388.884155,8443917,-0.7230765047277934,2022,12,2022-12,5.5,-0.6852822335025419,412.15500030000004,416.99199952000004,428.29149949,1.467856711453187,598.134399,-34.57992239633755
2022-12-29,389,390,383.049988,385.899994,383.517487,15627403,-1.3800138424742279,2022,12,2022-12,6.950012000000015,-0.7969167095115701,409.5375,416.62499940000004,428.12299943,1.4768595304533136,598.134399,-35.48272852302548
2022-12-30,391,392.200012,387,387.950012,385.554840,9198673,0.5312303788219346,2022,12,2022-12,5.200012000000015,-0.7800480818414284,407.1650009,416.40299988,427.97199952000005,1.4991982973219604,598.134399,-35.13999317735277
2023-01-02,392.5,396,391,394.799988,392.362549,10501357,1.7656852141043289,2023,01,2023-01,5,0.5859842038216522,405.46750030000004,416.33699952,427.8874994,1.5671810931643875,598.134399,-33.99476962701823
2023-01-03,396,398.350006,393,393.899994,391.468079,9431220,-0.22796201300796204,2023,01,2023-01,5.350006000000008,-0.5303045454545473,403.8074997,416.25399963999996,427.78874940000003,1.5676528817325344,598.134399,-34.14523647886703
2023-01-04,394.799988,394.799988,385,385.600006,383.219360,16121049,-2.1071307759400435,2023,01,2023-01,9.799987999999985,-2.3302893312144626,402.0824997,415.93399963999997,427.59224946,1.59057985427136,598.134399,-35.532882468443354
2023-01-05,387.899994,388.75,382.5,386.899994,384.511322,10443908,0.3371338121815239,2023,01,2023-01,6.25,-0.2577984056375108,400.5674988,415.58099976,427.35774949,1.597810881343874,598.134399,-35.31554201750568
2023-01-06,386.100006,388.399994,381,382,379.641571,8715469,-1.2664755947243547,2023,01,2023-01,7.399993999999992,-1.061902599400635,399.00249940000003,415.06699952,427.12799943,1.6057475745600127,598.134399,-36.13475489143369
2023-01-09,386.350006,392.700012,385,389.450012,387.045593,14693099,1.9502649214659724,2023,01,2023-01,7.700012000000015,0.8023828010500944,397.76750030000005,414.65799988,426.87349946,1.6847198320475814,598.134399,-34.88921341907306
2023-01-10,400,417.75,400,412.899994,410.350800,54021379,6.0213072993819745,2023,01,2023-01,17.75,3.224998499999998,397.4875,414.66099976,426.75899949,2.1856228296592293,598.134399,-30.96869287399069
2023-01-11,415.75,420,413.549988,418.200012,415.618103,22224361,1.283608156216157,2023,01,2023-01,6.450012000000015,0.5892993385448022,397.5025009,414.59799988,426.68399948999996,2.2054402877374852,598.134399,-30.082601385378606
2023-01-12,420.299988,420.5,410.049988,412.25,409.704834,12479034,-1.4227670562572856,2023,01,2023-01,10.450012000000015,-1.9152957958209567,397.28000030000004,414.4,426.58474946,2.22843836551374,598.134399,-31.077363099459525
2023-01-13,413,416.350006,408,411.5,408.959442,10449630,-0.18192844147968465,2023,01,2023-01,8.350006000000008,-0.36319612590799033,396.775,414.305,426.4787494,2.210366126312804,598.134399,-31.202752978599385
2023-01-16,413.5,414.899994,407.600006,413,410.450195,11462140,0.3645200486026731,2023,01,2023-01,7.299987999999985,-0.12091898428053204,396.525,414.05799988,426.37524934,2.20522679997942,598.134399,-30.951973220319672
2023-01-17,413,419.450012,412.5,415.299988,412.735962,12337969,0.5568978208232408,2023,01,2023-01,6.950012000000015,0.5568978208232408,396.7649994,413.66399964,426.27349931,2.169006375649079,598.134399,-30.567446263862188
2023-01-18,415.899994,415.950012,407.450012,408.399994,405.878571,13310316,-1.661448157807313,2023,01,2023-01,8.5,-1.803318131329427,397.0549988,413.16899964,426.14674928,2.156974979820957,598.134399,-31.72103214882982
2023-01-19,406.5,407.799988,400.100006,400.75,398.275818,13126520,-1.8731621235038491,2023,01,2023-01,7.699981999999977,-1.4145141451414514,397.3699982,412.93999940000003,425.94474930999996,2.1494145238723656,598.134399,-33.000007912937306
2023-01-20,404,412.5,401.200012,403.149994,400.660980,23906114,0.5988756082345583,2023,01,2023-01,11.299987999999985,-0.2103975247524771,398.6099976,412.53299928,425.72674928,1.9117081197249586,598.134399,-32.59876130280881
2023-01-23,407,410.950012,405,408.399994,405.878571,13113183,1.3022448414075878,2023,01,2023-01,5.950012000000015,0.34397886977886794,399.7899979,412.02699892,425.47849930999996,1.8986025321040345,598.134399,-31.72103214882982
2023-01-24,410,424,410,422.149994,419.543701,30197475,3.3667973070538295,2023,01,2023-01,14,2.9634131707317053,401.18999790000004,411.72699891999997,425.30849930999995,1.9639702625906148,598.134399,-29.422217697932474
2023-01-25,423.75,427.25,417.700012,419.049988,416.462830,22975581,-0.7343375681772503,2023,01,2023-01,9.549987999999985,-1.109147374631272,402.5774979,411.47699891999997,425.15624925,1.9642992225193072,598.134399,-29.940496868162906
2023-01-27,438,453.399994,435.149994,445.600006,442.848938,63360467,6.335763932774537,2023,01,2023-01,18.25,1.7351611872146135,405.5624985,411.92599916,425.12399934,2.328297252824004,598.134399,-25.501692137254928
2023-01-30,445.600006,450,437.649994,443.649994,440.910950,18316743,-0.4376148953642553,2023,01,2023-01,12.350006000000008,-0.4376148953642553,408.3474976,412.32299928,425.08199936999995,2.3430539138995115,598.134399,-25.827707829256617
2023-01-31,443.700012,454.799988,440.899994,452.100006,449.308777,25154475,1.904657300637767,2023,01,2023-01,13.899993999999992,1.8931696580616708,411.21249850000004,412.94299928,425.15099946000004,2.346588710304965,598.134399,-24.41497985137618
2023-02-01,456.799988,461.5,437.649994,446.649994,443.892426,23798589,-1.2054881503363695,2023,02,2023-02,23.850006000000008,-2.2219777291237564,413.8499985,413.38199891999994,425.22899949,2.3770366955202755,598.134399,-25.3261483126972
2023-02-02,446.75,449.200012,440.700012,444.799988,442.053833,11344554,-0.4141959083962302,2023,02,2023-02,8.5,-0.4364884163402384,416.80999760000003,413.79699891999996,425.28399949,2.3024118696192004,598.134399,-25.635444351027875
2023-02-03,447,450.799988,442.350006,445.450012,442.699860,13067403,0.14613849315122518,2023,02,2023-02,8.449981999999977,-0.3467534675615178,419.7374985,414.23799928,425.38649949,2.3045712600122683,598.134399,-25.526769109963865
2023-02-06,444.450012,447,439.549988,442,439.271149,6795084,-0.7745003719968504,2023,02,2023-02,7.450012000000015,-0.5512457945439351,422.7374985,414.41399903999996,425.39374955,2.284660217314517,598.134399,-26.103564560245268
2023-02-07,441.700012,443.399994,432.899994,435.450012,432.761597,9023645,-1.4818977375565576,2023,02,2023-02,10.5,-1.4149875096675342,425.0374985,414.45799928,425.33074967,2.3188998954225504,598.134399,-27.198634165161934
2023-02-08,435.450012,441,431.549988,440.100006,437.382874,8668267,1.0678594263076957,2023,02,2023-02,9.450012000000015,1.0678594263076957,426.3974991,414.59699952000005,425.33699967,1.9414900307551854,598.134399,-26.421217917613866
2023-02-09,440,440.700012,433.549988,436.75,434.053558,7349418,-0.7611919914402381,2023,02,2023-02,7.15002400000003,-0.7386363636363636,427.32499850000005,414.54399964,425.39499969999997,1.9428572302173044,598.134399,-26.981293714224254
2023-02-10,437.950012,447.799988,431.200012,445.850006,443.097351,14798390,2.083573211219235,2023,02,2023-02,16.59997599999997,1.8038574685551079,429.00499879999995,414.69599975999995,425.44974976,1.9436153984034428,598.134399,-25.459895510874976
2023-02-13,445.5,446.899994,438.899994,441.049988,438.326996,8333767,-1.0765992902106236,2023,02,2023-02,8,-0.9988803591470292,430.4824982,414.80899963999997,425.50374969999996,1.9680994265102474,598.134399,-26.262393746727152
2023-02-14,442,444.299988,434.399994,440.549988,437.830078,8565559,-0.11336583462280925,2023,02,2023-02,9.899993999999992,-0.32805701357466405,431.85999760000004,415.0449994,425.5262497,1.9710087711713742,598.134399,-26.34598699948706
2023-02-15,438.5,444.899994,438.149994,444.149994,441.407867,9857016,0.81716175191452,2023,02,2023-02,6.75,1.2884820980615719,433.3024979,415.38599916,425.55899963999997,1.9733638503634359,598.134399,-25.744114576496717
2023-02-16,445,448.25,440.5,441.600006,438.873627,7670688,-0.5741276673303265,2023,02,2023-02,7.75,-0.7640435955056163,434.96249850000004,415.81599916,425.60274963999996,1.929390431430998,598.134399,-26.170438159334157
2023-02-17,436,442.450012,436,439.899994,437.184082,6955445,-0.384966480276727,2023,02,2023-02,6.450012000000015,0.8944940366972459,436.9199982,416.26999880000005,425.68474961,1.8643510402778547,598.134399,-26.454657224955895
2023-02-20,441.799988,445.299988,436.25,443,440.264984,9717197,0.7047069884706585,2023,02,2023-02,9.049987999999985,0.27161883942831055,438.9124985,416.86399903999995,425.76824967,1.864846648044919,598.134399,-25.936378054725463
2023-02-21,445.200012,445.200012,435.25,436.5,433.805084,8957930,-1.4672686230248306,2023,02,2023-02,9.950012000000015,-1.9541805403185872,440.31749879999995,417.31099916,425.90799973000003,1.9036656933689269,598.134399,-27.023090340604206
2023-02-22,435.299988,435.850006,428.25,429.450012,426.798645,7209130,-1.6151175257731922,2023,02,2023-02,7.600006000000008,-1.3438952817062724,440.6824997,417.5299994,426.03549973,1.811877703672606,598.134399,-28.201753198280777
2023-02-23,428.649994,436.450012,427.200012,433.200012,430.525482,9278920,0.87320989526483,2023,02,2023-02,9.25,1.0614762775431237,441.3900009,417.83599976,426.24274979,1.8085259283662483,598.134399,-27.5748038025815
2023-02-24,435.399994,436.700012,427,427.75,425.109131,7895024,-1.2580821442821233,2023,02,2023-02,9.700012000000015,-1.7570036989940776,440.4975006000001,418.05699952000003,426.44074982,1.1110967480681093,598.134399,-28.48597226390252
2023-02-27,427.75,428.049988,413.049988,417.950012,415.369629,10438928,-2.2910550555230826,2023,02,2023-02,15,-2.2910550555230826,439.21250150000003,417.98399964,426.66899994,1.2053950678111212,598.134399,-30.124398011758558
2023-02-28,419,424.799988,419,420.700012,418.102661,9652088,0.6579734229078094,2023,02,2023-02,5.799987999999985,0.40573078758950243,437.6425018,418.03799988,426.75100006,1.114696752003652,598.134399,-29.664635121579092
2023-03-01,421.5,428,421.5,426,423.369934,7595114,1.2598021984368246,2023,03,2023-03,6.5,1.0676156583629894,436.61000210000003,418.34799988,426.85425002999995,1.1512172843421213,598.134399,-28.77854864856218
2023-03-02,426,426.25,419.549988,420.450012,417.854187,5661103,-1.3028140845070388,2023,03,2023-03,6.700012000000015,-1.3028140845070388,435.39250330000004,418.705,426.83575012,1.1755865414786777,598.134399,-29.706431747959037
2023-03-03,422.600006,430.5,421.950012,428,425.357574,8027522,1.79569218326006,2023,03,2023-03,8.549987999999985,1.277802632118276,434.52000269999996,419.37599975999996,426.90000015,1.2613875148036962,598.134399,-28.444175637522566
2023-03-06,430.950012,441.450012,430,440.100006,437.382874,11307064,2.8271042056074784,2023,03,2023-03,11.450012000000015,2.123214698970699,434.425003,420.61099975999997,427.10725020999996,1.4208659234474998,598.134399,-26.421217917613866
2023-03-08,439,441.25,436.100006,439.299988,436.587799,7850052,-0.1817809563947206,2023,03,2023-03,5.149993999999992,0.06833439635534962,434.6175018,421.70099976,427.21375014999995,1.379205967416722,598.134399,-26.554970131386813
2023-03-09,439.100006,442.049988,431.299988,432.200012,429.531677,5696737,-1.6162021839162832,2023,03,2023-03,10.75,-1.5713946494457558,434.22250210000004,422.46200012,427.26750015,1.405595048978434,598.134399,-27.741990308101304
2023-03-10,433,437.799988,430.799988,435.850006,433.159119,10417015,0.8445150158857452,2023,03,2023-03,7,0.6582000000000018,434.17750240000004,423.35300048,427.31800018,1.4105577681749057,598.134399,-27.131760566073048
2023-03-13,436.100006,437,419.100006,422.399994,419.792145,8780169,-3.0859267672007364,2023,03,2023-03,17.899993999999992,-3.141484020066722,433.0050018,424.08300047999995,427.34500015,1.4804009381100358,598.134399,-29.38042107155252
2023-03-14,422.850006,424.200012,413.399994,416.649994,414.077637,9189043,-1.361268958730146,2023,03,2023-03,10.800018000000023,-1.4662438008810186,431.78500210000004,424.65700012,427.32500015,1.490009271419025,598.134399,-30.34174347829141
2023-03-15,422,425,410.100006,411.350006,408.810364,7681009,-1.2720480202382973,2023,03,2023-03,14.899993999999992,-2.5236952606635055,430.32500300000004,424.98800048,427.23375015,1.5058926908983674,598.134399,-31.227829951308323
2023-03-16,413.299988,418.5,405,415.700012,413.133545,11854885,1.0574950617601322,2023,03,2023-03,13.5,0.580697815069869,428.9025039,425.42400084,427.10025024000004,1.5164631710447956,598.134399,-30.500567649178123
2023-03-17,419,423.450012,414.549988,419,416.413147,8658701,0.7938388031607717,2023,03,2023-03,8.90002400000003,0,427.7725036,426.09200072,426.97750030000003,1.5351100368663328,598.134399,-29.94885418720083
2023-03-20,415.600006,416.950012,405.5,410.75,408.214081,10075022,-1.9689737470167064,2023,03,2023-03,11.450012000000015,-1.1669889148172936,426.3150039,426.56900084,426.80825027,1.5825093186761878,598.134399,-31.328142857739238
2023-03-21,412.850006,413.899994,407.700012,412.549988,410.002930,7391950,0.43821984175288736,2023,03,2023-03,6.199981999999977,-0.07266997593310505,424.7925033,427.18000059999997,426.67525024,1.5744373481833627,598.134399,-31.027209154041657
2023-03-22,416,418.399994,413.75,416.100006,413.531067,5728054,0.8605061455001237,2023,03,2023-03,4.649993999999992,0.024039903846155668,423.7725036,427.71300047999995,426.5962503,1.5730406357143925,598.134399,-30.433694050089237
2023-03-23,416,422.5,416,419.149994,416.562195,9817460,0.7329939812593957,2023,03,2023-03,6.5,0.7572100961538444,423.2575027,427.83800047999995,426.53025024000004,1.5514826582217742,598.134399,-29.923777214491892
2023-03-24,419,420.549988,414.799988,416.5,413.928558,6877960,-0.632230475470314,2023,03,2023-03,5.75,-0.5966587112171837,422.42250210000003,427.80400024000005,426.43350021,1.5377368424887887,598.134399,-30.366820451000347
2023-03-27,416,418.5,410.25,412.049988,409.506042,7433933,-1.068430252100844,2023,03,2023-03,8.25,-0.9495221153846191,421.63750150000004,427.8,426.31550018,1.5313434964667898,598.134399,-31.110802406801557
2023-03-28,414.149994,414.5,400.450012,401.600006,399.120575,9553659,-2.5360956933215535,2023,03,2023-03,14.049987999999985,-3.0303001767036086,420.82000120000004,427.60200012,426.18100021,1.550025777564594,598.134399,-32.857898380126436
2023-03-29,401.600006,410.600006,401.600006,409.200012,406.673645,10478506,1.8924317446349856,2023,03,2023-03,9,1.8924317446349856,420.24500120000005,427.52600036,426.08675033,1.6089397722439287,598.134399,-31.587279935056873
2023-03-31,411.350006,421.75,411,420.799988,418.202026,11037881,2.8347936607587316,2023,03,2023-03,10.75,2.297309313762348,419.98500060000003,427.63600036,426.15725021,1.71536980311222,598.134399,-29.64792048350325
2023-04-03,423,424.950012,419.5,424.25,421.630737,6948329,0.8198697952434388,2023,04,2023-04,5.450012000000015,0.29550827423167847,420.175,427.95300047999996,426.25275024,1.6991982476590017,598.134399,-29.071125033221847
2023-04-05,424.25,428.75,423.149994,426.549988,423.916504,8821326,0.5421303476723595,2023,04,2023-04,5.600006000000008,0.5421303476723595,420.10249940000006,428.46900024,426.31500015,1.6542811176334749,598.134399,-28.68659807676436
2023-04-06,426.5,439.299988,423.75,437.649994,434.947998,10907492,2.6022755391567394,2023,04,2023-04,15.549987999999985,2.6143010550996464,419.9799988,429.15900024,426.53850006,1.634678291901517,598.134399,-26.830826862375464
2023-04-10,452.049988,473.299988,452,461.299988,458.451965,50462653,5.403860236314774,2023,04,2023-04,21.299987999999985,2.046233878010854,421.0799988,430.21700012,426.90024994,2.033272206429061,598.134399,-22.87686700995106
2023-04-11,463.75,463.75,455.799988,458.700012,455.868042,14495222,-0.5636193513189447,2023,04,2023-04,7.950012000000015,-1.0889461994609133,422.4049988,430.94800047999996,427.28024994,1.9953094182906352,598.134399,-23.31154791182642
2023-04-12,459.350006,468.600006,458.200012,465.5,462.626068,13552440,1.4824477484426106,2023,04,2023-04,10.399993999999992,1.3388470490190854,423.88749850000005,431.87700072,427.61974991000005,2.009241065684975,598.134399,-22.1746816805298
2023-04-13,464.950012,472,463.25,469.5,466.601349,12733670,0.8592910848549946,2023,04,2023-04,8.75,0.9785972432666555,426.24249879999996,432.3550006,428.00174988,1.84091555076943,598.134399,-21.50593565845057
2023-04-17,471,473,465.799988,472.149994,469.234985,10710167,0.5644289669861539,2023,04,2023-04,7.200012000000015,0.2441600849256884,429.0174988,432.9250006,428.32649979,1.7854405941590066,598.134399,-21.062892421942117
2023-04-18,475,483.350006,468.100006,473,470.079773,16140056,0.180028806693156,2023,04,2023-04,15.25,-0.42105263157894735,432.0999985,433.34300048,428.64499985000003,1.7322348334643396,598.134399,-20.92078288913125
2023-04-19,473,475.5,467.850006,469.399994,466.501953,7368610,-0.761100634249473,2023,04,2023-04,7.649993999999992,-0.761100634249473,434.78499760000005,433.79800048,428.91949982,1.760793136790616,598.134399,-21.52265531212159
2023-04-20,473.700012,479.700012,469.399994,476.799988,473.856262,14264206,1.5764793554726788,2023,04,2023-04,10.300018000000023,0.6544175472809508,437.67499699999996,434.43800047999997,429.21799973000003,1.7734216588582448,598.134399,-20.28547617439405
2023-04-21,476.700012,476.700012,467.200012,471.200012,468.290863,8478118,-1.174491640297602,2023,04,2023-04,9.5,-1.1537654419022754,440.6974976,434.95300047999996,429.48924973,1.7194406664575437,598.134399,-21.221716592828834
2023-04-24,471.200012,476,468.299988,475.200012,472.266174,8020593,0.8488964130162204,2023,04,2023-04,7.700012000000015,0.8488964130162204,443.8299988,435.61700072,429.80624985000003,1.718568061151472,598.134399,-20.552970570749604
2023-04-25,475.200012,476.399994,471.899994,473.549988,470.626343,6888352,-0.34722726395891385,2023,04,2023-04,4.5,-0.34722726395891385,446.70249789999997,436.37900024000004,430.11049973,1.734633803907642,598.134399,-20.828832317333422
2023-04-26,473,479.5,472.600006,478.200012,475.247650,7791425,0.9819499773696606,2023,04,2023-04,6.899993999999992,1.0993682875264303,449.6549988,437.14100036,430.45924973,1.7360564289486955,598.134399,-20.051411054190183
2023-04-27,478.5,482,476.5,481.600006,478.626678,7085793,0.7109983092179413,2023,04,2023-04,5.5,0.6478591431556965,452.9099991,438.03800048,430.80724976,1.708576102637484,598.134399,-19.48297793854187
2023-04-28,481.399994,488,478.350006,484.950012,481.955994,9947813,0.6955992438255924,2023,04,2023-04,9.649993999999992,0.7374362368604481,456.5550003,438.82000059999996,431.15024979000003,1.6548611961070325,598.134399,-18.922902141931484
2023-05-02,482.5,484,474.549988,480.25,477.285004,11542592,-0.9691745300956947,2023,05,2023-05,9.450012000000015,-0.466321243523316,460.4875,439.60400084,431.39724975999997,1.518558596834036,598.134399,-19.708680724112646
2023-05-03,480.25,485.100006,477.75,483.700012,480.713715,8529233,0.7183783446121843,2023,05,2023-05,7.350006000000008,0.7183783446121843,464.2125,440.46700132,431.60799987999997,1.501133730470193,598.134399,-19.13188527383124
2023-05-04,483.600006,486.399994,478.75,480.799988,477.831573,5650101,-0.5995501195067223,2023,05,2023-05,7.649993999999992,-0.5789946164723626,467.2125,441.2000012,431.82674987999997,1.4579852309492736,598.134399,-19.616730152314823
2023-05-05,481.649994,484.700012,476.149994,477.100006,474.154449,4830674,-0.7695470241983403,2023,05,2023-05,8.550018000000023,-0.9446668860541882,469.85500030000003,441.91000119999995,432.05949996999993,1.4927804145983972,598.134399,-20.235317213381006
2023-05-08,480,502.299988,478.100006,500.5,497.409973,23515333,4.904630833310027,2023,05,2023-05,24.199981999999977,4.270833333333333,473.5525009,443.12200132,432.42649994,1.7758945881217316,598.134399,-16.323153987336553
2023-05-09,502,512.799988,501.549988,503.649994,500.540527,19818780,0.6293694305694291,2023,05,2023-05,11.25,0.3286840637450184,476.8525009,444.33500119999997,432.80449996999994,1.7256045050367541,598.134399,-15.796517498068194
2023-05-10,508,512.900024,504.350006,509.5,506.354401,12481404,1.1615221025893643,2023,05,2023-05,8.550018000000023,0.2952755905511811,479.26250150000004,445.79500119999994,433.15099991000005,1.3361571539747705,598.134399,-14.818475437658288
2023-05-11,512,514.150024,505.5,511.600006,508.441437,11454020,0.4121699705593734,2023,05,2023-05,8.65002400000003,-0.07812382812499852,481.9075012,447.43800108000005,433.45449997,1.3126350491894763,598.134399,-14.46738277294766
2023-05-12,513.900024,520.5,510.299988,515.950012,512.764587,19766717,0.8502748141093663,2023,05,2023-05,10.200012000000015,0.39890794011715874,484.4300018,449.09300108,433.78900008999994,1.2966469470860225,598.134399,-13.740120470817466
2023-05-15,523.849976,537.150024,521.5,530.849976,527.572571,38270067,2.887869687654926,2023,05,2023-05,15.65002400000003,1.3362604411000298,487.4975006000001,451.1550006,434.17599991000003,1.3995433646404662,598.134399,-11.249047557286545
2023-05-16,533.950012,535.950012,518.849976,521.150024,517.932495,16514882,-1.827249211366629,2023,05,2023-05,17.100036000000046,-2.3972259036113637,489.9475021,453.21900084000004,434.5075,1.5033282731090891,598.134399,-12.8707486358764
2023-05-17,522.5,523.950012,512.5,515.5,512.317383,13684847,-1.0841453976408202,2023,05,2023-05,11.450012000000015,-1.3397129186602872,492.0725021,455.1150006,434.81050002999996,1.5437656340097,598.134399,-13.815356404539447
2023-05-18,518.799988,520.900024,507.100006,508.450012,505.310913,12293322,-1.3676019398642065,2023,05,2023-05,13.800018000000023,-1.9949838549340848,494.025003,456.76400084,435.10500014999997,1.574303405015231,598.134399,-14.994019262216018
2023-05-19,509.799988,526.400024,504.75,524.950012,521.708984,19343560,3.245156772658312,2023,05,2023-05,21.65002400000003,2.971758406553754,496.43250420000004,458.85400084,435.52400024,1.6799416583576943,598.134399,-12.2354419211392
2023-05-22,524.950012,527,519.349976,522.5,519.274170,9978339,-0.4667133906075642,2023,05,2023-05,7.65002400000003,-0.4667133906075642,498.99750359999996,460.74400084,435.9162503,1.6501030946555684,598.134399,-12.645050865900798
2023-05-23,522.5,531,521.150024,528.5,525.237061,12256902,1.1483253588516746,2023,05,2023-05,9.84997599999997,1.1483253588516746,501.662503,462.51200072,436.34750030000004,1.6544938065114139,598.134399,-11.641931832781955
2023-05-24,527.150024,529.650024,519.150024,520.200012,516.988403,7648284,-1.5704802270577074,2023,05,2023-05,10.5,-1.318412536010814,503.99500420000004,464.1300012,436.70050033,1.710891647328863,598.134399,-13.029577822358284
2023-05-25,518,518,509.100006,514.849976,511.671326,11543712,-1.0284574926153685,2023,05,2023-05,8.899993999999992,-0.6081127413127472,505.82750240000007,465.78300048,436.87875015,1.7389608177913278,598.134399,-13.924031645603458
2023-05-26,514.900024,519.75,512.200012,518.450012,515.249146,8360570,0.69923981117172,2023,05,2023-05,7.549987999999985,0.6894519002780206,507.6700027,467.43500059999997,437.08975021,1.7388464527575251,598.134399,-13.322154207017947
2023-05-29,525,525.099976,519.700012,521.450012,518.230652,6596504,0.5786478793639221,2023,05,2023-05,5.3999639999999545,-0.6761881904761876,509.4950027,469.41600096,437.35800033,1.7379379968350481,598.134399,-12.820594690458526
2023-05-30,521.450012,523.5,518,518.799988,515.596985,5134688,-0.5082028840762651,2023,05,2023-05,5.5,-0.5082028840762651,511.42250210000003,471.45900084,437.6075003,1.7221212565353101,598.134399,-13.263642942562152
2023-05-31,519.950012,527.5,516.400024,526.299988,523.050659,12327284,1.4456438268074903,2023,05,2023-05,11.09997599999997,1.2212666320700016,513.5525009,473.75800047999996,437.91275024000004,1.7367983174590726,598.134399,-12.009744151163599
2023-06-01,527.5,536.25,522.849976,535.200012,531.895752,12511265,1.6910553302159737,2023,06,2023-06,13.40002400000003,1.459717914691946,516.2725021,476.14800047999995,438.2475003,1.7403654739238912,598.134399,-10.521780239561178
2023-06-02,537,541.25,532.75,535.900024,532.591431,12294728,0.1307944664246411,2023,06,2023-06,8.5,-0.20483724394785283,519.212503,478.48600096,438.54925047999996,1.7158660395126943,598.134399,-10.404747679459245
2023-06-05,539,548.799988,537.900024,546.25,542.877563,15008325,1.9313259071621107,2023,06,2023-06,10.899963999999954,1.3450834879406308,521.500003,481.19600096,438.89725051,1.4275488902356617,598.134399,-8.674371359805379
2023-06-06,549.450012,557,545.349976,555.75,552.318848,15395092,1.7391304347826086,2023,06,2023-06,11.65002400000003,1.146598937557214,524.1050033,484.0600012,439.28825057,1.4562519806531506,598.134399,-7.086099557367211
2023-06-07,558.799988,575,552.150024,567.950012,564.443542,20855239,2.1952338281601467,2023,06,2023-06,22.84997599999997,1.6374416958648952,527.0275039,487.09700132,439.6787506,1.4985685131361401,598.134399,-5.046422183787496
2023-06-08,570,576.549988,557,559.700012,556.244507,21527339,-1.4525926271131058,2023,06,2023-06,19.549987999999985,-1.8070154385964887,529.4325042,489.90800168000004,440.05025069000004,1.5644905202103259,598.134399,-6.425710854325904
2023-06-09,564.400024,566.450012,559.299988,562.299988,558.828430,9361533,0.46453027412119646,2023,06,2023-06,7.15002400000003,-0.37208290409286826,531.750003,492.82400144,440.43775069000003,1.5618255918588657,598.134399,-5.9910299524505435
2023-06-12,567,568.900024,560.650024,564.150024,560.666992,7599572,0.32901227805113265,2023,06,2023-06,8.25,-0.5026412698412644,533.4150053999999,495.86600216,440.90350080999997,1.4519085423483993,598.134399,-5.681728898524694
2023-06-13,567.700012,571.049988,560.75,562.200012,558.729065,12845897,-0.34565486431673276,2023,06,2023-06,10.299987999999985,-0.9688215402045826,535.4675048,499.07800228,441.44150084,1.3724985954354307,598.134399,-6.007744590526387
2023-06-14,566,571.200012,564,570.299988,566.778992,12713256,1.4407641101224256,2023,06,2023-06,7.200012000000015,0.7597151943462871,538.2075042,502.3000018,441.99075072,1.3457543368540061,598.134399,-4.653537908292087
2023-06-15,571.799988,575,567.75,568.450012,564.940491,12475759,-0.3243864700905394,2023,06,2023-06,7.25,-0.5858650000531253,541.2075042,505.25300228,442.51700072,1.2879214707777509,598.134399,-4.962828931027592
2023-06-16,569.650024,572.200012,566.049988,569.799988,566.282104,8736313,0.2374836786879986,2023,06,2023-06,6.15002400000003,0.0263256374408499,543.450003,508.16400203999996,443.07000059999996,1.1239160517183173,598.134399,-4.73713116105199
2023-06-19,570.650024,573.200012,564.200012,566.049988,562.555298,6280388,-0.6581256719857986,2023,06,2023-06,9,-0.8061045836388232,545.6275024,510.95400204,443.5750006,1.1326162306419298,598.134399,-5.364080556751267
2023-06-20,566.049988,583.950012,562.5,583.25,579.649109,18074902,3.038603014686402,2023,06,2023-06,21.450012000000015,3.038603014686402,548.3650024000001,513.86600216,444.22450057000003,1.2684442050795008,598.134399,-2.4884706555725162
2023-06-21,584.950012,585.900024,574.5,581.400024,577.810547,9146332,-0.3171840548649755,2023,06,2023-06,11.40002400000003,-0.6068874138257108,551.4250030000001,516.26800288,444.77600065999997,1.1891664602157443,598.134399,-2.7977616783080217
2023-06-22,584,584.700012,568.200012,569.349976,565.834839,11229179,-2.072591589710712,2023,06,2023-06,16.5,-2.5085657534246626,554.150003,518.48100216,445.28825057,1.282064955110526,598.134399,-4.812367094773972
2023-06-23,570,571.150024,557.700012,559.650024,556.194824,9362695,-1.7036888397093635,2023,06,2023-06,13.450012000000015,-1.8157852631578895,556.2100035999999,520.3640026400001,445.77775069,1.372977759182092,598.134399,-6.434068173363825
2023-06-26,560,569,557.799988,567.849976,564.344116,6986621,1.4651928255791407,2023,06,2023-06,11.200012000000015,1.4017814285714232,558.5300018,522.33100216,446.32200057,1.3934794738299896,598.134399,-5.0631468530536825
2023-06-27,570,576.900024,568.450012,573.099976,569.561707,9404450,0.9245399703952794,2023,06,2023-06,8.450012000000015,0.5438554385964859,561.2450012,524.3500018,446.89875045,1.3791210332525836,598.134399,-4.185417699074696
2023-06-28,579,590,575.5,586.650024,583.028076,16720940,2.3643427966222883,2023,06,2023-06,14.5,1.3212476683937875,564.262503,526.62300228,447.60275054,1.4264833072342302,598.134399,-1.9200325243290346
2023-06-30,588.349976,599,588,595.549988,591.873169,12488047,1.5170823550498915,2023,06,2023-06,11,1.2237634560556208,567.2800018,529.14600216,448.36950041999995,1.4196982411178625,598.134399,-0.43207864391695777
2023-07-03,600,602.299988,590,590.799988,587.152466,11131048,-0.7975820830677274,2023,07,2023-07,12.299987999999985,-1.533335333333336,570.025,531.4260021599999,449.09400039,1.4488387178466346,598.134399,-1.2262145451360416
2023-07-04,594.400024,596.400024,589.5,591.450012,587.798462,6917886,0.11002437596529374,2023,07,2023-07,6.90002400000003,-0.49630078749795187,572.2850006000001,533.83100216,449.79625045,1.4107966239752494,598.134399,-1.1175393040720292
2023-07-05,592,593,584.950012,588.25,584.618225,8715919,-0.5410452168525808,2023,07,2023-07,8.049987999999985,-0.6334459459459459,573.9100006000001,536.09200192,450.45350051,1.3895110101508712,598.134399,-1.6525381279734808
2023-07-06,590.799988,604.950012,588.549988,600.799988,597.090698,14356681,2.1334446238844005,2023,07,2023-07,16.40002400000003,1.6926202104120558,575.5524994,538.63700192,451.20650039,1.3851223454703634,600.799988,0
2023-07-07,600,624.799988,592.200012,618.200012,614.383301,21066726,2.8961425345434644,2023,07,2023-07,32.59997599999997,3.0333353333333357,578.4774994,541.4370019200001,452.06125045,1.4374172263853224,618.200012,0
2023-07-10,624,634.799988,617.549988,618.650024,614.830505,23802524,0.07279391641293194,2023,07,2023-07,17.25,-0.8573679487179439,581.2950012,544.17800228,452.99200057,1.4407065999511657,618.650024,0
2023-07-11,624.950012,630.450012,622.150024,628.5,624.619690,12051173,1.5921725721940598,2023,07,2023-07,8.299987999999985,0.5680435125745681,584.5125,547.04900204,454.00725051,1.4608947850476706,628.5,0
2023-07-12,629.950012,630.799988,619.349976,621.450012,617.613220,10785502,-1.121716467780427,2023,07,2023-07,11.450012000000015,-1.3493134118711627,587.475,549.87300228,454.94325057000003,1.4958696022071523,628.5,-1.121716467780427
2023-07-13,625,626.5,615.5,620.650024,616.818237,9689708,-0.12872925972362598,2023,07,2023-07,11,-0.6959961599999951,589.9925018,552.61200252,455.90825072,1.485760663006702,628.5,-1.2490017501988815
2023-07-14,623,626,619.5,624.900024,621.041931,7010179,0.6847659446799602,2023,07,2023-07,6.5,0.30497977528090375,592.8150024,555.49400324,456.87175078,1.4757396147132056,628.5,-0.5727885441527398
2023-07-17,626.900024,627,617.150024,618.5,614.681458,7580645,-1.024167667498766,2023,07,2023-07,9.84997599999997,-1.3399304001302814,595.250003,558.32200312,457.84875074999997,1.5133539127987454,628.5,-1.591089896579157
2023-07-18,620.400024,620.849976,607,612.099976,608.320984,10359400,-1.0347654001616864,2023,07,2023-07,13.84997599999997,-1.337854235801909,597.5525024000001,560.55400264,458.92175063,1.5297531047942605,628.5,-2.6093912490055735
2023-07-19,614,625.299988,610.150024,620.599976,616.768433,11128348,1.3886620377844943,2023,07,2023-07,15.149963999999954,1.0749146579804512,599.4200012,562.89300228,460.03075057,1.4207367898213805,628.5,-1.2569648369132904
2023-07-20,622.650024,623.599976,616.200012,621.650024,617.812012,7834891,0.16919884637573057,2023,07,2023-07,7.3999639999999545,-0.1606038643628158,601.4325012,565.13600276,461.14350066,1.4133927519191185,628.5,-1.0898927605409658
2023-07-21,621,631,617.700012,625.75,621.886719,12914610,0.6595312220240451,2023,07,2023-07,13.299987999999985,0.7648953301127215,604.2525024,567.41900264,462.26100066,1.2944919106670383,628.5,-0.4375497215592681
2023-07-24,627.950012,634.450012,626.25,629.25,625.365051,12247844,0.5593288054334798,2023,07,2023-07,8.200012000000015,0.207020937201604,607.7325012,569.6850024,463.38425063,1.1879722129680916,629.25,0
2023-07-25,636,642.5,633.349976,639.450012,635.502136,13988137,1.6209792610250324,2023,07,2023-07,9.15002400000003,0.5424547169811345,611.312503,571.8570031200001,464.59325072,1.1944748682179835,639.450012,0
2023-07-26,640,665.400024,639,641.099976,637.141907,31673714,0.2580286135016844,2023,07,2023-07,26.40002400000003,0.17187124999999526,614.712503,574.25600216,465.75925063,1.1943075484376875,641.099976,0
2023-07-27,647,648.450012,636.75,643.700012,639.725891,11696851,0.4055585863880996,2023,07,2023-07,11.700012000000015,-0.5100445131375556,617.5650024,576.8200024,466.90725066,1.1171476843009662,643.700012,0
2023-07-28,646,646,631.799988,635.299988,633.345520,9299530,-1.3049594288340685,2023,07,2023-07,14.200012000000015,-1.6563486068111477,619.5525024000001,579.35700192,468.02300063,1.1556229833572833,643.700012,-1.3049594288340685
2023-07-31,640.200012,645.549988,635.900024,644.299988,642.317871,7502361,1.4166535762629355,2023,07,2023-07,9.649963999999954,0.6404211063963506,622.2275024,581.74400144,469.26475051,1.1479632907179806,644.299988,0
2023-08-01,645,652.900024,642,643.650024,641.669861,8924219,-0.10087909546879496,2023,08,2023-08,10.90002400000003,-0.20929860465115807,624.837503,584.1670019200001,470.5162506,1.152120879437533,644.299988,-0.10087909546879496
2023-08-02,644,644.299988,616.450012,622.650024,620.734497,15762687,-3.2626426189646187,2023,08,2023-08,27.84997599999997,-3.3152136645962687,626.5575042,586.0500024,471.64675078,1.4056814341076904,644.299988,-3.360230390071023
2023-08-03,623,626.450012,614.150024,618.950012,617.045837,11458920,-0.5942362253887932,2023,08,2023-08,12.299987999999985,-0.6500783306581035,627.4650054,588.0250024000001,472.74650084,1.3489976204587482,644.299988,-3.934498909225491
2023-08-04,624.849976,625,613.299988,615,613.107971,11806739,-0.6381794851633373,2023,08,2023-08,11.700012000000015,-1.5763745504248798,627.3050048,590.02800288,473.84025084,1.1939557459010963,644.299988,-4.547569229506177
2023-08-07,619,619,608.5,609.5,607.624939,9893466,-0.894308943089431,2023,08,2023-08,10.5,-1.5347334410339257,626.8475036,591.84900264,474.90725081,1.209519254214088,644.299988,-5.401208854282951
2023-08-08,612.549988,614.75,605.25,607.299988,605.431641,8863640,-0.36095356849877197,2023,08,2023-08,9.5,-0.8570729087990775,625.787503,593.56600216,475.92250075,1.1456261022370178,644.299988,-5.742666566680117
2023-08-09,610.599976,624,605.349976,622.549988,620.634766,13362350,2.5111148199133506,2023,08,2023-08,18.65002400000003,1.9570934277272256,625.8425018,595.64100216,477.04000075,1.2674915899102996,644.299988,-3.3757566979808793
2023-08-10,623,628.299988,598,618.25,616.348022,53116980,-0.6907056594465768,2023,08,2023-08,30.299987999999985,-0.7624398073836276,625.7225006000001,597.4800024,478.14075071999997,1.2770735690326096,644.299988,-4.043145814865355
2023-08-11,619.75,624.75,610,611.799988,609.917847,9347707,-1.0432692276587165,2023,08,2023-08,14.75,-1.2827772488906841,625.0674988,599.01200192,479.20950072,1.2859061065835435,644.299988,-5.04423414640821
2023-08-14,612,612,594.5,607.349976,605.481506,14492164,-0.727363858660294,2023,08,2023-08,17.5,-0.7598078431372599,624.5099976,600.44100096,480.23825057,1.2763319940174904,644.299988,-5.734908068941329
2023-08-16,606.700012,621.349976,597.299988,618.75,616.846436,14562074,1.8770106940779776,2023,08,2023-08,24.049987999999985,1.986152589692051,624.8424987999999,601.89100096,481.30925063,1.3271306679357453,644.299988,-3.965542212612921
2023-08-17,620,622,611,613.75,611.861816,12119293,-0.8080808080808081,2023,08,2023-08,11,-1.0080645161290323,624.5,603.05100096,482.33950057000004,1.3022621436682233,644.299988,-4.741578235137261
2023-08-18,612.799988,620.099976,610.900024,615.799988,613.905518,11190760,0.33401026476578166,2023,08,2023-08,9.19995199999994,0.4895561453568436,624.2074982,604.00800048,483.36900054,1.3042249279552185,644.299988,-4.423405328388738
2023-08-21,617,623.299988,614.799988,620.5,618.591064,9580365,0.7632367800565815,2023,08,2023-08,8.5,0.5672609400324149,623.9449982,605.22400024,484.40775054,1.307351394579228,644.299988,-3.693929604729402
2023-08-22,621.799988,626.5,618.599976,620.200012,618.291992,8534395,-0.04834617244157693,2023,08,2023-08,7.90002400000003,-0.25731361062682584,623.4924988,606.38200072,485.40200057000004,1.299876711125676,644.299988,-3.7404899035944057
2023-08-23,622.75,622.75,613.150024,613.900024,612.011414,8248333,-1.0157993998877872,2023,08,2023-08,9.59997599999997,-1.4211121637896378,622.2149994,607.37700072,486.36075072,1.2528097537724587,644.299988,-4.718293429488618
2023-08-24,618,619,609.650024,610.950012,609.070435,7096025,-0.4805362249016649,2023,08,2023-08,9.34997599999997,-1.140774757281551,620.7075012,608.35200072,487.33425078,1.2495968749667197,644.299988,-5.176156545264435
2023-08-25,610.849976,616.700012,593.299988,605.099976,603.238403,16075509,-0.9575310393806892,2023,08,2023-08,23.40002400000003,-0.9413113245338001,618.7774994,609.0480004799999,488.23300063000005,1.250100572351603,644.299988,-6.084124279077282
2023-08-28,605.400024,608.5,601.549988,602.400024,600.546753,7479254,-0.44619932359738507,2023,08,2023-08,6.950012000000015,-0.49554011910643725,617.1325012,609.72700072,489.07000074999996,1.228371780047086,644.299988,-6.503176281294601
2023-08-29,603.599976,610.5,603.599976,607.150024,605.282166,6956667,0.7885125847870152,2023,08,2023-08,6.90002400000003,0.5881458153007052,615.275003,610.4740014399999,489.94000090000003,1.1907450842915457,644.299988,-5.765942059896477
2023-08-30,611.200012,612.900024,605,605.549988,603.687073,5676055,-0.2635322303800231,2023,08,2023-08,7.90002400000003,-0.9244149033164663,613.3700012,611.26400144,490.90675078,1.189942352148402,644.299988,-6.014279174563635
2023-08-31,608.799988,609.650024,599.049988,601,599.151062,10544271,-0.751381073431709,2023,08,2023-08,10.600036000000046,-1.281206989774117,612.2875,611.61900144,491.79425078,0.9734330856330284,644.299988,-6.720470092574328
2023-09-01,604.200012,614.900024,601.900024,611.200012,609.319702,10297492,1.6971733777038294,2023,09,2023-09,13,1.1585567462716302,611.9,612.2150012,492.68175078,1.0527748648468787,644.299988,-5.137354744138218
2023-09-04,615.599976,615.599976,606,609,607.126465,8392665,-0.3599496002627721,2023,09,2023-09,9.59997599999997,-1.072120899497886,611.6,613.00800168,493.54100080999996,1.0465211190011088,644.299988,-5.478812456535384
2023-09-05,610,618.900024,608.049988,611.150024,609.269836,8560651,0.35304170771757476,2023,09,2023-09,10.850036000000046,0.18852852459016892,611.6825012,614.03800168,494.43900099,1.0302109743608205,644.299988,-5.145113241877005
2023-09-06,611.150024,612.549988,605.599976,610.25,608.372620,6520064,-0.14726727720786775,2023,09,2023-09,6.950012000000015,-0.14726727720786775,611.8300018,614.88600216,495.37450102,1.0271718815487063,644.299988,-5.284803450904299
2023-09-07,610.900024,616.5,609.049988,614.900024,613.008301,6520293,0.7619867267513364,2023,09,2023-09,7.450012000000015,0.6547716226640711,611.4475036,615.72200312,496.33000119999997,0.8666537694597841,644.299988,-4.56308622498375
2023-09-08,617.950012,628.900024,614.200012,627.25,625.320313,16190749,2.008452678154387,2023,09,2023-09,14.700012000000015,1.5049741596250645,611.8975035999999,616.53400264,497.36075117,0.9672987513888892,644.299988,-2.646280974321543
2023-09-11,634.650024,635.400024,630.5,634.849976,632.896912,8780510,1.2116342766042199,2023,09,2023-09,4.90002400000003,0.03150586818538264,613.0500030000001,617.3200024,498.41150099,0.9612806110990233,644.299988,-1.466709945057459
2023-09-12,638,639,615.25,620.799988,618.890137,12541377,-2.213119403189516,2023,09,2023-09,23.75,-2.6959266457680275,613.7225036,617.9200024,499.39525098999997,1.0852740903062157,644.299988,-3.647369305864398
2023-09-13,621,628.5,619.549988,625.900024,623.974487,6988358,0.8215264334058019,2023,09,2023-09,8.950012000000015,0.7890537842190065,614.0800048,618.6090026400001,500.40775113999996,1.018712365527398,644.299988,-2.8558069754302022
2023-09-14,628.099976,630.799988,623.299988,624.599976,622.678406,5722295,-0.20770857168078022,2023,09,2023-09,7.5,-0.5572361301921146,614.6225036,619.33600216,501.36475096000004,1.0003928786560412,644.299988,-3.0575837912323562
2023-09-15,628.700012,636.5,627.150024,634.25,632.298767,18917805,1.5449926946523018,2023,09,2023-09,9.34997599999997,0.8827720524999743,615.5450042,620.0050024,502.36975096000003,1.0511455818260298,644.299988,-1.559830542787467
2023-09-18,635.900024,644.200012,633.150024,640.650024,638.679077,11108349,1.00906960977533,2023,09,2023-09,11.049987999999985,0.7469727662724541,616.5525054,620.45400264,503.40725111,1.0600570540080594,644.299988,-0.566500708983399
2023-09-20,640.700012,647,637,638.5,636.535706,11777925,-0.3356003932655796,2023,09,2023-09,10,-0.34337630073277026,617.4675048,620.85100216,504.40275113999996,1.0650377015187238,644.299988,-0.9001999236417779
2023-09-21,638.5,641.700012,624,627.049988,625.120911,9266854,-1.7932673453406445,2023,09,2023-09,17.700012000000015,-1.7932673453406445,618.125003,620.82200192,505.34675108000005,1.1225009421305958,644.299988,-2.677324277708973
2023-09-22,628,630.799988,619,620.450012,618.541260,6551917,-1.0525438364253616,2023,09,2023-09,11.799987999999985,-1.2022273885350294,618.600003,620.8020019200001,506.27200117,1.1454458909707315,644.299988,-3.701688102468189
2023-09-25,623.849976,625.200012,617.900024,618.700012,616.796631,6390681,-0.282053342921041,2023,09,2023-09,7.299987999999985,-0.8255132160171718,619.2800048,620.76300168,507.22175123,1.1228737829510314,644.299988,-3.9733007103517086
2023-09-26,618.700012,625.700012,617.950012,619.799988,617.893188,6271108,0.17778826227014355,2023,09,2023-09,7.75,0.17778826227014355,620.150003,620.66100096,508.18525114,1.115037495862471,644.299988,-3.802576510369266
2023-09-27,619.950012,621.900024,616.75,620.150024,618.242188,5960490,0.05647563839579254,2023,09,2023-09,5.15002400000003,0.032262601198242286,620.8000030000001,620.69400144,509.18550123,1.104887655025804,644.299988,-3.7482484013331927
2023-09-28,622.900024,623.799988,612.25,614.099976,612.210754,6768196,-0.9755781288174328,2023,09,2023-09,11.549987999999985,-1.412754480805745,621.2275024,620.73400144,510.17000105,1.128830420857939,644.299988,-4.687259438533471
2023-09-29,618.700012,633,617,630.200012,628.261230,8969405,2.6217288111406876,2023,09,2023-09,16,1.858736023428427,622.687503,620.9260021599999,511.25450117,1.2447140389112672,644.299988,-2.188417858545726
2023-10-03,632.599976,632.650024,618.599976,620.450012,618.541260,6894577,-1.5471278664463117,2023,10,2023-10,14.05004800000006,-1.9206393393856145,623.150003,620.9020019200001,512.2860012599999,1.256824403932565,644.299988,-3.701688102468189
2023-10-04,620.799988,620.799988,608.299988,613.599976,611.712280,7612709,-1.104043173102565,2023,10,2023-10,12.5,-1.1597957698414156,623.3800018,620.65900144,513.26150114,1.2813883911347967,644.299988,-4.7648630407859045
2023-10-05,619,621.349976,614.650024,619.599976,617.693787,7893892,0.9778357618449451,2023,10,2023-10,6.699951999999939,0.09692665589660253,623.8024994,620.46600096,514.27000105,1.2968061659343733,644.299988,-3.833619813756696
2023-10-06,627,627.349976,620,622.450012,620.535095,7922379,0.45998000490562413,2023,10,2023-10,7.34997599999997,-0.7256759170653884,624.4125,620.12600096,515.29875105,1.2983952213526433,644.299988,-3.3912736934584533
2023-10-09,620.799988,622,613.700012,617.349976,615.450745,6381189,-0.8193486869111098,2023,10,2023-10,8.299987999999985,-0.5557364798144963,624.5349976,619.65100096,516.2775009000001,1.304545169221833,644.299988,-4.182836023892649
2023-10-10,620,632.5,617.599976,630.549988,628.610168,9833429,2.1381732425952205,2023,10,2023-10,14.90002400000003,1.701610967741933,624.6999969999999,619.38800048,517.34025084,1.3151892512314838,644.299988,-2.134099061941935
2023-10-11,633,637.799988,632.599976,634,632.049561,7701931,0.5471432980187473,2023,10,2023-10,5.200012000000015,0.1579778830963665,624.6574982,619.36200072,518.45775084,1.292075734864688,644.299988,-1.5986323439136843
2023-10-12,637,640.200012,635.049988,636.950012,634.990479,5928732,0.46530157728706867,2023,10,2023-10,5.15002400000003,-0.007847409733121636,625.4649994,619.2150012,519.62950087,1.1848413346982185,644.299988,-1.1407692281378672
2023-10-13,633.950012,669,633,667.099976,665.047668,28011678,4.733489823688072,2023,10,2023-10,36,5.229113238032395,627.524997,619.68400024,520.99275069,1.565780023832614,667.099976,0
2023-10-16,668.549988,677.799988,661.25,666.200012,664.150513,20005816,-0.13490691536165705,2023,10,2023-10,16.549987999999985,-0.3515034091960779,629.6049988,620.555,522.43200072,1.5645465196916524,667.099976,-0.13490691536165705
2023-10-17,670,670.900024,654.650024,655.700012,653.682800,10263992,-1.5761032439008722,2023,10,2023-10,16.25,-2.1343265671641767,630.6774994,621.29,523.78650084,1.5928389613393765,667.099976,-1.7088838869932677
2023-10-18,658.599976,672.25,653.799988,668.5,666.443420,14908778,1.9521103806232634,2023,10,2023-10,18.450012000000015,1.5031922807115363,632.0699982,622.36,525.15825087,1.632197470135021,668.5,0
2023-10-19,662.950012,672.299988,658.599976,668.799988,666.742493,10633043,0.04487479431562974,2023,10,2023-10,13.700012000000015,0.8824158524941651,633.5849976000001,623.54599976,526.54575087,1.6275243966630093,668.799988,0
2023-10-20,666.650024,676.400024,660.5,663.200012,661.159729,11759568,-0.8373170006695589,2023,10,2023-10,15.90002400000003,-0.5175147192374533,635.3924988,624.6640002400001,527.93225096,1.5778070152649653,668.799988,-0.8373170006695589
2023-10-23,663.650024,667.25,645,647.349976,645.358459,8564004,-2.3899330086260684,2023,10,2023-10,22.25,-2.456121059373315,636.737497,625.16,529.22925078,1.663799502730213,668.799988,-3.2072386939097877
2023-10-25,650,651.900024,636.049988,637.849976,635.887695,8229559,-1.4675214879439495,2023,10,2023-10,15.850036000000046,-1.8692344615384664,637.6949952,625.55199952,530.44450072,1.7034734263044793,668.799988,-4.627693264850958
2023-10-26,635,635.650024,624.150024,626.549988,624.622437,8889373,-1.7715745747711662,2023,10,2023-10,11.5,-1.3307105511811048,638.0324952,625.84699952,531.60775069,1.7576787500358473,668.799988,-6.317284802343627
2023-10-27,630,643.950012,628.450012,641.049988,639.077820,10232856,2.314260677952483,2023,10,2023-10,15.5,1.7539663492063466,639.0774934,626.52099976,532.8850006,1.8279532380895613,668.799988,-4.1492225624860515
2023-10-30,643.799988,643.799988,621.849976,628.5,626.566467,12786883,-1.957723771145283,2023,10,2023-10,21.950012000000015,-2.3765126258436626,639.7974946,626.7159997599999,534.09300063,1.873305657834369,668.799988,-6.025716017207821
2023-10-31,642,642,627.299988,628.650024,626.716003,11395766,0.023870167064443972,2023,10,2023-10,14.700012000000015,-2.079435514018687,639.7199952,627.01400024,535.32625075,1.7793275245523925,668.799988,-6.003284198623514
2023-11-01,630,633.799988,626.299988,627.700012,625.768921,8785264,-0.15111937703513317,2023,11,2023-11,7.5,-0.3650774603174579,640.0824952,627.25200072,536.51750075,1.7423325522690671,668.799988,-6.145331449976038
2023-11-02,632,638.200012,630.099976,636.450012,634.492004,9934305,1.3939779883260541,2023,11,2023-11,8.100036000000046,0.7041158227848126,641.224997,627.57100096,537.63525084,1.7430978752818704,668.799988,-4.837018029372329
2023-11-03,662,666,646.200012,647.5,645.507996,23087856,1.7361910270495815,2023,11,2023-11,19.799987999999985,-2.190332326283988,642.6199982,628.11700072,538.78175078,1.769026619879224,668.799988,-3.1848068753254797
2023-11-06,652.849976,652.849976,643.200012,646.049988,644.062439,10801301,-0.22394007722007958,2023,11,2023-11,9.649963999999954,-1.041585088455297,643.799997,628.76,539.95075072,1.7710617200242416,668.799988,-3.4016148935696453
2023-11-07,645,649.900024,643.299988,645,643.015686,6588073,-0.1625242658467451,2023,11,2023-11,6.6000360000000455,0,645.1824982,629.44099976,541.11825072,1.7571808535612266,668.799988,-3.5586107097836828
2023-11-08,648,649.049988,641.900024,642.549988,640.573242,6551864,-0.3798468217054287,2023,11,2023-11,7.1499639999999545,-0.8410512345679035,645.7824982,630.19,542.26600066,1.7029246335041202,668.799988,-3.9249402618111295
2023-11-09,644,653.650024,642.700012,649.349976,647.352295,10155047,1.0582815542749626,2023,11,2023-11,10.950012000000015,0.8307416149068276,646.549997,631.1289990399999,543.4362506,1.7136646619558653,668.799988,-2.9081956263432254
2023-11-10,649.349976,652.950012,644,651.049988,649.047058,6425792,0.2618021194783282,2023,11,2023-11,8.950012000000015,0.2618021194783282,647.2549958,632.00699832,544.64950057,1.7121943498320253,668.799988,-2.6540072246532396
2023-11-13,653,654,649.299988,653.25,651.240295,3279829,0.3379175240841899,2023,11,2023-11,4.700012000000015,0.03828483920367535,646.562497,632.96099856,545.91200057,1.3283723911213177,668.799988,-2.325058056071614
2023-11-15,660,673.5,656.549988,671.549988,669.484009,11324434,2.8013758897818577,2023,11,2023-11,16.950012000000015,1.7499981818181793,646.8299958,634.37199832,547.25400054,1.4777611971814117,671.549988,0
2023-11-16,674,685.5,670.900024,680.400024,678.306824,17501373,1.3178521566737107,2023,11,2023-11,14.59997599999997,0.9495584569732982,648.0649964,635.75599856,548.61400069,1.4515732065160252,680.400024,0
2023-11-17,682.5,687.650024,679.599976,681.549988,679.453247,9563220,0.16901292760682715,2023,11,2023-11,8.05004800000006,-0.13919589743589966,648.7174957999999,637.20699832,549.91100066,1.3914906452929445,681.549988,0
2023-11-20,682,686.75,670.700012,674.299988,672.225525,8324354,-1.0637517610813896,2023,11,2023-11,16.049987999999985,-1.1290340175953102,648.9924957999999,638.4699975999999,551.18725066,1.415916615219197,681.549988,-1.0637517610813896
2023-11-21,677,683.299988,675,681.700012,679.602783,7291057,1.097437955167223,2023,11,2023-11,8.299987999999985,0.6942410635155118,649.9174958,639.89899784,552.36775069,1.4181606131993136,681.700012,0
2023-11-22,683.950012,687.349976,676.049988,681.200012,679.104370,9279642,-0.07334604535697148,2023,11,2023-11,11.299987999999985,-0.4020761681045193,651.6099976,641.2249975999999,553.55550078,1.2887298618662772,681.700012,-0.07334604535697148
2023-11-23,683.200012,685.900024,677.049988,679.950012,677.858215,5885370,-0.18349970316794414,2023,11,2023-11,8.850036000000046,-0.47570256775698067,653.7149994,642.27899784,554.69475081,1.2285594714472503,681.700012,-0.2567111587494002
2023-11-24,681.400024,681.950012,671.25,673.700012,671.627441,6951690,-0.9191852179862893,2023,11,2023-11,10.700012000000015,-1.1300281374806664,656.0725006,643.05599856,555.8300009,1.1650626011320733,681.700012,-1.1735367257115437
2023-11-28,677.450012,699.450012,674.25,697.5,695.354187,16015860,3.5327278575141223,2023,11,2023-11,25.200012000000015,2.9596261930540764,658.8950012,644.5899988,557.09350096,1.2965312332542005,697.5,0
2023-11-29,702.75,714.400024,694.349976,712.349976,710.158508,16122864,2.1290288172042966,2023,11,2023-11,20.05004800000006,1.3660584845250756,663.0875,646.3189978400001,558.42800078,1.220071820810834,712.349976,0
2023-11-30,716.299988,717.25,697,706.400024,704.226807,24275245,-0.8352568541393395,2023,11,2023-11,20.25,-1.3820974683584601,666.975,647.9549988,559.7500009,1.2572818360351232,712.349976,-0.8352568541393395
2023-12-01,708,711,703,705.450012,703.279724,10565415,-0.13448640539684,2023,12,2023-12,8,-0.36016779661016735,670.8625,649.3789990399999,561.1000009,1.2567697048506397,712.349976,-0.9686199526172168
2023-12-04,716,717,704.799988,705.599976,703.429260,9348036,0.021257920114679148,2023,12,2023-12,12.200012000000015,-1.4525173184357583,674.3199982,650.6779980800001,562.4275007499999,1.248177729050132,712.349976,-0.9475679409582797
2023-12-05,705.900024,714.900024,705,708.950012,706.768982,9601509,0.47477836082013214,2023,12,2023-12,9.90002400000003,0.4320708168725016,677.3924988,652.08699832,563.78850081,1.215153270158816,712.349976,-0.4772884276758865
2023-12-06,709.049988,724.799988,709,722.450012,720.227417,12148825,1.9042245252123644,2023,12,2023-12,15.799987999999985,1.8898560364971098,681.2125,653.9949988000001,565.17150084,1.2448092731264067,722.450012,0
2023-12-07,725,727.5,716,721.950012,719.729004,10451801,-0.06920894064570933,2023,12,2023-12,11.5,-0.4206879999999979,685.0600006000001,656.0249988,566.57600096,1.2421001823491908,722.450012,-0.06920894064570933
2023-12-08,722.049988,727.599976,707.5,714.549988,712.351746,8557203,-1.0250050387145129,2023,12,2023-12,20.09997599999997,-1.0387092479253668,688.6600006000001,657.94199832,567.94600096,1.2760445617474843,722.450012,-1.0935045842313629
2023-12-11,717.799988,726.5,716.549988,720.799988,718.582520,6403209,0.8746763844323234,2023,12,2023-12,9.950012000000015,0.41794372389986717,692.2325012,659.96199832,569.32925093,1.2727766509512228,722.450012,-0.228392826159996
2023-12-12,724.799988,724.799988,713,715.400024,713.199158,6461539,-0.7491626095864966,2023,12,2023-12,11.799987999999985,-1.2969045468582368,695.450003,661.86699832,570.69825102,1.3037259848028036,722.450012,-0.9758444020899241
2023-12-13,716,721.450012,713.5,720.299988,718.084045,5807736,0.6849264517217788,2023,12,2023-12,7.950012000000015,0.6005569832402213,698.8025024000001,663.99099856,572.10025099,1.3040394271798028,722.450012,-0.2976017668057053
2023-12-14,724,724.700012,718.599976,719.75,717.535767,6732352,-0.0763554087411681,2023,12,2023-12,6.1000360000000455,-0.5870165745856354,701.212503,665.78199832,573.48400099,1.1902790918184822,722.450012,-0.373729940501408
2023-12-15,723.900024,734,721.25,732.400024,730.146851,12082079,1.757558040986458,2023,12,2023-12,12.75,1.1741952919178242,703.812503,668.02099856,574.96350111,1.2128688428422685,732.400024,0
2023-12-18,732.900024,734.75,728.099976,730.799988,728.551758,5450397,-0.21846476618903624,2023,12,2023-12,6.65002400000003,-0.2865378538997081,706.275003,670.3649988000001,576.47025099,1.2194231363752779,732.400024,-0.21846476618903624
2023-12-19,732.599976,732.599976,726,728.950012,726.707458,4511101,-0.2531439559903181,2023,12,2023-12,6.59997599999997,-0.4982206005423012,709.0075042000001,672.55199952,577.94900099,1.182651994265661,732.400024,-0.4710556918277784
2023-12-20,730.950012,733,703.049988,705.25,703.080322,8107602,-3.251253393216216,2023,12,2023-12,29.950012000000015,-3.5159739487082757,710.1850036,674.20799928,579.33650099,1.4225258462397297,732.400024,-3.706993870879506
2023-12-21,703,711.900024,696.25,708.849976,706.669250,7702232,0.5104538816022643,2023,12,2023-12,15.65002400000003,0.832144523470835,711.5675018,676.0379992799999,580.79100081,1.4230531821190542,732.400024,-3.2154624833819043
2023-12-22,716.799988,731,712,724.700012,722.470520,12062238,2.236021236741926,2023,12,2023-12,19,1.1021239023793106,713.8050018,677.92099976,582.31100081,1.4892577797578959,732.400024,-1.0513396706278666
2023-12-26,727.400024,727.5,716.599976,719.549988,717.336365,7229143,-0.7106421850038592,2023,12,2023-12,10.90002400000003,-1.0791910559519098,716.0975006000001,679.6319995199999,583.77875075,1.4807591632539743,732.400024,-1.7545105924245634
2023-12-27,728,741.849976,725.150024,740.900024,738.620667,15052800,2.967137288035094,2023,12,2023-12,16.69995199999994,1.771981318681323,718.2675018,681.7109997599999,585.3810008099999,1.4207633613362964,740.900024,0
2023-12-28,742.650024,757.950012,739.049988,753.900024,751.580688,14906199,1.7546226992698815,2023,12,2023-12,18.90002400000003,1.5148454368056412,720.3450042000001,683.4470007200001,587.01050093,1.3978413881306349,753.900024,0
2023-12-29,755,802.900024,754,779.950012,777.550537,41170191,3.4553637313586267,2023,12,2023-12,48.90002400000003,3.3046373509933793,724.0225035999999,685.7220007200001,588.7097509600001,1.5377908158465026,779.950012,0
2024-01-01,785,798.700012,781.049988,790.599976,788.167725,12570717,1.3654675089613248,2024,01,2024-01,17.65002400000003,0.7133727388534994,728.2800018,688.42,590.4662509,1.5413969267462126,790.599976,0
2024-01-02,800.5,804,779,784.400024,781.986877,13791090,-0.7842084730849953,2024,01,2024-01,25,-2.0112399750156116,732.2200042000001,690.7380004800001,592.22725096,1.5671447002435588,790.599976,-0.7842084730849953
2024-01-03,786.049988,790,776.25,781.450012,779.045959,8559060,-0.37608514912539254,2024,01,2024-01,13.75,-0.585201459223223,735.8450042000001,692.99100096,593.95525099,1.5805684071039934,790.599976,-1.1573443306049322
2024-01-04,798,801.799988,791.299988,795.75,793.301941,14298444,1.829929973818976,2024,01,2024-01,10.5,-0.28195488721804507,739.5100036,695.64200072,595.82200102,1.577177720287682,795.75,0
2024-01-05,799,805.900024,787.099976,790.950012,788.516724,11091198,-0.6032030160226183,2024,01,2024-01,18.80004800000006,-1.0075078848560681,742.9600035999999,698.51400144,597.6935011099999,1.5917049878949099,795.75,-0.6032030160226183
2024-01-08,798.400024,800.349976,787.5,789.099976,786.672363,7668471,-0.23390049585081055,2024,01,2024-01,12.84997599999997,-1.1648356363275936,746.687503,701.53900144,599.58225096,1.5621680844313777,795.75,-0.8356926170279648
2024-01-09,799.950012,809.200012,793.150024,799.799988,797.339478,12872757,1.3559767235375022,2024,01,2024-01,16.049987999999985,-0.01875417185443212,750.637503,705.00400144,601.50275084,1.5717756273173846,799.799988,0
2024-01-10,800,811,792.650024,808.450012,805.962891,9980044,1.0815233970721227,2024,01,2024-01,18.34997599999997,1.056251500000002,755.2900024,708.35200192,603.4500009,1.5462734521298942,808.450012,0
2024-01-11,813.5,817.5,808.450012,815.650024,813.140747,11075167,0.8905945813753066,2024,01,2024-01,9.049987999999985,0.2642930547019091,760.0575042,712.0950023999999,605.47450102,1.5473793589337466,815.650024,0
2024-01-12,818.150024,818.549988,809.150024,816.450012,813.938232,7664094,0.09807981075961873,2024,01,2024-01,9.399963999999954,-0.20778731896731145,764.8925048,715.85100216,607.4940011399999,1.543646666812821,816.450012,0
2024-01-15,820,820.400024,810.299988,812.450012,809.950562,4835856,-0.48992589150699895,2024,01,2024-01,10.100036000000046,-0.9207302439024371,768.8950042,719.5460021600001,609.47575117,1.5400860545468233,816.450012,-0.48992589150699895
2024-01-16,812.450012,827,812.450012,818.849976,816.330811,10159066,0.7877363413713574,2024,01,2024-01,14.549987999999985,0.7877363413713574,773.2975036,723.19400144,611.47425108,1.5307135090410104,818.849976,0
2024-01-17,811,813.700012,804,805.549988,803.071777,7895439,-1.6242276839243608,2024,01,2024-01,9.700012000000015,-0.6720113440197306,777.1275024,726.3550012,613.41950102,1.599231366568501,818.849976,-1.6242276839243608
2024-01-18,807,822.950012,797,819.049988,816.530212,11500495,1.6758736516795776,2024,01,2024-01,25.950012000000015,1.4931831474597255,782.8175018,729.8150012,615.4545010200001,1.348730132117498,819.049988,0
2024-01-19,823.849976,826,819.5,823.549988,821.016418,5706888,0.5494170155582738,2024,01,2024-01,6.5,-0.03641294030941197,788.5525024000001,733.3860009599999,617.56425093,1.3483798210760096,823.549988,0
2024-01-23,824.900024,827.599976,796.299988,800.450012,797.987488,9436209,-2.8049270034109903,2024,01,2024-01,31.299987999999985,-2.9639970043206123,792.3400024,736.54400144,619.52050093,1.5186008578844448,823.549988,-2.8049270034109903
2024-01-24,802.400024,812,788.5,810.900024,808.405334,7217542,1.3055171270332888,2024,01,2024-01,23.5,1.0593220022136989,796.9075042000001,739.7750024,621.47100111,1.5001677502444937,823.549988,-1.5360286788080137
2024-01-25,814,814.150024,800.299988,811.849976,809.352356,10109720,0.11714785693481979,2024,01,2024-01,13.850036000000046,-0.26413071253071624,800.4550018,742.9910021600001,623.40900099,1.3962442962088764,823.549988,-1.4206802465523216
2024-01-29,811.849976,843.799988,811.049988,841,838.412720,12823686,3.5905678218557995,2024,01,2024-01,32.75,3.5905678218557995,804.8100006000001,746.7460021600001,625.48125105,1.5384314593451358,841,0
2024-01-30,843,885.950012,842.849976,858.849976,856.207764,19734613,2.1224703923900083,2024,01,2024-01,43.100036000000046,1.8801869513641718,808.7549988,750.49200192,627.58725096,1.4315291370221055,858.849976,0
2024-01-31,865.200012,896.5,865.200012,884.200012,881.479858,24562392,2.95162562826922,2024,01,2024-01,31.299987999999985,2.1960240102262043,813.4350006000001,754.5680016800001,629.70175108,1.5234148416108324,884.200012,0
2024-02-01,900,900.150024,876.299988,878.5,875.797363,14505885,-0.6446518799640114,2024,02,2024-02,23.850036000000046,-2.388888888888889,818.1399994000001,758.50700192,631.80075102,1.5171828052831113,884.200012,-0.6446518799640114
2024-02-02,886,895.75,876.849976,878.75,876.046570,13003437,0.028457598178713718,2024,02,2024-02,18.90002400000003,-0.8182844243792324,823.0049988000001,762.59600216,633.86700102,1.5064383723126944,884.200012,-0.6163777342269494
2024-02-05,934,950,915.349976,926.799988,923.948730,38686871,5.467992944523469,2024,02,2024-02,34.65002400000003,-0.7708792291220573,829.5574982,767.49800168,636.15350096,1.8445712433998003,926.799988,0
2024-02-06,936.400024,941.299988,928.400024,939.549988,936.659546,12714803,1.3757013557492623,2024,02,2024-02,12.899963999999954,0.33639084998570595,836.9874970000001,772.6650012,638.4905009299999,1.8193093324517782,939.549988,0
2024-02-07,944,944,928.049988,933.799988,930.927185,7913010,-0.6119951118556132,2024,02,2024-02,15.950012000000015,-1.0805097457627135,844.2224976,777.7420007200001,640.79450087,1.83340364366015,939.549988,-0.6119951118556132
2024-02-08,937,939.700012,918.799988,924.299988,921.456421,11576253,-1.0173484816964893,2024,02,2024-02,20.90002400000003,-1.355390821771613,850.4474975999999,782.75400024,643.0690008400001,1.8760017417665484,939.549988,-1.623117470573583
2024-02-09,926,927.400024,906.049988,915,912.185059,7904881,-1.006165543734702,2024,02,2024-02,21.350036000000046,-1.187904967602592,855.7749970000001,787.10400024,645.2600009,1.913843788330028,939.549988,-2.612951765585035
2024-02-12,916.099976,925,908,911.599976,908.795471,7286778,-0.3715873224043749,2024,02,2024-02,17,-0.4912127625686129,860.5724946,791.08900024,647.46200072,1.9258520354665158,939.549988,-2.9748296904879545
2024-02-13,911.599976,919.099976,894,906.900024,904.109985,8574218,-0.5155717555657263,2024,02,2024-02,25.09997599999997,-0.5155717555657263,865.0949952000001,795.09900024,649.62050078,1.938695517075235,939.549988,-3.475064064393342
2024-02-14,900,919.950012,894.349976,918.299988,915.474915,6570939,1.2570254381203936,2024,02,2024-02,25.600036000000046,2.0333319999999984,870.387494,799.35599976,651.84425078,1.9289758607522196,939.549988,-2.261721065553353
2024-02-15,923.700012,927,916.349976,920.549988,917.717957,6430799,0.2450179711861218,2024,02,2024-02,10.65002400000003,-0.34102240544303797,875.4724946,803.655,654.05600066,1.930481354523433,939.549988,-2.0222447174359393
2024-02-16,925,948.799988,924.099976,938.599976,935.712463,12826164,1.96078303571712,2024,02,2024-02,24.700012000000015,1.4702676756756725,882.124994,808.2479992799999,656.34100051,1.878380412914942,939.549988,-0.10111351307898853
2024-02-19,942.950012,942.950012,931.049988,932.599976,929.730896,4632214,-0.6392499630747913,2024,02,2024-02,11.90002400000003,-1.097622977706696,887.8024934000001,812.45099856,658.57925033,1.89179783823951,939.549988,-0.7397171080587588
2024-02-20,934.450012,934.650024,920.400024,926.349976,923.500122,4733639,-0.6701694360755591,2024,02,2024-02,14.25,-0.8668238959795791,892.9424928000001,816.53899784,660.8097502100001,1.9153311629845515,939.549988,-1.4049291861626862
2024-02-21,926.349976,937.200012,916.5,921.049988,918.216431,6011018,-0.5721366802302357,2024,02,2024-02,20.700012000000015,-0.5721366802302357,898.9724915999999,820.66899784,662.99650009,1.7651760396498801,939.549988,-1.9690277511876249
2024-02-22,924.650024,933.849976,914.599976,932.299988,929.431824,6437014,1.2214320771480212,2024,02,2024-02,19.25,0.8273361597836237,905.0424897999999,824.89899784,665.2540000900001,1.7638043433335189,939.549988,-0.7716460106005557
2024-02-23,933.099976,939.799988,929.400024,937.400024,934.516174,7047473,0.5470380849130768,2024,02,2024-02,10.399963999999954,0.4608346490837399,911.3199922,829.3389978399999,667.55550018,1.7587542124532807,939.549988,-0.2288291232461763
2024-02-26,937.099976,945,930.700012,936.950012,934.067566,5600234,-0.04800639945364618,2024,02,2024-02,14.299987999999985,-0.01600298835136823,916.1174928,833.67199832,669.73775024,1.6315149685471106,939.549988,-0.2767256700768506
2024-02-27,936.75,965,935.5,962.700012,959.738342,12810206,2.7482789551423794,2024,02,2024-02,29.5,2.770217453963172,921.3099946,838.5309985600001,672.03300033,1.6687549452251822,962.700012,0
2024-02-28,966.150024,976,950.299988,958.049988,955.102600,15219187,-0.48301900301628237,2024,02,2024-02,25.700012000000015,-0.8383828389782294,925.0024934,843.04399784,674.27575027,1.5871564975774255,962.700012,-0.48301900301628237
2024-02-29,959,959.25,942.900024,950.200012,947.276794,10346657,-0.8193701892724172,2024,02,2024-02,16.34997599999997,-0.9176212721584969,928.587494,847.4319983199999,676.4687503,1.5937548891634745,962.700012,-1.2984314785694633
2024-03-01,958.950012,980.400024,956.700012,977.400024,974.393127,10645369,2.862556478267021,2024,03,2024-03,23.700012000000015,1.9239805797093013,933.5199952,852.4009985600001,678.77600036,1.6820734677984437,977.400024,0
2024-03-04,993.25,995,980.099976,987.200012,984.162964,6084495,1.0026588663149025,2024,03,2024-03,14.90002400000003,-0.6091102944877911,936.5399964000001,858.0399988,681.05775054,1.2300752711108427,987.200012,0
2024-03-05,1027,1065.599976,1005.349976,1021.900024,1018.756226,59811033,3.514993069104624,2024,03,2024-03,60.25,-0.49658967867575166,940.6574982,864.30099976,683.56150054,1.4067351743417187,1021.900024,0
2024-03-06,1025,1030.650024,1009,1017.650024,1014.519287,14214823,-0.41589195617828856,2024,03,2024-03,21.65002400000003,-0.7170708292682898,944.85,870.16,686.07225066,1.3997542728046333,1021.900024,-0.41589195617828856
2024-03-07,1025,1047,1014.049988,1039.300049,1036.102661,16877082,2.12745290516496,2024,03,2024-03,32.950012000000015,1.3951267317073115,950.6000030499999,876.55500122,688.7265008449999,1.4040481671696814,1039.300049,0
2024-03-11,1034.75,1035.949951,1021,1028,1024.837402,7502450,-1.0872749415217189,2024,03,2024-03,14.949951000000056,-0.6523314810340662,956.2500030499999,882.2970007399999,691.241750785,1.409031703026229,1039.300049,-1.0872749415217189
2024-03-12,1027.800049,1037,1011.299988,1016.5,1013.372803,8763820,-1.1186770428015564,2024,03,2024-03,25.700012000000015,-1.09944040292607,961.4950042500001,887.5490002600001,693.711750785,1.445390302517427,1039.300049,-2.193788889160338
2024-03-13,1019,1021,963.549988,973.200012,970.206055,16564155,-4.259713526807672,2024,03,2024-03,57.450012000000015,-4.494601373895975,964.81000365,891.4140002600001,695.9352508449999,1.7923083115035123,1039.300049,-6.3600532939068435
2024-03-14,964.950012,982,955.400024,967.75,964.772766,22931801,-0.5600094464446035,2024,03,2024-03,26.59997599999997,0.29016922795789185,967.2825042500001,894.9570007399999,698.173000785,1.790960657821343,1039.300049,-6.884445841106657
2024-03-15,968.400024,979.75,940,945.849976,942.940125,23390913,-2.262983621803155,2024,03,2024-03,39.75,-2.328588128989974,968.54750365,898.18599978,700.3280007850001,1.8790176380816745,1039.300049,-8.991635581073659
2024-03-18,945.849976,974.799988,936.650024,972.450012,969.458313,12121719,2.8122891235343275,2024,03,2024-03,38.149963999999954,2.8122891235343275,970.24000545,902.00599978,702.5980007850001,1.9310739765235425,1039.300049,-6.43221724701371
2024-03-19,968.549988,970.599976,951.599976,957.75,954.803528,9483750,-1.5116470583168664,2024,03,2024-03,19,-1.1150676923037641,971.4975066499999,905.24599978,704.7795007249999,1.9605386198227714,1039.300049,-7.846631882531543
2024-03-20,960.900024,965.150024,921.200012,940.450012,937.556763,13900321,-1.8063156356042793,2024,03,2024-03,43.950012000000015,-2.128214329194357,972.2025084500001,908.2359997799999,706.887750845,2.0016260756159245,1039.300049,-9.511212579573344
2024-03-21,951,969.25,946,964.900024,961.931580,11074207,2.599820478283966,2024,03,2024-03,23.25,1.4616218717139884,974.39501025,911.75200074,709.080751025,2.07049787998823,1039.300049,-7.158666553666247
2024-03-22,964.900024,986.200012,950.349976,979.799988,976.785706,13638296,1.544197702289616,2024,03,2024-03,35.850036000000046,1.544197702289616,976.77001025,915.3520007399999,711.303750905,2.0796795467714353,1039.300049,-5.725012815812921
2024-03-26,977,995,976,986.200012,983.166016,9461531,0.6531969869752673,2024,03,2024-03,19,0.9416593654043005,979.2100096500001,918.90700074,713.5552508449999,2.0805609604723565,1039.300049,-5.109211440054491
2024-03-27,991.599976,995,976.700012,978.650024,975.639282,6640537,-0.7655635680523581,2024,03,2024-03,18.299987999999985,-1.3059653402008493,981.2950102500001,922.1670007399999,715.717250965,2.0925696074959648,1039.300049,-5.835660746707029
2024-03-28,982.5,999.900024,979,992.799988,989.745728,9862996,1.4458655957688868,2024,03,2024-03,20.90002400000003,1.0483448346055964,982.80000905,925.69400026,717.902500905,2.029683399587109,1039.300049,-4.474170961960569
2024-04-01,1000,1009.849976,987.450012,992.25,989.197388,8629407,-0.05539766384445049,2024,04,2024-04,22.399963999999954,-0.775,984.51000965,929.29000002,720.0240008449999,2.02464816427878,1039.300049,-4.527090039615686
2024-04-02,999,1008,993.400024,1004.650024,1001.559265,7995931,1.2496874779541476,2024,04,2024-04,14.59997599999997,0.565567967967971,987.2325102500001,933.00600098,722.2487509050001,2.022949043347979,1039.300049,-3.3339770390023253
2024-04-03,1004,1014.450012,992.549988,1009.150024,1006.045471,8040366,0.4479171743890785,2024,04,2024-04,21.90002400000003,0.5129505976095647,988.8200102500001,937.0780017000001,724.483001085,1.9318707463911653,1039.300049,-2.9009933203611267
2024-04-04,1016,1017,998.150024,1011.599976,1008.487854,9138276,0.24277381377735954,2024,04,2024-04,18.84997599999997,-0.43307322834645967,990.0400084500001,940.92900146,726.720250845,1.9222412796524384,1039.300049,-2.6652623587050344
2024-04-05,1011.599976,1012.5,1004.400024,1007.099976,1004.001709,4519120,-0.4448398682049791,2024,04,2024-04,8.09997599999997,-0.4448398682049791,989.3000060500001,944.60000122,728.944750665,1.7527508300452133,1039.300049,-3.098246077346233
2024-04-08,1010.049988,1016.400024,1004,1013.200012,1010.082947,5188052,0.6057031223680662,2024,04,2024-04,12.40002400000003,0.31186812904551314,989.07750545,948.85500122,731.159250785,1.7566614369644207,1039.300049,-2.5113091282072992
2024-04-09,1021,1029.5,1005,1008.5,1005.397400,8539041,-0.4638780047704949,2024,04,2024-04,24.5,-1.2242899118511263,987.5375029999999,952.8070007399999,733.359500725,1.6850349920231005,1039.300049,-2.9635377223002464
2024-04-10,1012.25,1021,1010,1013.5,1010.382019,4554077,0.495785820525533,2024,04,2024-04,11,0.12348728081007657,986.8125029999999,956.84000122,735.5780007850001,1.675187208295177,1039.300049,-2.4824447015878035
2024-04-12,1014,1029,1013.5,1018.5,1015.366638,11575194,0.493339911198816,2024,04,2024-04,15.5,0.4437869822485207,986.9125029999999,960.3900012199999,737.840250845,1.6601597526777079,1039.300049,-2.0013516808753606
2024-04-15,998.099976,1006.950012,978.5,998.799988,995.727234,12632409,-1.9342181639666192,2024,04,2024-04,28.450012000000015,0.07013445715181695,988.1925018,963.18900146,739.918000785,1.4064718050185312,1039.300049,-3.896859337105637
2024-04-16,990,1004.900024,982.099976,992.799988,989.745728,9574762,-0.6007208722553569,2024,04,2024-04,22.80004800000006,0.2828270707070692,989.4450012,965.36100098,741.975000605,1.4075661903383436,1039.300049,-4.474170961960569
2024-04-18,996.349976,1003.099976,966.25,971.349976,968.361694,13540490,-2.160557238040581,2024,04,2024-04,36.84997599999997,-2.509158488703572,990.7200012,967.2180005,743.985000605,1.3985308268368266,1039.300049,-6.5380611754402
2024-04-19,964,967.950012,944,963.200012,960.236816,15381310,-0.8390347661881195,2024,04,2024-04,23.950012000000015,-0.08298630705394033,990.2575012,968.90700074,746.002750545,1.2634533746679926,1039.300049,-7.322239335331729
2024-04-22,978.75,978.75,966,973.549988,970.554932,7187959,1.0745406842872807,2024,04,2024-04,12.75,-0.5312911366538968,991.0475006,969.8420007399999,748.031250605,1.236995859259521,1039.300049,-6.326379091703474
2024-04-23,976,994.5,974.049988,986.75,983.714355,7994116,1.3558638141547608,2024,04,2024-04,20.450012000000015,1.1014344262295082,993.3625,970.7860009799999,750.099500725,1.1828832245679617,1039.300049,-5.056292362399374
2024-04-24,992.400024,995.900024,988,991.650024,988.599304,4671450,0.4965821129972161,2024,04,2024-04,7.90002400000003,-0.07557436334765746,994.7,971.9430017,752.124500725,1.0485913093446626,1039.300049,-4.584818892854678
2024-04-25,992.5,1003.299988,989.5,1001.25,998.169739,8366455,0.9680810535633053,2024,04,2024-04,13.799987999999985,0.8816120906801008,995.7725006000001,973.48200194,754.153000785,1.0154350535285321,1039.300049,-3.661122602333289
2024-04-26,1007.799988,1008.950012,996.599976,999.5,996.425110,7937500,-0.17478152309612985,2024,04,2024-04,12.350036000000046,-0.8235749254642762,996.4375,975.1720019400001,756.196500845,1.009121847266285,1039.300049,-3.829505159582644
2024-04-29,1003.049988,1005.75,999,1000.599976,997.521667,4764750,0.11005262631315353,2024,04,2024-04,6.75,-0.2442562214556365,997.5349976,976.9520019400001,758.242250665,0.989685247191305,1039.300049,-3.723667004272409
2024-04-30,1005,1019.450012,997.5,1007.900024,1004.799316,9047011,0.729567077263258,2024,04,2024-04,21.950012000000015,0.28855960199005276,998.2899993999999,978.97200194,760.340500785,0.9512266464232395,1039.300049,-3.0212665755392374
2024-05-02,1020,1030,1011.549988,1027.800049,1024.638062,12695047,1.9744046558331971,2024,05,2024-05,18.450012000000015,0.7647106862745043,1000.06750185,981.16200316,762.4755010900001,1.040165961883691,1039.300049,-1.106513947638619
2024-05-03,1038,1040.199951,996,1013.400024,1010.282349,11871773,-1.401053153676189,2024,05,2024-05,44.199951000000056,-2.3699398843930606,1000.50500185,983.0190038799999,764.45150115,1.065440334534863,1039.300049,-2.49206425275555
2024-05-06,1015,1019.799988,1005,1016.200012,1013.073730,5724760,0.27629642132315413,2024,05,2024-05,14.799987999999985,0.11822778325123301,1000.8575012499999,984.5710046,766.4392510900001,1.0627441724522995,1039.300049,-2.222653315779833
2024-05-07,1016.200012,1017.950012,982.049988,988.549988,985.508789,8877426,-2.720923408137101,2024,05,2024-05,35.90002400000003,-2.720923408137101,999.70500185,985.69000484,768.2395010299999,1.2269483367937495,1039.300049,-4.883100029566146
2024-05-08,986.950012,1015,977,1012.099976,1008.986328,7519352,2.382275887499175,2024,05,2024-05,38,2.548251045565614,999.95500185,987.4050048400001,770.19275085,1.343423875414327,1039.300049,-2.6171530566337897
2024-05-09,1011,1043.199951,1007.299988,1030.300049,1027.130371,19189798,1.7982485358738882,2024,05,2024-05,35.89996300000007,1.9090058358061273,1000.8100037,989.5900060600001,772.241000975,1.3956152784781637,1039.300049,-0.8659674372823974
2024-05-10,1037,1050.349976,1030.400024,1046.650024,1043.430054,13383183,1.586913930157455,2024,05,2024-05,19.94995199999994,0.9305712632594051,1002.7175049,991.87700678,774.349750975,1.427520905996785,1046.650024,0
2024-05-13,1005,1008.700012,947.200012,959.75,956.797363,58974762,-8.302682081627701,2024,05,2024-05,61.5,-4.502487562189055,1000.0300049,992.3240063000001,776.0560009750001,2.37284374967034,1046.650024,-8.302682081627701
2024-05-14,965.099976,968,953.25,964.650024,961.682312,16325689,0.5105521229486878,2024,05,2024-05,14.75,-0.046622320090073166,997.3375061,992.8780065400001,777.8187512149999,2.373128505053981,1046.650024,-7.834519478308444
2024-05-15,970.950012,972.950012,945.099976,947.299988,944.385681,19668239,-1.7985834829565137,2024,05,2024-05,27.850036000000046,-2.4357612346370754,994.7625061000001,992.57000606,779.452251275,2.3682314526444412,1046.650024,-9.49219258795909
2024-05-16,953.200012,954.400024,919,936.400024,933.519226,31240770,-1.150634871537648,2024,05,2024-05,35.40002400000003,-1.7624829824278248,991.9425079,992.13700678,781.026001275,2.3758596989883887,1046.650024,-10.53360698150617
2024-05-17,944,953.400024,941,945.700012,942.790649,13205512,0.9931640070098913,2024,05,2024-05,12.40002400000003,0.18008601694915416,990.6600097,992.04700678,782.6257513349999,2.347868544500599,1046.650024,-9.645058967676478
2024-05-21,954,956.650024,948.700012,951.299988,948.373352,10055258,0.5921514147131014,2024,05,2024-05,7.950012000000015,-0.2830201257861651,990.0650085,991.52500606,784.236001275,2.3461783472151674,1046.650024,-9.110020906090387
2024-05-22,952,954.900024,942.549988,947.5,944.585083,9495279,-0.3994521231929191,2024,05,2024-05,12.350036000000046,-0.4726890756302521,988.7625091,990.73100582,785.7762512149999,2.332602130243809,1046.650024,-9.473082857350608
2024-05-23,950,963.450012,945.049988,962.349976,959.389343,11211074,1.5672797889182026,2024,05,2024-05,18.40002400000003,1.2999974736842073,987.5425079,989.5400048600001,787.3825012149999,2.340055629167121,1046.650024,-8.054272781443137
2024-05-24,962.5,970.950012,958,960.549988,957.594910,9590588,-0.18704089415387326,2024,05,2024-05,12.950012000000015,-0.20259864935065092,985.9875061,988.39800414,788.966751095,2.3359006632853436,1046.650024,-8.226248891769007
2024-05-27,964.900024,966.450012,952,958.5,955.551208,6916555,-0.21341814852013563,2024,05,2024-05,14.450012000000015,-0.6632836398395643,983.8500061000001,986.78200316,790.582751155,2.3215028204315638,1046.650024,-8.42211073221167
2024-05-28,959,961.900024,946,947.549988,944.634888,6618946,-1.1424112676056353,2024,05,2024-05,15.90002400000003,-1.1939532846715344,981.2525055,985.17300292,792.099001155,2.3312013510014036,1046.650024,-9.468306857842297
2024-05-29,946.950012,950.5,938.799988,943.599976,940.697083,8184019,-0.41686581710980036,2024,05,2024-05,11.700012000000015,-0.3537711555570523,978.4025055,983.7150024399999,793.598750915,2.3300170045178974,1046.650024,-9.845702540202689
2024-05-30,943.5,951.450012,921,923.950012,921.107544,10170912,-2.0824464285488657,2024,05,2024-05,30.450012000000015,-2.072070800211975,974.2050049,982.7300024399999,795.105250855,2.3515161577104573,1046.650024,-11.723117487837559
2024-05-31,931.650024,937.25,920.099976,923,920.160461,14289102,-0.10282071407127329,2024,05,2024-05,17.15002400000003,-0.9284628108376488,968.96500245,981.8350024399999,796.625500795,2.2857663671254507,1046.650024,-11.813884408796424
2024-06-03,963,963,934,950.450012,947.526001,12314329,2.9739991332611067,2024,06,2024-06,29,-1.3032178608515042,965.81750185,981.92700316,798.302750855,2.402433628935027,1046.650024,-9.191230095457392
2024-06-04,948,948,855.400024,903.900024,901.119263,26554598,-4.897678721897894,2024,06,2024-06,92.59997599999997,-4.651896202531643,960.2025024500001,980.5560034,799.7747509750001,2.607829687317985,1046.650024,-13.638751896689394
2024-06-05,924.950012,933.75,890,929.950012,927.089111,13752553,2.881954564479576,2024,06,2024-06,43.75,0.5405697535144202,957.27250365,980.00000364,801.3880010949999,2.6627680634625404,1046.650024,-11.149859965034503
2024-06-06,940,946,931.200012,938.25,935.363525,11792640,0.8925198013761608,2024,06,2024-06,14.799987999999985,-0.18617021276595747,953.5800048499999,979.9560034000001,802.9665011550001,2.6048652968964148,1046.650024,-10.356854871671988
2024-06-07,940,973,935.25,970.5,967.514343,15577866,3.4372501998401277,2024,06,2024-06,37.75,3.2446808510638294,950.5900024,980.06800292,804.727751155,2.6998857337350546,1046.650024,-7.275595686605557
2024-06-10,977,984.900024,969.099976,975.150024,972.150024,9258931,0.479136939721796,2024,06,2024-06,15.80004800000006,-0.18935271238484847,947.0150024000001,979.9750036400001,806.544501335,2.671148950812758,1046.650024,-6.831318813403094
2024-06-11,973.799988,992.549988,966.650024,987.099976,987.099976,14828702,1.2254475420081556,2024,06,2024-06,25.899963999999954,1.3657823129897169,948.3825012,979.99300292,808.4432513349999,1.914752416284836,1046.650024,-5.689585499880527
2024-06-12,994.5,1010.25,987,988.700012,988.700012,17527993,0.16209462454693097,2024,06,2024-06,23.25,-0.5832064353946692,949.5850006000001,980.1940026799999,810.293001395,1.912961130028764,1046.650024,-5.536713387587904
2024-06-13,1002,1002,980.75,985.849976,985.849976,12157226,-0.28826094522188045,2024,06,2024-06,21.25,-1.611778842315372,951.5125,980.05500244,812.153501275,1.8614958940229245,1046.650024,-5.809014150464497
2024-06-14,990,997.25,981.400024,993.400024,993.400024,11591421,0.7658414752550605,2024,06,2024-06,15.84997599999997,0.3434367676767707,954.3625,980.07800292,814.041501455,1.8365929917322652,1046.650024,-5.087660514877129
2024-06-18,1000,1003.549988,984,985.900024,985.900024,9845075,-0.7549828688145874,2024,06,2024-06,19.549987999999985,-1.409997599999997,956.3725006000001,979.70300292,815.868501575,1.8440537066085725,1046.650024,-5.80423241838095
2024-06-19,990,994.900024,975.150024,977.349976,977.349976,7605719,-0.8672327611181863,2024,06,2024-06,19.75,-1.2777802020202051,957.675,979.0670019600001,817.6542513950001,1.8575692299366724,1046.650024,-6.621128974435495
2024-06-20,980,988.400024,976.349976,978.25,978.250000,7299571,0.09208819993873212,2024,06,2024-06,12.05004800000006,-0.17857142857142858,959.2125,978.40000244,819.476001275,1.8531404803351987,1046.650024,-6.535138052984942
2024-06-21,979,980.900024,958.099976,961.799988,961.799988,14303735,-1.6815754663940727,2024,06,2024-06,22.80004800000006,-1.7568960163432088,959.1850006000001,977.49400268,821.230251155,1.8671267574522348,1046.650024,-8.106820241185037
2024-06-24,960.900024,963.5,950.049988,958.049988,958.049988,6655577,-0.3898939537104673,2024,06,2024-06,13.450012000000015,-0.2966006794480052,959.0600006000001,976.3910021999999,822.9950012149999,1.8688252765218312,1046.650024,-8.465106192936947
2024-06-25,960,962.849976,949.299988,955,955.000000,7304128,-0.31835374335394123,2024,06,2024-06,13.549987999999985,-0.5208333333333333,958.8850006,975.3210022,824.7580010949999,1.869613877291492,1046.650024,-8.756510953846787
2024-06-26,956,962.5,950.099976,951.849976,951.849976,6908988,-0.3298454450261812,2024,06,2024-06,12.40002400000003,-0.43410292887029606,959.1,974.0880017200001,826.481500855,1.8522669179562197,1046.650024,-9.057473446348487
2024-06-27,952.5,974.849976,948.049988,972.099976,972.099976,19385412,2.1274360992367143,2024,06,2024-06,26.799987999999985,2.0577402624671883,960.525,973.1600012399999,828.314250795,1.9059041850498208,1046.650024,-7.122729306888169
2024-06-28,975,998.5,972.549988,989.75,989.750000,23025267,1.8156593391377711,2024,06,2024-06,25.950012000000015,1.5128205128205128,963.8149993999999,972.97900148,830.2580007949999,1.8626696221214911,1046.650024,-5.436394467612416
